0,1,2,3,4,5,6,7,8,9,10,11,12,13,14,15,16,17,18,19
168.1201822018069,167.22356475660615,168.29745523054163,167.08443596737453,168.88649673118306,170.76853173512714,169.16836979871832,169.92760481278302,164.01152395483703,166.7166494795463,169.26070957525218,165.89588740248428,170.34979648902984,167.6778529193077,166.1945172102715,167.68707303171087,173.06439702423458,165.0493223947722,164.46379690740855,164.48112697679113
149.00338477852048,153.10561684540713,149.97635725602993,154.3070104410574,147.44544753504542,150.86240564555087,150.1307910429724,147.6763957312867,150.01258504090168,148.92975699512508,148.84083181067706,145.65025299818336,148.33330741620736,148.0704660592163,147.17440930776482,151.13033908289296,151.18468912190536,149.53446275235888,150.39546062449142,144.7137179855196
132.11625317558781,133.28189940882055,127.4407874592379,132.324047325869,132.30321889534986,132.39092495924834,130.55976871092915,131.22340402725357,128.22721109988652,130.9881946308908,131.04687565701585,126.61447872155343,132.5761974893759,128.08013167699033,129.60768664668208,132.44611341663514,132.3129674170554,129.9284939028301,130.12028836487434,127.28009012976824
112.82461904955916,115.5727825908586,112.7305794972171,112.90438171214964,116.58555290219057,117.10125544982293,113.50942638004699,115.24700226374492,112.74714910040977,116.87522660301838,114.9165117807651,111.49093287600859,112.16760422261957,109.82359515463217,112.33831746437961,113.65710353086682,112.36821302155332,112.83773840349713,110.71759799132715,107.59548001134107
111.15088130486954,110.69609319740775,109.33840730146031,109.36822214163885,113.42302646761402,111.01153644300283,110.57335427748909,109.94677645954862,107.87635523293464,111.08725017385416,108.83622818495441,107.86809333094087,110.31575193059801,108.26738461474415,106.35758658713986,110.2617521703224,109.66117921893,109.28919613181009,109.67726308465276,107.68848799354708
111.32664866190264,112.89988223959742,114.04556274755934,115.12309101050471,114.50434645974747,109.6797321020318,113.37649875439409,115.5505799595284,110.30674770583212,113.78956422141191,113.58149773456744,112.70508354362575,112.2438833533858,107.69425511230901,109.87336064735459,111.94535035933015,112.80839335368755,110.62534230450376,114.4855416109139,108.29871597544184
108.07159597462037,110.25105076313338,112.63487351628487,114.5932169211826,111.85894341088895,111.89041529141915,108.11408171044744,110.56225024012132,106.35914894199948,110.27158692543703,110.62981960278044,108.2692659562342,110.43896244139408,106.8312772575067,106.74422952347358,113.33115560464267,108.63218867477526,108.03394049209302,112.9232739680195,104.63182293106632
115.83456124983682,115.68468331408789,114.80898778759095,119.79149971500209,111.05766590543989,116.01884601013035,111.6047843573717,113.75084318939928,112.4467508053407,116.3032147040622,110.87377715670664,113.6466791288559,115.56739428881484,112.60264083437241,115.45978923236461,116.02289308400812,113.34540880075029,116.1730490926993,111.72472135876735,112.71312787557159
115.43576819860816,118.04782549724722,114.67919829153661,119.17235629758946,114.78393884057968,116.86664374480853,115.00311008596988,118.01092757235166,113.0051477498941,116.49167911020159,115.60202869192061,116.52265534815757,116.69382928270555,111.31430283577187,118.11404533043259,118.37848512028039,115.75854996465677,115.6966377497618,114.2296689879387,112.96362794051134
111.73766506413544,114.19209029252416,110.18356573636865,114.96663479986265,111.98721904573537,115.21294029422634,116.49515288091528,114.42983007415513,112.18129269263417,113.41362263303922,112.7475646679278,115.15994025828472,115.91281109583015,110.53256949512198,108.88981940506851,114.70575504905293,114.95373702453857,111.49468852182176,115.74539211080477,107.49739860230486
103.3840133331848,107.37439086885173,102.56581261553443,102.10607530528789,102.50859724450034,106.19867394479606,105.91695670807378,104.59734466043973,99.83220945877945,103.12410913899845,106.64040376242318,101.20389450049466,102.0784811132374,104.03129003039517,100.14117559925775,103.26477182309438,106.33413695218339,107.13457072247755,103.18705022689777,98.36913786153772
92.07831921147559,98.57712852261918,94.15315444999763,94.34039003472137,92.69287015148173,94.73691666128504,91.56583729112982,94.13751206487936,93.1034079994335,94.93617818835506,94.88861728796005,88.27140213948806,93.06701749403508,92.87133016323904,90.74713601062285,92.69463404480004,96.17826738745616,95.35443117715471,92.69901166799913,85.7625429594687
88.95245255688461,88.52925049185065,86.81654925707923,90.81561383903171,86.74484073398735,88.53484708451016,85.37888801146256,85.47213472860932,84.00745018908852,86.31994704937534,86.72152057775895,85.41967891769225,86.37812146581865,84.9350569154768,83.37663612969214,84.57055847278136,87.96531392432836,86.13125352915307,85.74952520701993,80.62836081530503
83.80980738207839,85.34055294084617,81.17729174415105,86.28603236455037,85.24541642098048,85.24119483165762,82.43175590475126,84.26574409054477,79.88835710929038,82.24159729083387,82.30744983970317,80.95404324970355,84.08117987260059,80.65792112307822,76.2705356350815,83.5210155434465,82.56901770253066,82.84052067726816,84.05839236878937,76.72039809528115
81.47541332900593,80.90507015519603,78.5323026828679,79.41971886265904,80.10636780042427,78.74724415680517,78.42183222568802,79.03061860615409,77.28298812658515,79.60085134170555,76.53317868130395,78.06180471419738,79.45680588079422,76.35886323207873,76.73384368581875,80.25681098358457,77.88407397850617,78.12544476324237,75.91751292236039,64.62974789827973
75.34503678510701,76.29916006519147,75.35885650184886,77.57499464065631,80.5605110722693,72.7785576563461,76.05241773050707,85.8147502897388,74.21107076582054,73.93963316671994,83.94559280867556,73.18510932584427,73.24029015371472,70.44092268862467,71.54105196068478,76.61433567374088,83.99465478187697,80.3962842184252,84.23550023304395,69.67338783690303
82.87459104456705,82.89863943310694,79.99816447566559,82.14887285429278,82.3129213974863,82.4691183375899,80.43593356398455,81.83681682557534,80.11111025337095,79.34199913050603,80.7651574689964,78.92964282286333,81.89142590576596,77.28508542410792,76.90154693487817,81.55572398307605,79.95377882351602,79.14410479681473,79.78367935183606,77.64435740140834
91.39908103488233,91.90920346823047,92.04987680782469,93.21403086030327,94.77571616511422,94.39230021118122,92.09375763255446,92.41544614463275,91.42374955873044,93.17494125963375,91.87124814894064,89.27435797075988,91.7243386941694,88.75685755569582,88.49753218045933,93.62740658231918,93.75201605086588,93.09381454602902,90.03713797700365,90.56721504177784
102.53576615000323,102.48097425690278,100.21180589927685,100.98241350631443,100.96980730838986,102.559868884207,98.93497895733684,101.62728267508103,96.50571492075488,101.21189325886384,102.74294161472969,97.89300163648657,96.0105562612618,99.1025136445093,96.33483365223871,100.37182351352463,101.9792093192341,99.28926713954519,99.76906732949114,94.37108565502402
108.11154889711646,110.50569906178457,107.888190613387,111.4587718237387,110.53581148635396,110.20930988143344,108.22457047692752,109.4011975041023,106.39767812806005,109.15936191549459,110.6588228063551,110.23258982741498,109.50860485853796,105.81295008793917,104.29142406072515,111.20156763301253,109.69770730242233,109.68418427881457,109.07380003835823,104.68753437966302
114.32396035656511,112.19386131663761,110.75772742679953,112.3209106660647,110.93694796134032,113.70631537324442,112.67170084627321,113.1352754012942,107.93256850980936,113.11573749729834,111.75655817828897,111.18440572681146,112.62364062678186,111.19808927017081,108.43806262310915,113.14852074972623,112.79334197815434,111.2513426279053,111.75457838401779,108.33672813263377
111.27281371926681,111.01393928361736,107.47420697650965,110.74446007012389,111.97945410210976,111.96787367117477,106.54282707219974,112.27020304052148,107.43396731578423,110.82060627768217,109.88581839893406,106.36944629654081,111.16457090714553,109.10723329784727,106.50465645809967,112.23601584126985,110.99571873223847,109.432430088095,108.47929613453503,107.59858486557516
115.73111666716369,115.59474037577479,111.76737821235884,117.99206328689692,114.92793424794442,115.80578027800539,111.22480535393773,117.09566678501373,113.05599144575659,113.96750513903692,113.38677571594155,112.15627235905916,112.77519696178956,115.55929055315848,112.24338971543541,117.58550168964568,115.31546216233714,112.50874178132136,114.19501207622041,111.31618567219186
115.62395935855251,114.7385382068665,111.61100602937161,116.88791557263667,111.79810631024412,114.14369480737166,110.59598339766566,112.51794131105389,111.28660398093014,113.11065632929389,111.39642165965988,111.45295223657286,111.83153259229327,112.72761977347092,110.54534916986225,114.96060315723189,111.63888918318257,109.56378258989986,112.18687145392721,110.46429413318597
112.93785239177231,112.13078998550348,108.88379530138533,113.79305837344516,111.42198715206752,113.08280717119825,111.6988768315926,110.69388181361765,107.53963293947587,111.94788285043744,108.77124155490351,107.9123287040771,110.56296047465302,108.0890289081697,108.2255131008199,111.23882170795467,111.13229799958705,107.61963671296428,110.9136934266943,109.40708452348883
110.58153296282315,112.7234165221182,107.4080975179233,112.48710842106686,109.1163293147839,111.5628903138798,110.28821898451166,110.60740507465309,105.87055761371458,112.40372876683507,110.2400525397051,106.95378833401547,109.40030579643326,106.0005206157739,105.16892153283577,111.40198049867351,109.60685850288846,107.14501502173411,109.34045570170058,105.91536728507182
110.6097003891936,112.21760507245043,109.54313652389428,111.96083526694584,110.84744053619784,113.73574809798679,110.7973077378039,109.76563147393361,108.50574366855818,111.97754552940928,108.33041897839892,106.48491477862143,110.90486093228992,107.34838680875863,107.26909019918473,112.3027916160973,109.04870938163869,106.75401083952363,110.2113480166517,106.58228600145904
109.5233590752185,112.23464521017821,109.84866597369926,113.60002725848464,115.48837765639678,113.93997872607463,111.5934476914526,112.21703308801533,110.0752917952668,112.99766114820508,108.15551215630157,106.02314870197786,108.94506211996699,107.44669469908827,109.80996561478517,110.93426325122785,107.65419362860213,108.53965966059206,113.49674017604968,107.9522706452129
108.75486701601463,110.34155220397355,108.49760831634094,113.00801540059335,113.95442145148814,113.30556255727916,109.50090154633692,109.80043213034985,108.22536793476941,110.39858127066861,107.93202934230202,106.97387091412546,107.06378406510596,106.45581443222063,107.76333955854695,110.93426325122785,106.48633206962694,108.16817491828962,111.09377008023594,106.88092991136924
107.86651661295022,109.78191470219005,109.348808819392,112.76702137276084,113.24978869069307,111.86842318242925,109.98509408368129,110.00392359367271,108.22536793476941,109.27100617519635,107.3986142490793,106.97387091412546,109.0729953206979,106.54301506930685,110.9801030781778,110.92107688527962,107.69729613686657,108.47704627116659,110.75327355854161,105.32089753618709
110.99977706380905,110.2436818408659,110.18870485072222,113.72838561602059,115.58256355323468,115.01481058646567,110.80557105817178,111.70572214660778,109.84021597528739,114.12583382343375,111.41000556275552,110.4707423374652,111.21297749074533,110.46292459600157,110.25819560871075,113.20756320856404,110.57868770243891,109.14053797542962,110.78371197757549,106.66034704659643
113.44071731575995,112.31377919081908,112.9105438138997,115.56051516200229,114.97293915969696,114.56928401425485,113.2005453739523,114.1248356958008,110.96891279432198,115.16835201954775,111.09117321858511,111.73090388111926,112.8577257164927,110.1755371006565,111.0150551242324,113.30320716587225,112.2080441909377,110.99858323721745,112.07545163389469,108.8514299621065
111.20701953657736,112.98342925929268,111.64604737218401,114.36269606985151,111.69508638070768,114.64561684293834,112.09110518499993,111.70039214109349,109.38878626649459,111.7721975436096,110.94893835392416,110.511422089241,111.62596531049984,110.43043552723702,108.1132420809181,111.24365290979887,110.99258851078845,110.33024279364852,108.80601272100303,106.45685705910543
113.44941500359892,115.23972803472823,112.65611083546717,114.90313965417438,112.77080135755045,114.31014403779825,112.13893989294017,116.23284466083493,113.2765879592804,114.7004015156182,113.30912886411915,111.50210959286524,114.0615629611695,111.60438231553323,108.95471886200838,112.54007965233939,113.71537267343263,110.2947909118028,110.30781525729924,109.97197702189104
113.01037879826245,115.65101794104248,114.2160471260899,117.01567565644599,114.12035844693682,116.8949347969376,112.10109917522847,115.44170132161085,112.600443574431,115.52952340257843,113.861324084604,109.98089947724422,113.3052835233595,111.51034847005026,110.12112280264732,113.89742917061103,114.5385675486357,111.11900747662497,113.08590162041436,111.1935631805298
110.97223740490487,113.15668412442639,110.7504692520516,115.51910447416999,112.52963760468081,111.3676630232105,107.69201275548905,110.37554036547695,110.92118336190975,112.52074017928012,112.39352688040675,106.93234075746236,112.95041134379053,108.0372481034274,107.15383692039245,111.83848561772152,112.28741033667369,106.36703965013834,112.0870823387181,107.86598926712074
107.99395016705019,109.34784762797435,106.84576604719567,111.63388853968083,108.04805874085179,110.15789119622518,104.77015677394668,108.18992361312355,106.00277947165227,108.36289636139428,107.1308329908253,104.91244063587705,109.66447156305578,105.74943483928881,106.01448102806697,111.34702092264205,108.18902197827407,106.07729356434902,108.21040070661817,103.99025845969805
105.69938357279052,106.44067442845767,103.68707776875901,105.45800986467046,104.2075273934006,106.32271456879897,103.4025999264435,106.15120039092629,103.92868349288887,104.85783292605416,101.49101911721696,101.41947593882615,104.43267257136353,99.09573373270902,102.54780113155725,105.96904449902327,102.298666466552,102.95992328250873,104.59721298207826,99.49986147277139
101.71084042686489,100.63042421276947,97.29549250444423,102.404663734612,99.16114492180641,99.82008323209814,95.2778919453407,98.92544363735885,97.8324285720005,98.61431132689417,97.83376884892103,97.12678944083062,96.5779270421831,97.00449628012412,94.69239358796133,100.65382707377029,97.27348415793792,97.16458763131806,97.9995938554481,95.90929313920242
96.26413516643362,95.76862838640078,91.83044870811905,94.05373031621887,94.88385804805158,94.99112558979436,93.0070534659584,94.95049445018313,90.78026214250987,94.50592346999896,92.90432498555576,92.81567984013813,92.35423561945382,92.00123282786059,91.13331265845412,93.73226890321556,93.33253312468207,90.76291138174031,92.97718614984115,90.71765826781632
94.19630550290194,94.24848842210199,91.65896077171837,93.07914992666021,94.04454670516316,94.16319308476234,92.70247611592208,93.06137166818264,88.85685538067706,93.1732205097657,92.57620420958469,90.01712854018548,92.0469021906403,89.07540908558414,89.98273697449794,92.42585221865794,91.6624534164798,89.23180762150753,92.22230965875471,89.05904147876865
82.28316510564852,84.62231099299306,82.14214839380928,86.24213489384493,85.3060872674341,85.68872685951094,79.60264088304649,82.4446281619573,81.62342614142341,85.88064689166043,82.9981688438978,81.24116310574912,83.24318769135142,79.43760196165196,79.16445297753584,86.17416525002811,81.12538449447948,83.13160675960546,83.29528056012005,78.14124573692106
81.33418083866637,82.70622024961807,80.1327588158109,84.33958532539941,82.76835448821065,83.62201509724613,78.16514389462485,79.38508732970492,79.99758487867972,82.448469573643,80.05873370555277,78.62922816590047,80.91954585695316,77.56734059024468,78.35508406892733,82.09967152054301,79.66849490812946,79.73286360550921,81.58863865029085,77.35372496489873
81.02282086014776,82.70622024961807,80.88075749004366,83.72383305356404,83.67720376473603,84.7204052532773,79.79781451875166,80.83805366212295,81.4606602982999,83.53342248640017,80.86845904749731,79.59231277726327,80.29593396570007,78.52062418275852,79.1901995471908,83.23811569268811,80.54406315600178,80.61766691021538,81.55264560585653,78.9221943428116
79.98192582975011,81.75683453049004,80.34758547411344,82.10424507811491,82.24371980323579,83.10225935855375,79.2440762072298,79.44838787521861,79.30589887175528,83.19666595223809,77.9466351320156,79.22359481178636,80.58161416840647,76.60590200831926,78.65310045935657,82.06848692532137,80.13721575922187,78.52990994288143,79.8083517481633,77.13804503775296
82.41406796317659,82.62142017863638,81.74459313703021,82.27460743770763,83.39761337809593,83.47170735693545,81.25244198383447,79.99465667680082,80.53002457659814,84.25310673962815,81.67179477513749,79.51947360065972,81.72718944682929,78.98715693380261,80.40787941890224,82.12471843406992,81.79932814665004,79.69578859932156,80.74478879245238,78.9206275411801
83.17096451406604,83.27782699462165,82.32376599290168,84.04115900497506,83.64701946332696,84.45801754569426,81.87902487590449,80.53825890967298,81.11986551735703,85.09374130002278,82.33965616809408,80.69935704444423,82.50230976299277,79.67143220793253,80.47173559675754,82.36022629363711,81.97026117302227,81.25425645244226,81.37132055542797,79.5703786088931
84.96850524103716,83.86609925575183,82.93736239356102,86.42912007272767,85.09036123537776,85.28196804193449,82.60455969511992,81.84049729474117,82.81824764397061,85.64385148922476,83.26376844209304,82.3305966571198,82.95793637305151,82.06317002410898,80.47173559675754,85.14026555387731,83.42585117152721,81.52114135877036,83.12776734121647,80.26554150640263
87.48561215484118,86.35938075442219,84.12009324830152,90.15062803865317,88.08053007263011,86.60719705268637,84.23671858797813,83.0244266841602,84.39979959221178,87.40418265784854,84.80318693857613,83.76551003668432,84.91855853893719,82.52379390334956,83.7510074721692,86.04695066776864,85.15647224874293,84.96168548840419,84.57397677747488,82.03110099082127
88.55794736914578,87.81947468636467,85.84123518730675,91.9390166326246,89.22207731669924,89.94821431312015,86.08380097739278,85.39852144120597,87.70389229451007,89.25038732510144,86.519476427158,85.86870564562484,87.36728792021648,86.37531776236095,84.84294864218444,86.7352964531512,87.0319301604616,86.99117900809708,86.37003014970854,85.47429143539082
88.74265651897633,90.35003609442293,87.86900044837478,92.70939967544051,88.42534488607691,90.41924092314221,87.12431488553737,86.04840959498043,87.73367989124397,89.88381100291987,87.46862270576311,85.42494402629508,86.92035884385497,85.70831485716666,85.32283705907084,88.60001324012552,86.84226265625051,85.57612086235622,86.99342299153777,86.26211775967755
90.64965158690069,91.97258821974462,90.24276100273342,95.89809358843387,91.15696717362525,91.08378304323071,86.52107100897788,88.44228507601075,89.92594616293216,91.48575712918382,89.71338072312061,88.46910735530152,90.16780703144794,90.43632410616141,88.3654484687682,91.26883712529427,89.18734123311175,90.07999645816005,90.44059550147993,88.26509332624008
89.96120465960841,89.81201849069589,89.90701545295144,93.25331782223785,91.66088290886016,90.10282217506264,86.88766450847788,88.47629559253862,88.04460839360011,89.38027787081413,87.90923924801017,88.05708863129236,88.45600836517941,88.16863223564548,89.43904861792836,90.78164259275695,88.37430596551063,90.03723141994593,90.97349032611288,83.8802263273947
94.66757736552846,94.14815731320236,91.73057701498041,94.42589531389699,91.68809830670395,94.8996630574529,91.4448175265685,90.8033948520798,88.86537149432309,93.49202487722664,91.85227763366206,89.98462618434303,91.73212754207923,90.80120160118575,91.00506683650555,91.76774827120856,91.62407911926162,90.04899781444306,91.88099605417358,88.29103579144353
92.89619591327012,94.9292334390358,92.1794585238094,93.47346550762144,95.1590636362185,94.76262109922973,91.54721607805189,93.33772303476583,90.56263921660344,94.5930861397115,93.755354771086,91.32030129462815,91.38997551264673,89.28108590500726,91.01921978263837,92.54750440717144,91.566418838214,90.70351582764272,93.05592090922087,89.39495974087822
94.69823381410049,97.55391182496086,94.6416674450336,97.38945650995717,98.3484953857776,97.6382361073803,95.58525841829739,95.62253406064701,92.18907672060503,97.25261712526007,96.60628038897588,93.27506687820171,95.82932780154961,92.78151773722567,92.67234842211116,96.52355884584699,95.82794180563914,93.68004831433839,94.38814127949522,92.52720710127033
98.55923403874306,98.46127849871867,96.62411468568723,97.42280782165699,98.05558984538153,99.55483854261652,97.29384670229284,96.62910995934405,93.15475204741024,97.96473293601456,97.10667965053838,93.34986832411221,96.75717526775661,93.87085561865183,93.88791875182943,97.69512084915178,96.06553719443345,94.22719963267332,96.002723257819,93.49771779962973
99.10522479553288,98.49335129646857,97.39640948833976,100.16050044751954,98.54586182401363,100.32952811936725,97.7824069624332,97.45051818923827,95.55393189125549,99.1349300639139,97.19701051933582,96.74825173537052,97.74405057814494,95.77607788950499,94.77791272191065,99.05080431812145,96.55159394860357,94.42235753516997,96.12182370373893,93.67585703318082
103.68892698887024,102.86387019574796,101.28296175299626,104.17927590861304,102.33888659302193,103.54548075112751,99.97027803327425,101.55286715223217,100.22974118355478,102.26395367003514,100.9518615446348,101.0723938260966,100.43864211224664,99.49679379816868,99.99819121192586,102.19368059669826,100.00351161661078,98.78434438015799,100.82150817162255,98.51138232334682
104.37379140527132,105.81938183091134,101.85386429369136,105.70848999947793,102.39104013547802,104.29013297716695,100.38879242325777,101.6028151126902,99.93758278210416,102.73207005774783,100.9518615446348,100.51885644743646,100.90899284314267,99.96236724170433,99.77163213723492,102.26912653747878,101.51358892842785,100.53177988480473,101.69341149405366,98.59047442199031
105.0462579287844,103.7572587811206,104.699730867998,106.3642990474371,103.77323877656781,104.79251508008319,101.79433344241843,102.55953217477763,100.61689877556053,104.04522002937276,101.14437375331768,101.30647883827662,101.2600349027183,100.25464713147583,100.24657800084366,104.16755302162902,103.66564228316632,101.40254880778375,104.59832916456075,99.65886481946941
106.07029881440637,106.07665771614279,105.94427451905385,109.60945856544049,105.89977178216044,106.01559974829405,102.62685330908428,104.69697743215872,104.24426809320124,106.97249122404926,106.3889239556651,105.22774120554436,103.36412718176103,103.43586891660954,104.6718327399771,108.51526255520268,103.36101371422177,103.29300926075851,107.07173810404032,101.1627888927446
106.07029881440637,105.57876869429242,105.64024399433315,109.4393568052756,105.05288074346548,105.56959740838974,101.31598090172511,104.50477257520295,102.06464032577252,105.91494816386229,105.23389975012604,104.42715055067971,102.47630806140701,103.34023997444116,104.41709581770834,107.10967564605293,101.98388328174393,100.41259051254335,104.6263311869423,98.78465444035916
102.54824166982404,104.29604531022929,101.86160827073255,105.18696544060091,102.21060318598451,103.64290782120295,100.72586271172288,102.4115065725722,99.29229423598,105.07431360346766,103.84913347292051,102.04432437729446,101.39433568027653,100.06893226166059,100.56611956225667,103.96731711852813,100.51353567380171,98.92292437869983,103.77824091078452,97.73546672449422
99.19254462976768,101.34524409145803,99.87651800048886,101.64170814614475,100.56866088229286,102.1018722464388,98.59749197595193,100.43182550655577,98.08799249206439,104.37433247702197,99.73007964966625,98.29101851231339,99.64011240557805,95.94251308674872,100.18015068009585,102.30883888154837,98.8310582625376,97.19542936050266,101.93986546146338,96.1263122782207
99.86830196215156,98.77059210085798,96.68128424482468,101.64170814614475,100.56866088229286,102.04824461260793,98.32385598022883,98.44198717808081,98.3282693982777,102.93297271459338,98.8669376974601,98.13461755428615,98.6747049862971,95.94251308674872,100.18015068009585,101.01454644464046,98.12550564770223,97.19542936050266,101.93986546146338,95.79631008202247
96.60467040949102,97.62644427174087,94.35571064338639,98.51937544607335,97.74326846270141,97.51343399791521,94.66172614335872,95.26097697580614,93.32300086504338,97.413584264383,90.9275667633266,96.11283846372892,94.36117936410969,92.38129826713717,93.03085259261843,97.70048092869884,92.9381738867783,92.70669348058175,98.03692219122993,90.98221565316251
98.46519517258416,96.82275379350133,94.55905564478353,97.93866875223699,96.81863850810262,99.90405848988637,95.23787862102529,97.70639784528706,94.1919905243654,99.25254555246315,93.73992014850799,94.72501490625999,96.24599104257096,92.39903091603267,94.2957055285804,96.183706222513,95.10359044485791,94.21931405277297,96.57544789559562,91.60259018541564
97.96023783364886,98.66740729825993,96.20364023180895,97.42280782165699,97.49948697817638,97.99301670847574,93.40371490370141,97.1642804391178,95.77687825986298,98.23871035344635,95.99720731203097,94.36542556198526,97.71968777882611,92.25665585779268,95.83781934383336,96.40190665733348,96.12691013341833,94.74009002397258,95.64828680302574,92.89874626093732
98.54786353168748,98.3862682409773,96.04688325676099,100.14653550415818,97.80832772410105,98.32796552977557,93.53040872043626,97.2111146886821,94.61939056877178,98.45506634696343,97.08602205972093,94.4289760586527,97.75175291010147,93.77347571726452,94.1511694446897,96.76595080419433,96.53701052618368,94.14995380602872,95.0626596569709,92.52934089663171
99.38995683764327,99.77808580273194,94.72908215658165,102.404663734612,99.96094828218204,98.40291034888607,94.63034940909775,96.82522015219487,95.12221988598287,99.28284162353539,98.33436567237969,95.96208898970251,98.42467846445862,94.23373651324641,96.0485523110085,99.23740057674716,98.07132739826069,96.47017557788007,96.48882857133292,93.30838321456284
100.72222668688768,100.8513700290158,97.16595854749269,102.71695312873064,98.7069306868059,99.42265796217544,96.85822103058771,99.44151764144277,97.32787480787415,99.89623003745005,100.27586252206574,96.73701948470969,99.15040284169136,96.70044528304004,95.45550705736096,98.98812044788106,98.73706402068916,96.92969527431549,97.26404672259444,95.05509935480671
100.97127899669556,100.8513700290158,97.50084735432414,101.2944356213772,98.30912731237812,100.86031369430114,97.5410790525691,99.6448637831745,97.35251660753168,99.319146071834,99.45220058051167,97.41020779944165,99.15040284169136,96.42226270684041,95.27021532216614,101.1278859960103,98.95650987501143,97.84777856762261,97.26404672259444,95.05509935480671
98.31093255418396,95.9796367579026,95.72586098652168,98.8752504582816,96.0725665181374,99.16913772884068,92.91886424261018,97.58226787408174,93.5452234752195,95.64016179344162,93.0419751727954,95.70945517343662,96.41456965605434,91.61907567656915,93.7214935825884,98.89565929221278,94.90804315332436,96.3402304051152,94.81132719590741,91.30415460612761
92.41345628458248,93.41621186144195,91.83447960745289,94.54123258386801,94.79989056383135,93.38653528741754,87.67187124730509,92.4242222864802,92.51019428080457,92.99224806427785,91.56724719734727,89.37058334289895,92.52282242406206,89.19447359861431,89.96493907915769,93.94588927878327,91.80678061387565,91.82164669943396,93.17969008948346,87.61098005247158
91.00792494235417,91.28539515438369,89.93402125082227,93.43345155570303,90.92125970355106,90.64065271058566,87.2907867915043,89.52390806289752,91.19043065466698,90.56642865847635,88.13625545853114,87.54721317881558,90.95352867199394,88.31336002431685,87.06191270236769,91.77239700633184,88.35329405324613,90.35523040686397,88.65471159375807,85.97988673582921
89.95762869455238,89.43459648677404,88.09368603576337,92.03897544404337,89.45128791999866,88.69842719431078,85.32452750614685,86.40672564409451,88.2125495894866,87.50786127718334,86.84865243172423,86.07627540917937,85.44863804658891,86.35921140403424,86.14585229032743,89.75247757431605,87.03761131862079,86.77069825127822,87.78934176220996,84.74813376126465
89.59016594863648,89.03138006883786,87.90641715033809,90.97138267890492,89.3486632377485,88.69842719431078,85.29228585806214,85.19385185571076,87.34623883267805,86.86011966756742,85.62768445022853,85.86078421931988,84.13430270758401,85.80723253880494,83.39186836393225,89.36224602711987,86.47846682684562,87.07387643123974,87.38303620291057,84.65163252052932
87.00468761477715,86.42700350916787,85.8050879941707,86.98569610915526,86.28666529781856,86.7236860830796,84.38474569823865,84.0872212229754,85.9061079686941,86.23506340874398,85.38271851246061,82.54232393919462,84.05405713568565,84.57994815750516,82.51972249167221,86.00054109285301,83.83583356606451,84.37507997139835,84.33352705498322,81.52073502915445
85.62981186929684,85.70127162826407,85.79188781588343,86.0111157195966,86.28666529781856,86.3518663173538,84.14627477992012,83.47687351982962,84.89156834003703,85.2272439811759,85.01699109148521,81.46445716982353,84.18302168315046,81.61754687475624,83.21160078888501,85.32111403692922,83.78945042138928,83.58085332545713,85.11068904990628,81.48010010407151
82.28709681139019,83.79708543680474,82.06582301440777,85.49130024915401,84.62532507377048,84.31445349471164,81.31038785677207,81.86294383090117,82.80647358584466,84.33186485918058,81.61222742389043,80.50779601471963,81.78153592566488,79.25062329553576,80.81397141025728,84.06393172374885,81.14757510174645,82.54662489398518,82.68490014143259,78.3497866398641
82.0525828017904,83.0095568847684,82.45646034908106,84.22074068967125,84.72826592251347,83.7698238584235,79.6241394360196,80.95431723761804,83.14439957114293,84.79653631031958,78.90718012896725,78.11462609483324,80.56484505170954,79.76762513409264,81.24849330261091,85.36182828998646,79.30591436831756,81.36792146756338,81.87874304018408,78.04665189161679
80.59717818829445,82.28993689679743,80.25714899864374,82.71326023515991,82.00390170803934,80.55402438698992,78.40093757582994,78.61874419455957,80.80996940026338,80.41734648195721,78.85745702578338,79.73509289884564,81.15283587951377,80.92390775471218,82.92788916781745,85.82569524864405,81.30723849790674,80.44515605796968,82.20278508573014,77.01074312968566
88.19904064105305,87.19164116037386,87.66699849897066,89.49045381749345,87.65719306624952,86.24126285174086,85.36923575694863,83.57260978712787,85.18284931962349,83.42923178493979,86.7787916016734,87.79235223819263,84.49904514332444,85.14816150004086,86.69538143333986,88.18757320494515,86.64167091419458,85.49793535480538,88.3187900102555,83.98797811293056
92.18054747346562,94.578146018453,94.50437458989863,95.37641988426542,94.1747904404874,93.76954352407051,93.87468889509618,94.4772777565612,90.63326614048815,93.73295273534738,91.80156707968281,92.22298586021616,92.20755795394936,89.0068392093329,90.07814109263347,92.59195037556894,92.69132228074982,91.62984919072508,94.77222787570372,90.3734680078044
99.35945870317468,103.74002454185337,100.54623887196922,103.29774540667688,103.39252280929402,100.14086196995774,99.55652630494832,98.88367786571189,98.42852305809063,101.19523748253447,100.14781592488461,96.55319549107794,101.27073373507137,95.93015293594632,98.87367585239573,101.3415443939964,99.75853078043944,101.45081634063499,100.21681976976001,97.12961012916492
105.70912668935715,106.20926153946897,105.45214557193758,106.57830783262571,104.67484023924474,106.32476328419644,108.63126929583046,112.80510015484886,102.3916982754627,104.31376179689495,104.47420655606979,102.86552174215645,103.86215389395282,100.9009507804868,101.60639343443911,105.16789599968762,116.9651883163787,104.82772818825134,112.90294450969937,101.02331893125285
125.60660770970239,124.97533912129843,123.28012772994303,122.88845622724725,123.99974440820196,123.04188552694673,123.41296612300637,121.38974063226708,120.5842186802902,125.67093600561383,121.85567980420737,111.05300365030268,123.29806231254754,120.72066127069388,118.06434067428341,122.04995218236458,122.43666373912036,121.68362067650932,121.01146774913428,108.25465510500521
135.66993190841924,136.02620994678279,137.29840410884876,137.98646366282418,133.4513719213717,133.19183032035343,131.39507824095008,135.53591445989068,129.9729223247693,136.64208721901562,133.70214503542064,130.04866852704345,135.95638382617926,132.9130555030574,133.93369629625167,134.56351582852432,133.57832975390093,132.75979398374977,132.91932986366123,128.51691099695333
140.9913818051201,141.38255036661295,140.4934474226417,145.59851665484342,139.99910199066048,141.18147188574483,140.9107535151085,143.02731061243807,135.39047517592599,143.0035836134962,140.4730446340696,138.900109580287,141.07263599662323,137.38987942947065,137.16478763594577,140.8477244011758,141.73623503299842,140.02961973322613,141.36052449993844,134.3471813168534
143.3010447860938,146.04324588004735,142.40315585186508,146.47697613950612,143.33515559840615,145.01961597061427,145.1567954485156,146.9334629342365,140.20131328229235,145.71156454389111,144.5555000686685,140.96440338370604,142.6317360025436,141.61853405817183,142.9845032159654,145.07654591002645,142.95086612037474,143.59188965408438,144.25522311675175,138.33153049988252
147.7339243094276,151.1872693631069,149.15720680611295,149.99393616676417,150.3680049065442,149.3768191693134,153.5163258188549,149.36179413894254,145.61786619617175,151.29748393113636,149.46552601660565,147.39419454506154,149.45809844450898,148.5898324067781,148.40445693073596,151.05032385291582,149.01513651775554,148.91563315212665,149.0155723313163,143.27206167759857
156.61337705709005,156.6661867061919,156.8951907806369,159.2396303943809,156.67248903377217,157.7262723684142,159.99467241472354,159.00738778871698,156.10127692701266,158.97480951631502,155.73828586834506,157.37115949016945,158.554603572295,154.19356340010822,153.39846973018743,159.17183249070013,160.56204310936246,156.39629003905338,156.23044508603954,151.9928422197767
148.5447066510068,154.52616131600638,151.7216779857859,153.33968880334476,150.02488729482909,151.79044756444895,152.0223773399643,152.89442697983736,148.97709733362288,152.22719880834123,150.71934450749131,148.451634369021,153.70274295588868,149.5656293290767,150.26502830487652,151.01862767348862,151.35866953526988,149.45235498265575,148.34152810944255,149.22028452654658
142.6859056937142,148.24536895806276,146.70863651698073,148.52889275441572,146.49980264682875,148.1450691478986,144.13101445275794,146.2966807395285,142.5842276715752,146.63781258627844,148.0758995008552,146.50548481435865,147.49215200361763,145.93420724728938,143.31476548466944,149.72813217979174,144.54420183014233,143.79046129844156,146.0898217164844,142.43711783635578
139.06495106988876,144.04198961114335,139.1619524173787,144.41916085333384,143.74599993043873,140.24336569338658,141.2842647255844,143.7241792800388,138.69993732541357,147.21788154314467,144.09267558429994,139.53848991896592,137.66357820903957,139.48918564588433,139.22302966985956,143.78699480481484,145.07328333077328,140.68272500756026,144.38820864487602,136.9944043240139
131.62219171169477,131.34987312675537,133.30222751002285,133.14313246911087,134.94457889311866,135.05893119450315,131.41268807032574,130.64558847809667,130.49070399480993,132.861054453255,130.4377745088626,129.05106238613132,131.53860223136172,130.42313386350023,130.86066227284584,133.51052675936208,129.4533011797705,132.86652573650198,132.9653632324479,129.6998537435694
121.89420356176839,122.31253880047306,118.29389848555633,123.01466854993399,124.75423306765539,122.70202312521971,122.25306121258458,124.68246889690045,119.07920720162168,124.40139235196318,123.35275136804339,119.98586592927211,122.44993153085814,119.17106272675244,121.14685003432362,123.56061820721189,123.1472785343869,118.63144397107209,118.14460778746891,117.25553946268093
121.25923803086299,125.82668308249504,120.04933236639842,123.05855385330364,122.7708700589235,122.16065876650657,122.30212029910525,126.41432404353945,119.35086506805156,122.38675417730187,119.36634540804558,121.26632823322205,120.11988892013312,119.92690963740708,120.13938996439857,122.57384069979906,123.09840187775812,122.11600736747724,121.47746518147805,115.48117912408728
126.68276077263988,128.70172719280083,127.45045524022144,132.01092672378658,125.67993150130074,126.8048033197546,123.53957975521251,124.09765144053907,125.77639229919205,124.7373164355459,126.13436682351353,125.03419600048342,124.75243370179426,124.44770652798447,120.98695636615518,124.6219047041819,125.64196334718153,125.87694991067747,125.49880686763225,121.58891051310371
133.1914595291605,139.48789834440532,130.98134270715903,134.6004709850764,133.54140658780716,135.5201956481385,131.28835503971703,133.35083087011188,132.58634969535467,131.35595976992823,133.6326361288893,130.15746422243834,132.49537804613138,132.21572340209244,132.23451141787987,132.9127607451275,138.3077047842739,132.35906845592726,126.96952006062446,128.12470603557819
151.92748393860725,148.67961995346892,150.14312970157883,154.83379011851497,151.33996420322387,149.22995492190444,151.81735160386137,150.47902899371937,148.85815394012525,151.8518715350225,150.28180453463804,146.29732336123033,149.1314640150563,148.04008849166982,144.15731326989936,151.54526799275445,150.8148871181361,149.44375011894564,147.3789597553815,145.81715414991407
165.99718684906097,164.2286225937386,166.38802178760517,164.54017743905413,163.9266985584482,169.428268306741,167.83022970223942,166.74715331055663,160.30927962875245,164.7265566536477,163.50035613431345,163.44850269589963,163.75465461216464,162.51831709491714,159.8346253965954,165.77938845893686,166.07356125712766,161.12441580012037,166.6339626229843,159.82915432838305
167.79340066605863,167.03450619305906,166.71601740338224,165.88434553495802,166.79225963585515,166.06217574515915,165.1267110921264,166.51917125464186,163.81005603818738,166.68499509888733,166.43874964008302,162.3778815333566,166.88426605865314,162.83024422706814,164.73410672484874,167.598680357977,166.26329823534496,164.54702462201257,164.27924501659913,163.0510405448895
169.97898524891346,169.94508611394647,168.7335094446642,169.8468822669211,169.41782721659098,169.60518781884954,168.2694965595142,169.1051054949589,169.29734859906495,168.23637137463768,167.1627096799862,166.41610165645147,167.35491924286038,166.73580116664579,166.90919637618092,168.03847171811177,169.21364243403664,167.93200346395307,166.8524045977471,164.24730784621863
169.7749556330792,170.80058051789405,166.7354371920503,171.05461453381278,169.0129286687678,169.25869766507955,168.1601230102279,167.35224797129484,166.85612983136278,169.06718952659253,169.49649869071845,168.00198421832582,168.69528836953407,166.32985864704537,163.04367246764954,167.6280513958923,167.23228266255728,168.18591309745705,169.05741477065254,164.9290028270673
165.14824230343794,168.1364083946068,164.7961353330659,165.2634994867442,166.12901253487587,166.5915351265155,164.3869570760924,161.99358216384604,162.95150034926272,162.50768821500412,165.69680535693516,163.55950476685564,166.63973774759722,165.49611613176035,159.1648075926971,162.7413990531987,166.3456582456708,159.3606641332212,164.63055370322746,159.32640456215267
154.49825220032787,158.2423969624741,151.2591614338106,158.08771844050355,152.44558283363847,156.75395115865612,149.45989932746548,152.0129554052622,153.95047641406566,153.38669553500793,155.84588175403482,152.31943119960349,151.90292446187328,155.3001764734525,149.5522971132379,154.63375744071337,155.04939545816913,149.38143266611064,152.77250243381565,145.70331244647687
154.60034008612348,156.8707205688355,153.42526418941,157.75190255440108,155.65616958056677,158.74963418221185,156.08880056882444,150.4379178342474,156.19990886047862,157.59027231361267,156.97790989302996,151.91535674055183,151.27030720352295,154.98753573975276,147.9080043286331,158.7473547274222,154.74327666803399,150.58220017428877,155.48052418211626,148.532003658731
155.88557732986803,154.03041535481367,150.61499027564574,158.26770396326796,155.1132999117001,157.13988059655756,154.30157899389366,153.464504873446,151.5229882049819,153.95643509014454,153.67678129479435,152.98572674889573,155.3916050527416,152.00019459392334,151.3202996227475,156.00703917223603,156.67586974165883,153.2004528721362,153.9182209967162,149.95188539750058
156.22209354530574,155.73544014957807,154.94308199538625,155.21506153516458,156.14583739796134,155.00267983086513,156.07394296061733,153.48422954924058,152.35658082552226,154.64022955119768,152.75044134270357,152.0581549517489,153.55554786921223,153.97548572258316,150.45167510870152,155.4981672013826,155.29520316423697,156.87250951438372,154.38679514670565,151.96233667127842
161.65732888561163,161.2995508108493,161.9109663823426,164.34612444380448,161.79040800805285,162.03336833360572,160.82361398006643,163.65785499549992,160.49066042161348,164.80570748019622,164.94695361044583,161.29528066693018,163.10076599044706,162.62163109674233,160.80680692418682,161.37490378313458,163.77250696420478,161.68569903009976,162.44941660332694,157.3618045839855
184.83050987212297,186.18212522092,184.1106261437588,183.79710174805908,187.50479303532902,183.5161712499893,183.6774440563652,183.45101241233291,182.36358648333055,183.9397766949974,183.78880644843068,182.84843983298265,182.67827358528078,183.4694202330847,181.68805292383746,183.49656976508416,183.98912443566468,183.51011322730133,184.1766776018856,178.05013923984325
198.7876798911491,206.16542197635374,199.71702185725297,200.82985986099663,204.25725776200775,200.34246690825336,195.27333334680196,199.5030446404657,201.8305032604993,199.23317304579396,201.8730676630231,198.51180396309388,199.9097839541193,198.2055521907445,199.13673639329184,204.1446934966876,199.76853438404646,198.0079646047519,196.50747330999533,196.6908440106276
224.17591470917216,229.90012038178236,225.3281396332975,227.13991952943465,227.90646642613532,227.54949887439648,224.45855362419175,225.2539117109733,227.023967786332,224.65346646782865,226.197156429881,221.25025422044382,225.6235492914619,222.79280708683348,220.44711864122397,226.23085250465735,226.34873943157345,224.7595481057747,223.83762700698554,219.85052584562695
242.18147961332542,239.9515325661512,240.17304861953306,240.6966010751834,239.24510139855386,239.92137857281193,239.83483752254358,241.00028327851288,235.45151133083905,242.6280846094525,238.33816375172293,236.28752080173794,239.5074098342187,236.5624309530136,234.8749189310186,238.06849270216713,238.50930908138508,237.74468231725228,237.73428517611782,234.84322007321083
261.28939272967074,260.96930715092157,260.1889692921257,266.11790343083567,259.8153755615906,262.54608353206265,260.0040134976938,264.3611960852106,254.91609303154465,264.8477420203063,262.75494422569227,259.45989286960366,260.78453380214745,261.38518412770594,262.4368674103895,262.4842361219097,263.419950978615,261.33264761129976,259.09518983648485,256.84364091832504
276.2487545997943,279.33459931901126,276.66927317059327,276.27615828721247,276.320290692576,275.52558424921216,276.5487311929756,276.96917346388256,275.4961062893999,280.1675352628164,276.52155852556945,271.3981767490854,278.38220851961694,271.49100502536976,271.9230245961485,272.4420840950493,277.5579339644335,272.3627280079534,276.2793463915138,272.50248176511576
286.16813619226343,286.84396522789655,286.4827864371009,287.3038621866212,285.47950752245964,286.85444740910987,287.4112086820956,287.7342496774025,284.5546056644381,287.2938361271198,286.12146818744435,284.12914111822033,288.38712597403935,284.3603440330099,284.23893312173175,288.36531505042365,288.94204216338596,283.03485781121833,286.13652228706826,282.4085563203903
299.2715790283354,300.40888279465855,299.8202753823765,304.02569049246955,301.029639163845,298.34013686577396,297.1266284051134,297.57166644298394,297.9122915729592,298.43353774010467,298.60069641580935,297.3040715385386,299.7588585795498,299.0556076352911,298.50906507131936,300.1078381924381,298.1628210046146,298.9517649530705,299.48584405410617,296.0747514097102
302.4569274696775,304.7897532794368,302.71722329714464,305.5335327476705,303.9632405404836,307.1388065534154,303.80206705607657,306.39570052930526,298.90843772287826,300.6658438982226,302.49407285229785,301.6372019259328,300.3176652008611,301.9442943948759,301.712920389351,303.34073727846965,304.6266848315531,301.4686117848018,303.5285694476541,299.44230321685507
310.0350657398383,311.1222489145199,309.9087150503558,312.32555109875136,308.8577145702662,306.4514094290558,308.9626716150561,310.96708954681765,307.7847045618447,310.41256395316975,307.5130898571366,306.49222254928463,308.0899729642236,305.7980160896885,306.8191896101528,310.2901799780412,310.423505551195,306.11214273633965,309.77094555969575,305.20630962216404
300.05305186411084,302.90950074300423,298.8525676067298,301.2566093561963,299.97518396411976,300.8186297777896,297.97560629464533,299.72535058029746,298.3761139635551,298.4505436932384,295.0482541703541,299.05946186879885,299.10405441302163,297.25832922909666,297.4037863221386,299.70803133173916,303.2545018274718,299.9422853130071,299.8294862515449,295.57265240396714
298.01656775464517,301.4083745153476,301.26518754931203,301.32296910550883,298.6350111085335,301.44270441634615,298.89664087320216,300.2846335376954,300.34144008312325,299.0956043930348,299.5800344989805,298.8645901648497,300.19536179316964,299.4379911907395,300.09557291996066,301.27712313166825,300.86549511075737,298.13717022615856,301.80806973433886,293.48904406040134
296.432392163584,304.2804929765372,298.0201669191627,306.0875239196343,301.72791758433635,300.9912119401675,300.68234928608007,299.73027036342575,296.22718372485036,299.1244942556618,300.1856139019819,299.8353613422332,302.1609334224503,296.83289825291405,297.9694009577861,302.304819294245,300.24978919881113,296.4667802139807,300.1329097802893,291.7836931921433
299.87053236825653,297.2597588809958,296.8924768659184,296.9819661140865,301.0967578323043,299.709948578554,296.1308693248171,298.4990096289899,297.25663239128676,298.520030409405,297.33191724000073,294.16574453201963,300.93316901820543,293.77037576563134,299.3988196897192,302.18838882162004,295.26952876133345,299.969767523612,296.2700425987213,294.7025408222958
299.97893167805864,300.497733938454,298.14479966949267,300.1725082229911,298.51708778537454,304.2341593047624,299.9768608574426,299.8501335160795,297.7515181494439,297.8223441215239,296.31583646016514,297.7820498616148,295.19325523458167,297.57157076698024,296.26213635281107,302.0273886602779,300.6628958974309,301.121457690681,298.67493504536833,297.3982541634975
295.79008313040714,299.8906907724092,296.78660560058483,297.7396737513372,296.7047154878696,301.0227445882413,297.5826973131572,297.3924519134243,296.0218276099596,299.4005861708011,296.1049757320747,295.7214118605917,295.5889238339752,296.3713764314968,293.28853982129834,295.7147002068481,296.6949544942133,292.55963921415133,295.13537663935375,292.04523803749737
301.6871951974953,306.5381223661795,304.5578633455784,306.84485416186834,301.5814777168526,299.4108668467641,297.9941245998046,300.60583213654326,295.1139403202324,300.8732021526607,298.6359318949319,297.9070065092161,297.0516327676227,299.6179626556319,299.47270466909544,302.2920944834188,295.6180347168228,300.148393226663,301.6736029829356,295.3938772469988
303.19583694564614,307.1635251421288,300.45247618526133,303.2932119479639,304.36041426063593,302.3698546880736,299.32472304295686,302.47923603758437,301.6990538027418,303.3064101564664,302.42799442513257,300.7193334055847,299.54534463788167,300.3764553682399,297.537594766114,303.777126628056,302.8599054285378,301.58746795336396,297.5517378091414,295.1464786242085
309.70870929641825,310.7667560735811,306.77621444956594,308.76470545551183,309.29966828239196,308.42714586689937,308.0940978396424,309.25921032894195,305.07103075079004,310.2516671718555,307.80316360043037,306.8723186364904,309.44056516434637,304.26375810363635,304.1806023849141,308.82136690614004,308.812651858263,307.64683798571343,308.32093630869,304.49650006783673
313.9524649304457,312.52096052173516,311.8840227111257,313.8027852905928,312.5145876993911,314.59985652378384,313.1011806740573,311.2203161249526,310.5053952309396,313.59130767214145,314.14513947578314,308.57396131534597,311.14163392814845,309.24551619768107,307.8191152108015,313.8220802644074,314.15359816441327,309.2501159715954,309.16874664576824,306.2812724015237
325.40293396723087,326.2016903078037,326.6452674007296,326.26688002573025,324.83686495312764,327.5468373163043,323.7595536504339,326.57831171833044,322.1618739466958,324.845343468867,324.48730829759785,324.3159670785296,324.48200168280215,321.35575934048313,323.2865962926411,324.65023634361756,327.699226198016,325.3827279625885,323.7254019175577,319.64106463312464
332.0356073884495,331.1375805281082,328.26704190148695,331.8371750176735,331.0594473840705,333.14450836354047,328.034614309562,329.88035186081925,327.4063227358908,329.9755356608972,329.03019864185694,328.4000573510733,330.5918840264317,330.1340270732053,325.8013973124918,333.54992400366547,331.7043826604762,330.42204421934326,333.97542765273454,325.38210154628064
342.3324587876224,343.24746137499665,342.7725681996554,345.69616607998046,345.44354953765145,342.6226838001614,340.7627096080225,343.0690487990297,345.13953549324987,343.7570233906789,342.02739483317623,339.09321660077325,343.5621553308592,341.95327795250125,340.2864489003531,344.59026764879616,346.0370248876687,344.04404544606865,341.2556210407696,339.7461159931141
348.42522288554034,350.2377342929972,347.5999922467695,350.41667819682044,352.1049623977276,350.1609926201846,346.5668371162436,346.9697106419545,345.60534928515636,348.6903151376098,346.6028520533359,343.6246901339954,346.4003109483075,343.44449271824084,345.1325913816567,347.5768264709749,350.0728104184767,349.9245319312323,347.90086202914875,343.73981344040385
347.48796651007484,349.2803097123534,348.4732043114,350.7523466892229,353.4888589868247,350.08067394794404,347.370528780819,346.6570984887262,349.32234883847445,350.02452558230056,346.3776937038694,344.9709713982036,346.79678025992376,346.89510375690855,345.40200633138136,349.79751666143767,347.046959957627,348.8685461993873,346.925068656068,344.7305878215013
344.4637502290177,346.2138568495773,348.6401296622339,347.67561074889574,352.5768061708385,351.8336214692836,348.4489091146146,344.4683624243164,346.98320681740535,345.55739482396916,344.84452185186086,342.1099334914761,344.7702957377088,348.6883159824835,345.48695458096455,348.56868421504834,345.8649537402924,345.40662091257974,343.66643607705066,341.1789753584343
334.83857322259223,339.00426079012743,339.8775323616803,335.15842223832993,340.6600487915965,343.92609797848075,339.93708949500206,335.82583187358375,335.82603570736194,336.4664829520331,339.1272124872379,337.48132420738887,335.3105100425225,334.31203329293163,335.5340829178885,340.1887975553724,335.2650484909365,334.765293068468,335.0693703245337,328.08470948609664
331.0019007308612,338.07515330101853,335.22838236339567,333.8452860859879,337.11612599974086,338.9654584149126,336.40590942520095,331.0205961133333,333.5106479677504,331.49571738255844,334.8171112725574,334.25469506420075,332.8962163281996,333.0754467584616,334.37868783762656,336.0721530409927,332.6156116892119,332.8275990129024,332.27689148252233,326.9142775609687
327.7709226653048,330.31485922570783,329.9210200139825,333.81409219232717,330.6231815335719,332.3228919096426,331.1470871632442,325.6631636288912,328.1917326564806,326.2951426305097,331.3174112358038,328.31356227315536,333.24037203167694,331.3122313576951,328.4777888335757,331.6938736081631,323.59298439717253,331.5701508003872,327.0262024762408,320.6505190076758
334.1610955790893,336.1074150289388,334.4487135343079,337.25288912360077,335.2052452838205,335.6537946894934,332.8652642363307,329.53979402544616,334.0731686742636,328.75373087981893,335.7182185316799,332.3683100622864,335.04111250626687,332.94377673598177,330.4573237755265,332.7219499808757,330.15417382863814,334.248461133454,329.9669028094158,324.05647524144666
339.35573028458464,341.60762247895616,343.8204751639287,343.7279529804302,343.67026372721796,343.55540414830426,339.57095061298486,334.15277321173284,338.4819941299249,340.1925173517502,339.62653018100553,340.50232419324976,344.3710274734586,338.82613498590575,336.5263396736241,339.8097926421618,342.19511007552813,341.0161013776367,342.6542992037692,336.86688752211865
351.4613872968818,354.4271433613786,352.11539343465995,356.1691024287936,353.8725067739735,353.7647831867514,353.21017042082946,347.56049659423337,351.06877311505264,354.398077854324,352.96243578156185,352.5550310330597,352.10099105282086,352.1280705409712,347.33867303285655,350.38498857238017,353.54731599859167,354.34931020843294,354.9591271829554,349.0958728249463
369.4547120012833,371.68601576352626,367.6195842449157,371.9307269662602,369.25127239786457,368.5996076766601,367.9316749603775,361.16987430011153,366.3664511683613,370.6952823624497,370.22805125194645,366.53285072237793,366.78487235589637,369.5045294899949,366.81883505695487,365.4922986813245,370.1215699434122,369.27977904919493,367.6729799222865,366.23988641168467
392.194448861457,390.98529561726235,391.33254634481756,394.4553604477801,392.3205531634681,391.12322846913514,391.11103210152476,390.8254147356726,389.62911530688217,392.4243238282029,390.88119283963215,389.67938603017797,392.2270386080888,389.68885033901336,385.09597518137707,389.4084700347039,391.64705221873146,391.2402376309487,391.7709726359542,387.10490622001976
409.74086838494514,409.565575259413,408.8146853035721,409.5345764459809,409.9126562586692,410.9441813326249,410.6839476937569,410.54826869561106,406.5656743434062,409.82823859882023,409.962209802962,407.60221227105285,408.4291003760648,406.2358295859439,407.1345712698725,409.4555070379611,407.4652372596659,407.7056515838237,410.27816371102296,403.3845804213776
426.4104109094872,425.42701891938117,424.9830546188037,425.75691148429576,425.9545715572772,426.6653508117206,422.2559062710516,425.9480777023109,423.53849846661905,425.74880787144826,422.90846070116913,422.683676594833,424.3492766530587,423.79186722344895,422.1507729514614,422.5152573893278,423.75290991579027,424.6995600844543,424.42504590724315,420.7371881862394
437.6631578187044,438.795927395992,436.5829332239286,440.9442595525823,437.23953127943133,442.05380662052835,433.82723161235225,439.75283994367885,437.0825069882408,438.6703264279394,439.06089573988436,436.28649081982934,440.8846069391905,436.936748060746,434.2394110932349,436.67242174895006,437.4298702097462,438.64250681411585,437.31467138963063,431.3708242840156
438.3970689769465,438.47794263966944,433.01665727946266,442.1499904947219,439.8927811858421,440.0162989814581,437.74605235178376,437.98683547357,435.93069331140646,438.29673512443645,437.73399297992063,432.8579830220226,439.0900116707814,437.2982510365703,436.1740127920601,436.6586016740861,438.7699733939529,438.54314543935345,439.6335826219363,433.49346834557446
434.19995105416416,434.52581682031877,428.30613117810424,434.7507382797999,432.8990040381646,434.1693482341084,433.3362142411583,432.8049916985545,430.71735636793693,433.71199409803654,432.01521488796556,429.7814193127614,432.75208513233116,430.79108715314254,430.0788385233653,431.53689088196774,431.7781603400712,434.55268303948804,435.1508506507734,430.5176284864979
418.006909449236,422.2890124221545,420.25217565199125,421.4394570155966,422.73577038372156,424.690872800479,419.54726078702777,421.0077424244728,420.56440026630474,421.8149945280071,421.54346903312893,420.29246862331564,424.730420627958,419.9715474083188,418.1255747618579,420.5307496169965,422.08794298222995,418.82872953118874,422.2661460258396,417.54367180365074
400.4291031247106,401.5763426713374,401.497405749136,400.6820873069366,401.17278595879606,402.11719041417854,399.98433204330433,400.6855243384782,397.5043963369916,400.7069349900656,399.2762129076075,396.5452571047123,399.50536869835867,397.8165648622439,396.8708438802663,398.0469985682957,399.07580495585614,399.5667618969307,399.49763864680256,394.5986517821334
383.51407170150844,383.6656764099829,381.51875859488143,387.1550880878815,383.08570691607986,387.36568108075846,382.6517071437795,380.51876037166215,381.5823266180545,383.6031923300741,383.25249556393675,381.05673199786804,382.2434065126691,379.3153760437469,380.82830361692015,381.11139140621486,383.95090902848864,383.6488388972464,383.99086814503215,378.8632292300467
365.1567587579133,366.503893209782,364.7749355247447,366.1234110655684,366.9186518773864,366.8797629392433,364.63939633816756,363.6548466620315,364.6040491981887,365.7223135748201,365.9594671544831,364.3121359422909,366.05773863480175,362.9167646813037,362.544641894636,364.65551919793177,364.0741637982903,365.75964709653016,366.6527322784969,361.0186274455238
358.02022291311846,358.9828039284209,356.6509567578874,359.21413893900154,358.66626850522675,359.2141222758061,355.3920917599344,356.65462815988826,355.49844766364293,357.1532075532024,357.91198715420927,357.11576757057804,357.54531599226,355.9966794944786,352.7767138389492,356.5556747709591,356.94382421040615,353.2628194283722,355.8216683549582,353.11899152410444
341.7276710595748,349.50790917448774,341.8102486317092,343.5479959157753,346.0909709353336,341.66495208344367,345.24253842727177,347.8291076721334,345.56060292415384,343.1018369788433,344.5594137710911,341.77856606258416,340.64329379074195,342.3873267064867,342.8691049060395,341.4995059095252,340.2918027717768,339.51354750270036,348.7030628562077,337.01214749527446
336.6663086594949,344.8731973321248,335.2434139212243,338.50080412256125,337.6211412846963,336.5740779555915,341.9734355498907,336.7153184511057,336.53411688835746,337.31252998383394,337.0438901922,334.4554342411898,337.5977765061266,336.1491470752492,333.6129035980168,335.96989667859987,335.7658241489745,335.3738095000678,335.22655339060526,330.6713911760071
334.3515294835108,336.0139174285072,333.2470327979936,334.63725271824075,335.8367648242154,334.64924415277403,331.97716957138437,333.32386732181396,331.66624147886904,333.5983647306554,331.5843919469291,330.4135215164454,333.71456752386797,330.9008496291836,330.2828166437141,335.28369698580303,333.35449559649726,331.173038846248,332.25032113754895,329.3566951209016
328.2767166727328,328.9188713459121,330.1270102694874,331.3849990139794,331.9664179406437,332.92828679503276,329.43222462334575,329.24420476022283,328.9868805283861,331.17220924683363,327.53042575812293,326.6026965654738,330.4172814493482,327.2362285851376,323.36057267488354,330.56509150516024,331.0097515388028,330.5884500352097,327.43855258238256,325.35301295322694
322.89748262064234,324.64798695641605,325.37454809182367,325.7590655811361,325.8893372441213,322.79589728988407,321.53923561931447,322.7609543794132,323.0161038810788,323.894793955344,321.11915943222874,319.30694491508837,322.08124070263153,321.28245258619324,320.7882615627858,323.5313466227417,327.4210498842502,321.22275944763385,319.35036910867245,319.75122154093447
308.9439286638805,309.9715584746552,302.22298960381244,302.237241791682,307.50356480009685,307.49363595405,305.71523283218824,301.28372588866523,302.278078322935,303.5906839087485,301.5479916346821,301.77771962981734,305.6222485013765,301.4968962056852,305.08925227671887,303.81138371937305,303.08723020982524,301.2669695469021,304.37849793686934,304.2903120221602
292.49041253410047,291.2219169756215,291.83867409367406,292.2905807629681,295.4085387903204,297.9509866652674,295.7932693235788,290.82077282128023,287.7182519692206,292.03377568507995,289.8447562779576,291.3533092720891,290.99798191539105,288.2713020027975,288.2093973006709,291.6990240987547,293.7586564734603,291.7791144654168,295.8051851807813,286.882142642767
290.4264386765523,288.79585716476385,290.1268137024917,290.7642540153936,290.6147918544769,291.75063434250706,287.56612290126236,287.92103897717504,283.9567025834772,289.5019451004187,286.79243392627967,286.78547050907326,289.5595215259442,285.91369538547605,285.81667419175614,289.56062879452907,292.27480357363476,289.45896744993814,287.53735441060604,286.2705823659738
285.30051093321555,282.8896965708569,285.19477754513883,285.3418091538363,283.9459524454196,285.2741726436307,284.0531779857986,285.1317643990599,280.0180140586188,282.25955079082456,281.5034669561821,283.0702861654899,280.64726532587906,280.32617463611535,280.3745122684777,284.8356533104197,286.4941555693204,280.4806094125646,282.70016505906403,279.8044806913588
272.2939749346358,274.67118780999795,273.0776449272388,277.1723027746207,276.8312125025027,273.5123447775877,273.3241733938414,270.85423790971345,268.7000050518542,274.9385952058226,271.7206742019503,270.8858875017174,271.5727674210335,266.74681115125713,270.7675278033901,270.15536041426225,275.39985576417916,274.13396353584096,273.1379972132422,266.64162218794775
265.470253424842,264.0004902658244,264.07867009771206,262.3792244960029,265.3493818389546,264.78653221588957,265.7175592690857,263.0351555313106,262.1593249260471,263.1324837830778,263.9159419343162,259.971927653617,262.85539039891495,263.0973725450936,261.27045665925385,264.4194335147052,265.2394781649525,262.27329720054917,262.8792484028654,258.10764780015694
263.324437536584,261.91340484884887,262.247289265529,260.3656729349263,261.6517158669441,262.0492726603372,264.5732147404379,260.20562595436587,260.05189199348627,263.6465125792125,260.979826942102,259.61274195634144,262.503526290529,257.2483160853856,257.6542578553834,263.30790551194207,264.4586367331862,261.8054950514806,261.09603671749716,257.22453200757883
263.5152723938853,261.91340484884887,262.247289265529,260.87046202032496,261.86461483692165,261.4514327933243,264.5732147404379,261.0614205238279,259.15728617946684,263.6465125792125,261.92837821399445,259.61274195634144,262.503526290529,257.7211651227899,258.787965121771,263.30790551194207,264.4586367331862,260.7488603602675,261.26330897306315,257.6648954980436
257.5845711217284,258.5005833901072,256.72550410716565,258.1721625619394,258.75966975527416,257.98202094945,257.7956816451478,256.2589102088039,251.85811964081634,261.0924303170656,257.72464528919323,256.3346243744316,258.1393838590452,254.71876975248372,252.91507280676984,259.06678704143786,258.4171018010405,256.06751833743635,259.93178879422476,251.9941211909556
250.9611526415231,247.3891412256603,249.35665231376697,251.9678417328196,247.7947333526079,249.72481547874526,249.36607934349686,247.5998571235667,245.48107665572695,252.38346524325095,249.354882848167,249.24810152226797,250.32812002826256,246.02471404539105,247.29324707498188,249.8794433023771,249.08040305040953,249.95428423446762,250.10408057263524,246.6518542250021
245.52803853010911,243.47860409324173,244.48681265440388,245.6874611133394,244.78321151818244,243.89064838872372,243.64119141085956,240.833674084748,240.29823200344566,247.43835976115665,243.80546587910152,242.41200257184408,243.72622425753386,242.57475333498738,241.91607516362774,243.10002685318895,245.60794278834112,241.33209805229532,244.0782518248573,238.39461575973434
248.9411425533808,249.69401800643888,248.8061795352582,247.34668570381257,252.4013268075486,248.94199825160533,248.0946515272312,250.26252576403652,247.50002350911694,249.9435646327209,248.66094354352168,248.51201651028154,247.8498905316689,246.21023075310404,244.51689113399584,251.29977814828484,249.53165479014046,248.11072973709054,249.22462081962388,243.08337029580747
260.14125119376683,264.1787578721987,262.2227571976017,262.8856021733735,265.1765051902858,266.1952273295101,262.87398873293,263.3032223078389,261.7229988609275,260.77814224703303,259.09822775807623,261.7408781604288,259.73599105771484,259.7818053271974,257.1663000131422,264.9613965942975,264.2244909473804,261.3550264400009,263.93691578594127,257.49743309272924
283.08149127585085,284.82329939400023,284.1346327206468,282.7201900533965,285.83043909175535,288.0056538038027,281.3766525078578,282.1304429072593,284.0975812664699,286.85918347430777,281.92571792445153,280.18151737515575,281.0297709463339,282.77716735616775,278.0120988829422,284.76553133570786,284.3981983411924,283.6041207757916,285.40099190710214,280.21717954094913
304.5511598991353,303.7152748435939,301.7602393207422,301.43835257731183,304.88068874409976,305.7083208155583,302.675681569949,301.1294993055194,301.97859844494667,308.04199362214297,302.7017487008221,300.7897837604243,303.8596380389381,301.9729587678325,302.4511834552208,304.88422439752884,304.0574655793441,303.06710750225835,303.85193330981446,297.19080668047474
340.0381678606127,340.7742789131234,337.63869723291856,340.54353002700304,341.6980988460566,338.27105859990377,337.3840994089785,337.7528289464687,336.49748080438553,339.97435502382166,339.2401101894747,337.8388515049066,338.16141768453633,334.8254382344176,336.1293644822471,338.770059647483,340.07154732929706,336.9355611823308,337.63537887881813,335.69717180655306
360.90168566187356,361.27087926707156,358.868155220271,361.1798271328529,360.56658625240317,358.7627457558484,358.78834531442,360.215078561286,357.16502472340835,362.8800611682525,358.7535628906062,355.43549440025936,361.5477481194415,358.96948486360003,360.06037482088055,360.0958197730281,359.88244543402715,357.6485752021399,361.053367130424,356.76032002192136
385.0456751645234,386.5129595087684,384.11854014603864,384.29299958959365,384.87193320585163,382.12272420352343,384.85897308290765,382.7334560724624,382.3929644816455,385.6177754581733,384.4536326412349,381.28328531950825,386.9232961631192,382.53047560893066,380.4646612098746,386.9019538339672,385.4211130978386,381.37137199500546,381.07930774107786,378.672160135004
409.8441060606729,409.41836769044914,409.79261651042003,406.15044140606886,410.68533456632804,409.02271711589543,410.15678501207276,409.36014534799386,411.0585392741155,410.8382613678177,407.2564132161309,407.01157959613295,410.78395182561616,406.3370983981899,405.56967966674347,410.9517297999274,413.2524490266032,408.5333527490284,409.5078832653965,406.32486158433426
423.84018639564465,421.12286147055545,416.40228010642005,422.2609456285633,420.76541560705436,420.6681210117021,423.3042882291482,419.8764457104671,420.2130540708309,422.60182411041836,419.3119942401714,418.3755028726405,421.5050408603679,419.0768329242229,417.4209031710286,420.97268570278453,423.62256013346433,418.8855341752322,421.7161855320822,418.74217998943266
418.97780746156326,420.0753335382385,414.11757525677456,420.47993604711087,420.1877013218427,418.5811969374125,419.6461553524628,415.72110426215374,418.5975861331385,420.92222024434494,416.756453410888,417.29565731119493,420.1102418322433,418.5809076644791,416.8226867632204,419.1316402918597,419.5905103933624,417.72318031367604,420.2912149337766,415.80604012919986
409.09800760838556,407.6792813716024,401.9443090096641,407.1412649180735,408.22641689787235,407.06574800488505,409.27873618694076,404.98180055537165,404.86542093697494,407.24613973438096,406.65388117417257,400.42652058707466,406.50492296508395,405.29581279063655,402.60392354362347,407.52473494231725,407.2907744284782,403.6225456766404,406.57668200630934,404.1592805866526
393.85547649123976,392.0401229424627,391.09525056241847,391.6019551913392,392.79460719173437,390.9839656093219,389.32498906765903,390.03706458666403,391.3765111334467,394.5150172265764,390.3962577228229,390.7920057127816,391.8427123161283,389.3214710723771,387.6878284012785,393.97135002593546,392.56281648933253,392.5138422726296,391.1187481419953,386.94582478806274
379.3356742664424,380.34863522505896,376.66515565658034,377.6950426779386,376.04892635163566,378.2176667136535,371.23947640626125,377.25611650100467,374.4775507883073,382.560781518274,380.88984723333533,381.38028662216936,384.2922842181365,373.9918789121278,375.21444780058187,381.5096144353812,386.11403122417977,380.83237656490974,376.7107064756831,377.40112493222574
357.0940702124965,356.6381333387584,355.6561466313756,355.0330020400465,356.1576675662603,355.5176815453053,358.41621205819195,353.971801694916,354.99204729771617,356.3257516779178,356.06248587080506,351.9840405549615,355.8211303978027,353.1097690269829,352.6595252030816,358.67879671036275,357.17654577317035,353.25000911194365,355.7341857247949,349.8969993485993
321.5337688916174,321.7063817748565,318.9692822972232,321.8819799224796,321.661020757745,322.4844314127907,320.4827411836658,319.19475196871014,319.60732037697164,323.5418691685904,320.7859671287681,319.9722212673275,321.8156405262784,320.7448289692791,318.4558963556785,324.81367471997106,324.22733524530213,321.2689978140982,321.8460420431901,314.783670820487
288.2059151163198,288.208799914291,287.89730552496957,287.50431177095334,290.20778022603946,288.499716110439,291.00745835040357,288.23479999199856,288.3003438019085,291.1323382500429,286.47960693723155,290.24215903862944,286.7511857637088,287.23426038671033,285.04497219228375,291.08570586902874,288.8674030145025,286.27355083815024,287.17621460045564,284.1160563953735
274.7454253918307,274.8440732131485,274.604624234069,274.1572009143932,273.4805798137328,274.5256705053098,272.2380200391483,273.13034681497476,271.53474755100234,277.15882735109665,273.14327247561965,273.3450202752535,274.48465989712923,272.2010802879076,271.2760452629589,274.806230565975,272.47782461773295,272.51411815831005,274.6252116682298,269.8008484992503
269.6743806867185,269.7029702497866,268.2729562597718,269.59345595866506,271.05595699947315,263.87300638263486,265.23552869622915,266.3337838246086,268.8903400616156,272.79122179120964,268.51474005491707,267.92170312853114,269.4667355857073,266.46946819326604,264.8031074762014,269.82994346242054,267.273328743366,270.4280875558753,270.1321758233517,263.73417170713435
270.57874901161546,272.35176322522517,269.13714350182005,271.80874599251786,270.0398248032275,268.0357947988851,269.85695196549244,269.4701972227952,269.6921572816164,271.37326079839465,270.6446759761889,268.2342107794777,270.2955036313141,268.4617581692757,264.6259220599483,269.52471421125375,269.40750719330197,269.73364358540834,270.1407013968782,266.33255678848155
273.9080167412956,276.5265646658346,273.00600702851153,272.2169781797075,275.538010479363,279.5902610452671,273.28282834301524,273.5456977914066,273.7452328653964,276.1646060858257,273.5764190663607,270.61878978142767,276.1528854926392,271.71751979392917,268.1271061233544,275.8296762004044,275.9699448665361,271.3244362370353,273.7739189023661,268.90929446010364
287.72614219930756,289.45929096577566,286.75627479913777,287.0699975285493,287.65058051074936,285.67060057954393,284.4545501604784,283.57655387993105,284.5754554139705,288.44813779322845,285.1602394233865,283.55822317841415,285.6072172967724,284.3877157721199,281.4298216979781,286.7605414008226,288.348699438152,285.5437954862668,286.61612651994864,283.0375539308654
309.5573711446075,309.7400417576627,307.43332475852253,309.7555812648613,307.84468274229357,306.75661291630166,304.542924979099,303.54196871341236,305.1852456111644,309.43859986544174,306.319688352251,305.29687988926236,307.69486625802455,305.0314616434238,304.1259449772754,308.53231019191173,308.31207236386655,306.0391458412929,305.89569881697054,305.1564407523961
323.03403284694053,325.82961211876034,324.1080842883726,323.29754983958355,322.4230542519037,322.74024346273586,322.5680521430349,321.4046002017675,317.94363584171896,325.2657922053368,322.8305625757689,322.6562222979878,319.57968582001723,319.4391832408258,322.0931008003354,325.25205206615425,323.779628752866,321.0651601967201,320.88822483152734,319.2781006721288
339.9037897137128,339.1325092021547,336.30722597921056,339.11937611205866,334.9771275798521,337.0072585387274,335.9754614512114,337.48164299847565,333.15293108691964,340.27445348938414,339.34830491740513,337.2860374919662,336.22843712111955,335.66490609440825,334.4752591401121,337.81632632325557,338.1066156564668,334.91215668111016,337.2201626776512,333.6155920556287
345.1685241150836,344.20313402964007,342.9980839971719,344.3032342122688,343.2588521120531,341.88553451388395,344.96204773898364,343.05059166960905,340.04782522286496,344.9756722146568,344.9183870620173,340.6650890683555,343.11493853709726,339.60544619558027,340.28213471020257,343.0999207461894,345.10194153573957,341.7508286157094,343.3688065418232,339.7809211044649
340.25036441935475,342.5810660338657,343.39561279314825,342.5008995628706,342.85720729187676,343.3828258889909,339.6580755198638,339.78814095362884,339.94592696785764,343.7225783021127,342.10220010879385,339.2001841800166,342.24576991751394,340.71958415283615,341.3775958492792,340.66731568942754,341.27069499371584,342.37122066200135,341.1481408393362,340.28866401103403
334.59892073675763,336.41448947473197,334.3570524404694,336.17315952324446,334.90368067656874,334.48659366234546,334.95459836408065,332.97513149286095,330.87916259919126,336.3531009805469,334.5234884463853,332.9405614492786,335.29488903529943,332.23879031702717,334.3957750779956,336.0716404719716,334.2901300765748,334.78472280966,335.476139494403,331.64636111909346
322.5357096472594,322.9334317496666,321.1816344342613,322.5639676713244,318.30511388681845,320.60403147132627,316.0805477326993,322.01336877831164,320.1090672197169,321.596448347498,321.1988719784161,319.78838523645106,319.05001195634685,317.0874490159953,321.3774490990173,325.8953261331393,323.7945795351516,318.9163285174478,318.2087070056817,317.87674883929554
318.8383005784999,317.0183769504836,318.63973090890755,319.419801989892,317.44827278093663,316.28057896664427,316.1505747844577,311.3402386017494,314.6136180682816,319.16224334121443,316.5261203216256,315.5412645360798,317.9560707092338,316.85755533161455,315.80160206787446,318.9923088964798,317.8735279783055,314.9073768988224,318.08478729242614,312.30961462605313
308.15925549411855,305.9160635868658,302.1533467059155,306.19930515427205,304.7715017157208,305.6037999380143,303.7746021486327,304.4999916668803,301.85386833905835,304.6804841904051,302.9622348767387,302.6616459364763,304.1758272619383,302.223540957385,298.35876488611314,304.6589671524644,304.8756749349424,301.24737456483234,304.07794506825644,300.04560450640344
307.73694873420834,306.86724927477565,306.5150303485284,306.01688490204583,305.44434099205125,303.7343974151361,302.14351810614244,307.76067229132286,302.89376700717656,304.6227113988828,301.0534435065528,307.4651399842822,303.7497013965797,302.58603638045,300.38457361908655,307.14111800040985,305.90465853395335,303.0753889437782,303.4269918134939,298.3445469594188
300.12764435387976,301.9405595604836,299.913465289437,304.00894705595033,301.18111960048185,302.13709837789526,304.5017541332711,301.2869274420962,301.4405491839921,303.3912745526736,301.23540723878136,299.86869006025694,302.69525003567776,298.87709968762096,297.78385328966453,300.84185855313723,303.77572680551333,302.0762643226209,300.40544128889593,292.97403866657874
303.68573546180187,304.8388689143137,306.9437540615999,308.3249696649953,307.9350212910077,307.1817215300185,305.28232904052743,308.9587654543458,301.8998633106707,306.85309351555816,306.61950699167477,304.0723939929088,305.73105616585536,304.38690064053424,303.4230069252538,308.59602589245515,307.9072708927678,304.6635329142265,305.8117474430985,300.6896435110454
317.9969615490415,319.815467999847,317.992482640477,320.8072265242777,317.32995989881465,316.7419990492414,316.26284959759494,318.2748908911908,313.4117928869819,318.378986057747,313.87308947531363,313.2903797659377,315.67413796270154,315.27961983395676,316.3764629682887,319.13168907317,318.29262827913976,316.9359685304412,316.7591772494,311.618919128209
316.7535469573842,324.4608242530205,320.262091705702,324.78515951506984,320.8768872830289,320.21724617264505,322.4656150958793,322.0317080490803,316.8754370972018,322.4218355215695,319.72661071949955,318.4718534158037,321.2158212311069,319.13723820059636,313.6413253495303,321.36167020100055,319.1964161090786,322.5307637110818,318.66278297110034,317.19774428048663
328.6120473494115,334.8356002042505,332.79626272937196,331.9615086259767,330.23508487342093,332.11361257408197,327.1171416480009,330.7477079719014,332.0770486940311,333.3934919070035,332.7567940785429,327.86642021912485,327.4204662094927,329.53693840409403,329.26040248670034,332.8717648895738,330.05007522250895,327.6806578017376,333.1196175795122,322.28215629431844
325.36846298216864,325.3167870393698,323.70399482090284,326.6659732942691,325.8917679779805,328.43326780428026,321.31970232647075,327.713782123587,325.1469457062341,323.5223321925948,321.2072565019025,322.7833852196937,324.28606441105256,320.792722765749,321.21754932229845,325.8242981284697,324.3177538087473,322.6741023829782,322.8950737707869,320.612048885364
332.8059676224436,336.2072960888236,332.34252556818046,332.33423987045035,333.16937547167345,337.4340316781434,332.34118002916085,335.48240951883844,331.36908880167357,330.80767406430044,330.3966692538771,328.31481246338245,331.3928275274746,333.9234705698483,330.1644817542824,332.7048570485457,338.10150938372675,335.4984592507467,333.4486558497139,330.07054127920856
317.52315264686035,319.90540638177475,321.0543626486298,322.95626795915166,317.21709511622197,320.3085532074786,317.0267007568165,320.93552891056925,320.6394494261342,315.904552800058,318.12762800418943,318.7829240521895,317.36214717737204,318.46908229292785,317.65539599430883,319.5545434741145,318.13230994192116,321.0247139642486,318.0999422959035,315.08809126873047
304.4800930782024,306.14587236573215,303.12258300600587,304.1393464593535,305.70152033895033,303.89038610640233,302.34351269595555,302.70148170370106,301.00952554768,302.6863790014399,302.84235861976197,300.18401915861034,302.7242839132924,301.0728357131806,302.1670635384474,304.9947969209207,299.7030966710624,304.05902402652276,303.50446846075636,299.85429579460464
292.25591207007807,292.0963987951851,287.4996892815916,292.9620088016988,293.8068914379124,293.5463336833028,290.48963406912793,291.27819243911154,291.28944833634876,294.1764015868945,291.71293942128835,289.1919524157953,291.2941646008097,290.8541962443242,287.50364646508774,293.12737138382346,294.30645106596495,290.6134933073852,291.80608625618225,289.0724584221461
272.7180363055072,274.27471007496183,269.33657235434583,272.7996840381071,274.49594066203395,275.46197509367903,274.55731439348443,271.7801440801283,272.2261895982571,271.4679598070892,274.1533493094918,269.5759667344377,273.44986248119466,271.08074858395213,268.67884559301143,274.23229546149526,273.3386818114981,272.01906472016196,271.75557127986434,266.9879249516702
245.90444627948406,246.23946975139023,243.20111565373423,248.6566400995365,245.9037944007995,246.4210628889061,247.10654728974492,243.3244989520702,242.76597154295433,248.37565674955243,246.2824846977355,245.1055268950361,247.44893368026155,242.89009923274125,242.08964053989948,247.04100949661304,247.26623406474644,241.47061313017053,243.91884630876854,239.61581042032748
235.69343701663038,238.43340014685722,232.57485235559173,240.66774371080055,237.10740596635344,237.68952814828882,237.16910127443433,232.94766306539506,233.77010218176093,238.70427690324107,237.63718208534146,230.74640726820874,237.5253650385463,232.4081032265346,233.4613746273611,237.32623593793005,235.36881014173906,232.42172701449994,235.1631551538593,230.0262665793006
224.5260141283621,227.94118136842812,222.95546944201652,231.03675249757458,226.9318964876106,229.10054378679163,224.21903971352745,221.36673533079005,224.3610746050335,224.22744971846106,226.70358495939686,225.10132707118262,227.79763625357867,222.6783973150198,223.27441874638762,224.93692934677912,225.08532584801088,224.6534969968513,226.8562907045551,221.29233998299557
227.12772818633633,232.47138692991444,229.34490108749327,235.4596179946169,234.1371535974302,232.68514064978967,229.13312205370906,227.01371602625724,229.83906777563237,230.65796328833596,231.68099498086684,228.8580961699995,232.8764574002438,225.9701074577449,229.73001135276144,232.9483510293551,232.93991953858193,232.8170230203061,229.82211596485757,225.55190000059076
242.79568798012482,247.22829392486113,242.4080622733206,246.36199524650112,243.05341167741977,247.34008941157555,241.41756196876665,244.96882668822977,241.79471944953224,243.90038911286624,241.37493182963294,242.57936422992293,243.96243284175046,239.9079649419451,241.40881784118756,245.24760330564447,245.42828602268767,244.8159021058343,243.15003854256557,242.46549496043323
263.9810389820598,264.01524881373945,264.3342508789085,265.7592542283877,263.23534548746903,265.31845888984986,264.4829178566066,263.33578032581755,261.16259919614595,263.46847781624405,260.3114529253132,259.73898134336326,262.2502552069331,260.719673415058,258.2439869848399,264.7405434877448,266.61112910282526,259.53121770078457,259.21701756111605,259.29014232488123
291.90350409077354,294.67534426348465,292.7057295278943,296.4293661611604,294.21165867992374,293.39344869856416,293.6688803788294,291.6129183258984,290.2506629538731,294.0181270904668,293.47963042612497,287.17047543655286,289.91871779275095,291.481555534754,287.74109864907837,293.66360830678985,289.5889840953847,291.1026632328343,294.69763902303526,286.5205135242926
313.7500546779546,312.8221286584755,313.68024895765785,314.5941379705403,313.328042725681,312.9600287247952,315.20864061595967,314.48908104661683,311.85192836849075,312.16954304278653,311.459614816884,308.38437053772725,308.7506293381672,312.4834941965328,307.4981649048688,312.97014191780875,308.7805425286372,309.708256652232,311.27683927392843,307.5067038028272
337.7328642535354,335.4241381291745,338.062964682734,338.7234390541177,332.02304412970267,333.55129530985903,333.74610845350355,337.98231217848223,333.514905645185,336.5513850116854,332.50445798132074,331.7859658777018,333.79302071971284,331.4698496602385,330.4825789276438,333.1475303754699,334.8170598815853,335.29957693796564,335.50328092871223,328.7122262606154
336.4403219138512,332.84348544239253,335.41348278317776,334.20649441078064,330.92719499968206,334.5200491721562,331.36290916137034,333.440862779087,329.8613116516393,328.7083767071,331.18398719080477,329.8198834096719,328.8927993924648,328.85064613447366,325.3292754377111,328.95044083629233,333.6969412570466,327.80717825177777,333.92569260887404,326.83858569223145
328.0316681969897,326.737347872201,325.48256794644556,329.5417732079122,326.27533902312234,331.5549267782474,326.9036714815091,329.0536066697597,322.4124750828367,325.7470507445487,326.28841600966,327.291659130661,325.86251860309113,325.8776376308054,323.83283207618024,327.13350915757485,328.1492274854605,326.201175655323,328.90765982947903,320.9578307184072
303.7398238846934,305.56420589433844,305.93289596519577,309.5921934898588,309.3478656753598,305.19071154733473,302.03849258797106,301.04235315713385,305.08109627668426,304.0271765538318,305.67625517199394,301.68814949837696,306.7194804450593,302.49781848836716,304.33441639158997,304.9119370248582,302.60278478418627,305.22278148123354,306.6125875560629,299.3473462157144
288.2676810368074,290.29893384504254,294.48304324247766,294.33522551768374,293.11552813930894,286.1358671648988,283.6877487850116,291.46601447755813,291.9169820884754,292.6322484751222,291.205586717397,292.00178082910094,295.02867444370605,284.4560004509211,290.7868224729799,293.1836854434952,291.275085055354,292.05205015818336,290.06828187123875,288.14650426259
264.3131169014141,267.7668385939116,267.1264449690103,269.9441500345647,267.4940637965851,266.0975419825699,266.23196666738636,266.48929764462144,264.7411017869199,266.5016552613783,265.2627409311221,264.8065565830389,267.1368504399884,265.0459432987928,264.73716675443694,269.8500490174993,265.61435933187664,264.6536592652244,267.1606554420161,263.09153981154367
238.16367377626008,238.8499557196918,238.71768075515973,243.13450570731848,239.2487515342048,238.9549101710767,240.63801173916158,239.82002116385885,236.6752484796972,239.3250766179632,237.03091577836614,239.63263350179196,236.5978208812291,234.93648551238897,238.8603748272911,241.40851756470263,238.69045731481165,238.6544867930391,238.09023944658404,233.84343503591018
216.94328186501573,219.10440833823645,220.62429304208504,218.44795813424153,217.215729845987,218.42771490739526,219.7896229095338,221.34977505657076,218.6042151675107,219.17382779251128,214.54475742813943,215.35278287317456,219.96349355746932,214.96277726917484,213.87273896943438,216.4240362736669,217.74780419562524,214.78389594228608,215.07443590599536,212.9693956088254
208.45951594022236,206.54317885478525,204.91748815208294,207.58146026478082,204.9005933926722,205.9629422358257,205.54810228706705,205.92486741809302,205.69526833041417,209.45673664197344,205.93147051145363,203.7626091360012,205.93697491976954,206.40786615709746,202.95114910543262,207.03030586251697,208.3148666106558,208.29736698920394,202.14486165065188,203.34155149231515
211.73505745076946,214.03835993307717,212.60606996922982,213.27495985410246,208.92697277285808,211.04785648883458,210.81717842952352,209.77343810067902,206.30879269007372,213.3359328068281,210.40349088221052,210.11545073216078,209.92455281306098,206.75246127418134,211.13223061727697,212.08215570511322,212.52891762117488,210.10218804049194,209.03776966150804,206.01367128950747
213.98469469347307,214.76872248230833,213.27946073242333,214.93936353724112,214.1291517500725,213.844665230738,213.18400654682628,217.02426782314862,210.47982359973125,214.1644219297349,211.4826271228799,210.92772055555108,213.44747056372418,208.44155568126976,210.7243637612299,213.96827693516238,212.05700587189747,212.15128962481998,210.41233292139808,207.87016518953334
225.31547073197547,225.7711660058422,222.9763141381091,226.20449757593403,222.749082620412,224.29738043309288,222.12255618091353,226.28677194838633,220.38088353216054,224.05487788217627,221.79112945657116,221.3281117292429,222.7728676986134,223.62455011597714,220.50045724710603,222.87334889006698,224.07642439033515,224.43634264434456,220.06313330190284,218.1655688383457
224.4372154456778,228.30056444495932,225.99043131702567,228.75552498159246,227.13278187375775,225.86693938921786,222.8888217415677,226.49341534142485,227.51585960581232,224.65060222634466,224.40468929464288,221.1385722704569,222.61296195050042,222.75846738476187,219.65242839502397,224.03267920542487,223.1332810304226,222.3056594414422,223.6372454614722,220.22021829998656
236.53074111671202,236.81407381261235,232.67430222873384,235.77682223335788,235.29831778010606,234.74595114682018,231.3435155178938,232.94435248909141,234.19764074200316,233.94804061524013,232.12977134844155,231.93156354077183,233.4706494398176,232.29187753145425,231.33669660001345,234.5108925818229,235.65123496615323,234.00066292892515,233.5856422986477,231.28896131202472
230.06240910948088,237.76811760917357,230.96522477119018,233.75265603546455,234.84648266291128,231.84535163992516,228.5879598588728,233.1918920816419,236.19925804241066,229.6964047958752,232.79834433681557,233.11048542716463,232.761601735041,232.24306173355612,232.79110863844724,236.36716383646805,230.6513106705135,230.21271048743387,229.71259800763707,231.94294791865318
229.0991819035281,229.78575466927848,226.670731746038,230.47254865257958,229.50201549565,229.84925380026598,227.0850754838551,227.8794211452846,232.58944900076352,227.04438148439056,225.47476581285167,228.3255234058427,229.49359676242406,226.8373958781866,226.122022713812,228.92462479261027,229.19870755984584,227.76554174168703,227.61852281658332,224.57539940193186
224.0829706295221,223.11111256678518,220.35749277672775,222.3000377917763,222.28152440952454,221.9763802360977,219.90129297618444,220.51744176114255,220.8198890819678,221.72604616209898,219.7782158311917,218.97285367776303,219.63688559283577,219.7004012732049,218.4325030038854,221.25344511158255,222.278909119285,221.6028761347313,220.89944625031433,217.52098860376455
216.33110843728096,217.16755371642842,213.33801161221135,214.890160079023,217.68562067891466,213.85232750460028,214.78621780763925,213.62671783117926,213.80808058713922,217.02154635188333,213.84952202539827,212.87862500513364,214.2475610811685,214.69186858381798,210.27017693657146,214.48502001344016,216.31353379569683,213.83214985198438,215.45071676975812,211.65842752147677
196.87105252420267,195.83947602410257,193.40190532537966,196.3072005386468,196.0475955213589,193.45263267985368,194.85310834148612,193.21418352389261,194.20833218646553,197.026959094891,196.74876900932492,193.64447999855128,195.3942402939797,196.24092886081087,193.59880429461606,192.89435684691344,195.59300062223085,195.62088601511337,193.73263608662091,190.94918343659302
187.79703327444037,188.49127696208407,185.7775296221722,188.98868460389687,187.77353884734907,186.77760421750554,189.05381968929035,185.86974054661792,189.36231289509755,191.1813869053764,189.42453853656423,185.2090426379399,189.97302769648533,188.46547955506358,186.13016930165668,187.31747149070506,188.7642673864821,186.9238984479644,188.19657804483285,182.39651815196456
179.91579963109842,175.25528894284045,174.3111065801165,177.83614205023562,174.95420976363715,176.2759447826231,176.87776535063358,174.65854432801467,174.6480982748056,175.08336124480653,174.0071684022119,172.2021138303759,176.2798449548398,172.64537480547747,178.5304122746,174.19098925510693,175.0718378661601,176.88534562451488,174.62719877637295,171.88899291204774
177.39523765644813,177.2450543331907,172.70697743247277,177.59413257347802,174.9692695274709,175.81123114139316,175.21679538402094,170.65481687552773,174.116687345581,173.67640674241096,174.16461349375876,167.6909370493797,172.61600347998584,172.22028312260068,169.89786525446638,177.68838920683956,174.46417048902276,175.81489086449218,173.79951615931822,171.56111091357295
174.7584045622176,174.08996697010744,174.00870942960128,176.77362823301723,173.95869647242503,178.39538641063325,172.4138775524419,172.13395666850667,172.5891460398895,175.42300645276947,173.78793441812152,172.32322248271723,172.27507982191855,170.9508853775015,173.59691126869947,177.56837394364035,174.2845945135278,176.78728466668403,174.24070931209798,174.99408757178597
177.71165172123895,180.86482824660823,179.8350831395063,183.3707269292773,183.6417581029369,179.9286192190857,180.2818917927467,181.54778069745703,178.97327643927892,179.29829052191255,179.69715389100753,178.47966827588988,179.47047258096703,176.76369692641273,179.73702681442836,182.1722307636958,181.33191371936076,176.47548131210547,178.63971846799467,177.42671325622996
182.21583737171,183.47898111249947,182.95320680999637,183.39039593278156,182.80604734770185,186.64109933234258,181.71870683625693,184.44070035915445,183.05863703767872,184.73483747797854,182.9267733408976,180.82514753460185,182.45644546276736,181.32006317649547,181.5018034720759,184.80655088645497,180.10867894758886,182.8038593540858,181.07878062349775,178.09882664970627
189.31915176215347,191.55444387098737,191.6780228490903,192.81552347356026,192.23570854925174,193.61570483330686,188.5959932281166,189.6657365094474,191.7085380094242,190.55243330608164,189.19702749968232,189.37599432873435,192.72754410965854,191.66051334518062,188.69660721553515,193.8384479040725,188.8894951255193,192.40629344505282,190.33997158482293,190.02259181066424
202.2280994431848,204.1101584665652,204.72771532218903,208.23010052734014,203.2998884248028,205.04683556355025,204.88418933742415,201.45874594445294,202.2190644038803,203.7588675687433,201.25057543149603,203.36275034432984,202.65025268661938,204.20459277119573,204.13361691298425,206.28404009381464,201.2267461264346,206.60125373133894,202.6204236758629,199.02416208740195
197.09298550666358,201.5185205469416,195.48023684727883,204.1144299024075,201.3235186147351,199.6318265008429,196.35123599695092,199.34386201345876,197.72131898398845,195.55825957987716,195.25605497801163,199.5244020647722,198.09134476003425,198.68038961923847,194.3994521978352,203.1131936378281,196.34099848528527,198.09220755431514,197.07267300575947,190.9409495918622
186.8605629151757,194.22234885234957,186.625597187723,194.72516017270164,191.79897582426258,190.50667704734764,188.8573061603643,192.12160031379716,189.55176757882398,186.01060018499896,187.2863922198582,192.91727844858073,191.1809159048039,190.724348892325,187.87461608032322,195.66498142156394,187.13228834992623,191.0213373001356,191.07243601285,183.04267428371938
178.21958545945498,178.22165508140708,177.95493335154487,184.60533134714507,182.4680913265637,177.8987864613437,180.02974337812267,181.29640040962641,177.68315522102614,177.4324594252235,178.0537447812842,180.14607473831853,178.53399680421344,176.88988476128225,179.7694665320684,180.69681292446614,176.52190417349814,179.42025633868454,178.63542866020336,172.72298965862748
165.18757976064595,165.7593854917368,165.01883133878763,166.4126616491562,165.09999551345632,160.9382707474289,165.50524086371132,163.2459505351293,162.90495944799076,166.01796834636372,160.0170258873188,163.93887880182623,169.6619514270148,161.7388210680996,163.21642273599022,166.67068870888107,163.32129851848615,165.45318771285702,164.72141398436034,156.90502954153916
155.06610144502818,154.03741977477804,156.79022380849116,157.5543642812197,155.92907508321267,153.69936232500075,157.23429206405706,154.09530860693206,150.62005637455442,157.79201282927258,152.5980455175391,153.47598166036482,156.82744810377832,154.17948191968532,152.5217087590258,154.41862142772774,158.1094711561941,154.12091448125807,154.59291291447585,147.55195286816013
148.3238793685325,152.33231401484306,150.27154323514006,148.8441435748098,146.87804161499352,146.19058774034048,147.97869281449985,147.3865129797614,143.54800485321195,151.22031350331542,146.84849849801785,147.52473263082652,150.14107250157699,148.16837765110697,145.6749059971674,146.50998424825175,147.70857273666914,148.1059262752556,147.08982061397458,145.6595070822999
148.7769552062288,149.68363197548766,147.00612114135333,148.14239481492754,147.96118983851096,145.26930237772538,146.61282280922765,148.24320260231482,143.94556128255638,149.58585313241417,147.43413650927596,146.37459258213295,145.19245243905817,144.3215126471182,143.69839097748155,147.83382723912746,146.19449023024578,146.40510957243222,147.61368511500447,144.54997799594415
155.3203868310687,155.38745044357236,157.6305887154539,157.67517368037477,156.88982907994557,153.69775667101484,158.4776672692777,157.00468681052422,153.33204481414785,157.2164351991446,156.06742383911975,155.7585464729938,154.5861310098955,151.68367028556634,151.3025503588378,156.0139604778326,156.35045162033828,153.93887047499726,155.6244679748285,150.59241158401204
172.81481792569824,171.58671636705708,170.93522676982636,172.01344847498865,173.1600211012368,169.46122509990872,170.206434185842,171.6387451015732,166.87677372121766,172.09647862377756,170.70881671230836,170.91572077409575,169.6025777487651,168.35279083156775,165.89121718336747,170.52912990803603,169.9883480625473,170.7295338209477,166.86817042444704,164.7521221772819
188.65388777025473,188.92608859908927,187.61586340921892,189.19785082128348,188.44449442674676,187.40075320222238,188.1871348004915,186.34289967896555,184.56505467803203,188.5861673792959,186.49668753233973,183.8792038046421,188.54313080725709,184.5232531780787,181.51541579824288,186.38218279712095,185.9206933774301,186.08679053890265,185.11742054288834,183.89346345292932
199.90748381316436,200.61731017270984,199.61256496744247,200.17484852026436,199.79162436370981,197.2650603039273,198.14861051214703,197.07695296031565,196.18354771468557,200.78673095762474,198.04762958577467,195.68603074680908,197.77701875088127,194.590113475323,192.66921589600096,198.2619602938946,197.32056456557066,195.22284758692214,195.85365211205357,195.3504428072629
213.8864339064009,210.6891451308192,211.23324401931342,213.9881612031226,214.05437443742616,211.73828418222334,214.03386083465088,210.707817917299,209.39477373719677,212.4310840715474,212.39683887316096,209.7918500217933,210.62976965737192,209.52115713076893,204.89597528164967,209.92132507485306,212.88996049814932,211.14998934464208,209.20427324168926,209.2164209962271
218.13457102896524,217.41437848491495,216.96587913092,220.7075297961863,217.41470178861354,217.81986797016228,216.9913160328207,215.29288419146087,215.8135797297063,218.55145436245874,214.31403895472172,214.89788400509164,216.17982037809273,215.40192702655585,213.7554931767319,215.58713955560546,216.07709643112463,217.3941116993098,215.88051685529857,214.4174726281369
210.4427428821484,209.14287430099625,209.99698420844226,213.9881612031226,212.45045767039397,211.53221679807027,210.43779704291657,207.0811543102852,206.60412350389046,213.06842870581943,208.63162355065032,210.0744349097342,208.7455385784604,205.26550021192162,203.27595869925034,209.4342938588922,206.55995221493768,209.31990162172437,206.25111047491652,206.69215515819
198.21467046042264,201.66078012638,198.96301285412204,202.32005617805282,201.9087981857064,199.7906747181452,199.8154613328697,198.07510407480945,197.1050805473937,200.851899839508,199.894330352447,197.84660531045827,200.08194941341506,196.52582117076068,197.29023105970438,199.80699366876615,196.7745778404809,201.0903161689879,199.35140799096777,195.0682856492594
184.56508168353616,186.115672120611,187.55439560275133,186.52964573877946,188.55304966230707,184.94416882933533,183.15850824278553,185.4557136175842,181.69058304657162,188.44531855181413,184.64847980791984,187.00009032026142,186.0258299487231,180.9952722116437,181.46853540950477,186.2802792020702,187.37365031073486,186.57031616527448,185.2850631646441,182.00037911157534
163.1328343193818,165.64706251780376,165.6734216206968,169.88236005714398,167.09238470934315,164.08207677972092,164.78124163059064,163.56542477691158,163.13425474387216,168.96973786115763,162.18039087501091,160.16512315751226,163.80513130892743,163.69597616967798,165.45822703188153,166.90606751119347,162.17330021318864,168.64909867689292,168.61597668753276,160.4176981887585
139.33016118539842,140.45526335751646,140.47144304385597,142.88782576879947,140.87547416997128,140.4227775955148,137.66218611497303,137.34170176922174,139.28554379632953,140.33995679376295,137.64928918789664,136.26239956352586,138.79085714723243,137.96056687205754,137.41262969540753,140.4405296871279,137.99068408100695,140.12913358089202,138.54905091654288,136.7225283973278
130.54037734087441,133.96059227742026,132.98774758595977,134.27968955224773,134.1327740377954,132.9361780684583,131.83277859551512,128.65687901966388,129.9012223578447,131.5402199801994,130.28233465449483,127.16038661841773,131.98276163498963,126.96831723559401,129.938721605382,132.88136375953687,129.58567433172038,130.73902423825044,131.99747376297165,127.91953981679825
129.01065630665897,129.86197476729927,131.16866838649423,133.04674050567587,129.75190367598626,129.29502480566165,124.83769172847649,125.42390067079279,129.22759807976854,130.23932661112724,127.92400263299372,124.50148695902278,127.31819456715081,126.06342627105427,125.77288669953573,132.1317152073103,126.97437884904274,129.52209351102542,130.4927939251725,126.45544177021355
133.15256819837583,132.76589784975067,135.01326653713392,136.52760943401674,135.52394882142542,134.05534801919913,132.24178958646246,128.24027104267213,131.98312827545496,133.51669150189758,133.0933743192093,129.2857673106501,132.2433866521211,130.0739770340077,131.28609263795263,135.2027507281765,131.15535985945263,132.97989250281512,132.55522795827036,131.42242018704536
143.89731677371267,143.14928386955668,144.87468882090943,146.25460987330325,145.04606601076762,144.41776538603108,143.91211010327297,139.82199926187903,142.96833361081863,147.72077031614572,143.88056203575871,140.82295524902733,144.2213753718394,139.99815950272702,141.72201500756702,145.06136702140907,143.3756701410397,143.33610698991635,145.61631934818357,141.27615023021013
157.22550687631073,157.88762988328597,157.19296769162554,160.82452052200253,157.6875425567476,155.65832052656592,155.38034553839,153.43129368834298,156.58593335632918,156.9535036850053,156.080080946194,154.35320683304613,154.1388008844645,154.41711219773458,153.47869351651013,158.36041822971586,155.46673765002419,159.37093582132997,157.40696071337499,152.9771736347539
177.718322943184,179.38127749268872,178.5423989261137,182.73308962519926,179.17775160303256,178.93417321257368,174.98165501971536,178.01883423876808,176.41236757170006,181.65590630307872,176.84991349213763,175.14721420164713,177.72737997711786,178.89636366800465,178.99147444857974,183.81039072921226,175.9652049891026,181.59875783389506,179.62718521046259,174.92736950235872
193.50210226082615,193.6420818689089,193.69176456376582,195.7501339709944,193.40296528964836,192.27870315582678,189.26226911545115,190.85274067835672,190.17296666446867,195.97382060964026,191.86729158793756,188.37756779816556,191.28179531273693,190.27051257818897,189.55596707416987,192.89717886460727,191.6819179944843,192.9148725708925,191.33522885592413,188.63748628033
201.17839663107958,201.1094717896415,200.54564518722486,204.4888550094621,201.7575323688517,201.21339840749027,200.188801332394,201.39452058421463,200.7030246726058,202.3940103670532,199.48912451075154,202.49799427731153,199.5921281649921,199.76791368407046,198.54266272144935,202.68050594662049,199.10745125650075,201.92876193604124,200.71421074917237,198.49318103307291
216.11496328943605,213.33365581860437,215.2948824304685,218.34089787900183,214.3139468087065,215.62345637273143,212.7123110161398,213.4005151533712,213.69484251025813,215.8555717524953,213.51693988185727,213.22963155416957,213.1134594917947,212.7615071768421,209.91411492059922,215.73850445105427,210.45866621707125,214.58333525430757,215.60148608847015,209.15369427537715
214.86425296989856,214.62272202598655,215.49295145708564,217.69314586646053,215.7014671148874,215.27125611343715,216.15898030673048,216.88801801833992,214.01967014827437,216.24094455078313,213.78506023923381,211.4496451060581,214.35974983938027,212.82456691812067,209.99646596694112,212.47320654300412,213.04053084597857,214.22656535793342,213.71662317049896,211.95948505576314
213.8326687385623,214.02335141865694,213.44024965838474,215.8085880573698,215.70446332061874,215.42686193656758,215.85986501407297,213.08500397422108,211.87830060694165,214.10475286811484,212.54850347970336,212.34896242767067,212.17269829970962,208.48448329802073,211.823767308697,213.6274486256681,212.36166838046933,209.73523882476104,213.8139939296263,209.25612964780046
202.90061685088335,201.13682138074674,200.57821667821435,202.47929050516515,202.79334575954593,200.2339348371831,199.44467770182786,201.9858274897375,200.52290880503156,201.3779888717896,200.77909617440864,199.7113005937338,200.25205715121515,199.50968386658263,196.38266972066452,200.60232246850563,199.1670740722042,199.68425318431224,200.64148264269437,196.33577081572548
194.23521893749708,193.8442253636789,192.4051516986838,195.47830514322825,192.6256398960928,190.70487655543113,194.09361037159493,191.0061779940714,192.2665613254935,192.99903556987178,193.3851278107314,192.77077735351094,194.07006520709663,191.82894128832322,188.86089703248095,193.58555107219206,192.14144200061602,192.64204021541505,194.59214575768743,188.80244980842457
