0,1,2,3,4,5,6,7,8,9,10,11,12,13,14,15,16,17,18,19
157.67929073598503,158.0413761791108,155.85174047342656,155.94475490918643,157.46462553339808,156.86187205694907,156.29229098791956,157.8502765891093,157.90688586342552,156.62933364644323,155.0991550624538,158.70851374352173,155.02068999108658,156.2029509788309,156.89504446436857,157.4273673576439,155.8662898378192,155.21080231482387,158.25974674273598,155.93020554479378
142.08291388459102,140.95651422236367,140.5944287792379,140.95651422236367,142.1026692066982,141.42145065888198,142.4449993277168,142.51449982355342,144.00298492890656,142.08291388459102,141.25186340225105,140.5944287792379,138.46782656916022,141.0593652157562,141.6377327701799,140.12413483727158,140.95651422236367,141.0593652157562,140.95651422236367,140.5944287792379
123.0536251643715,123.91927114188972,124.71785603136722,124.07980389166691,121.2435299660118,125.82994703451241,127.30565412059963,125.27311627514308,126.63792707568275,124.71785603136722,122.06204193225433,123.55718569876394,124.9518478625306,125.46786159138664,121.4476704339482,122.422798472628,127.89512693084185,125.30732884160945,120.56231141819558,125.10318837367305
116.83076435283462,117.3969902638968,116.83076435283462,117.55752301367399,117.87406834377663,117.55752301367399,116.39361275847673,118.75083539715015,118.95497586508655,117.19543757054821,116.20385433843104,117.03490482077102,116.36438708820823,118.59452946854124,118.23874156149022,116.36047041086832,118.58771665061177,118.22563120748599,117.1928497959604,116.83076435283462
110.17585635688758,110.74208226794975,110.35618057488557,110.53794180001336,111.39948456582758,110.90261501772694,109.7387047625297,111.29669036371945,112.09592740120311,110.54052957460117,109.3448058745476,110.35618057488557,109.729270560482,109.37661931940391,111.76415778354117,109.70556241492127,110.90261501772694,110.17585635688758,110.53794180001336,109.37661931940391
111.43109750848713,112.51418522107831,113.67590016620149,112.51418522107831,113.91845424006078,110.3339579845268,111.7513876933125,114.07217082226806,112.62811808163642,111.4829787624657,106.35851026427825,109.08905603229782,110.65192828012573,109.19638084645094,112.52628275340771,109.0058647206667,111.7931829516129,112.15209977795253,112.08316455332789,110.76120589584954
103.99980808000767,104.36189352313345,103.99980808000767,105.29957637060797,105.04311207094968,104.36189352313345,104.36189352313345,105.9198791243232,105.9198791243232,103.99980808000767,103.16875759766769,103.99980808000767,103.16875759766769,103.99980808000767,105.04311207094968,103.52951413804136,104.36189352313345,103.99980808000767,104.36189352313345,103.99980808000767
107.17260483882094,108.59117950992538,104.9380486094009,107.53469028194672,107.03784182832156,109.7345465444863,107.53469028194672,106.85811965371643,110.39578740491464,108.48142194954859,104.10699812706092,108.47571636059911,107.39804358445963,106.24116013117906,109.5247259404906,108.0054224186328,108.83780180372489,108.47571636059911,108.83780180372489,108.48142194954859
117.85029935716697,120.26053227277158,117.85029935716697,121.56934938349923,118.70719459116776,123.30448105673051,120.4469410297128,123.10032994817138,122.95717759965875,117.85029935716697,119.8767889018447,120.08485558658703,122.11134513126476,117.66389060022576,125.76693623494555,119.61456164462072,123.30448105673051,120.70783938418468,123.77690057640166,121.39367269731467
104.22739662356108,104.58948206668686,103.91957080241457,104.5742772312663,104.96287479335658,104.28165624554035,104.28165624554035,105.8396418467301,106.14746766787661,103.13781800636606,103.3963461412211,103.15875869630051,103.3963461412211,104.21219178814052,104.20206268724252,103.75710268159477,104.28165624554035,103.904365966994,104.28165624554035,104.68625621071635
99.72751731907981,99.48189802983315,98.53318804560402,100.08960276220559,100.77082131002182,99.43830110294486,100.13319968909387,99.01112290047392,103.92139269129872,98.53318804560402,98.89646683673983,99.77111424596809,97.65854063637576,99.07621565981908,99.84590280773537,98.60592171785278,99.43830110294486,98.48959111871574,100.13319968909387,99.72751731907981
93.23217908299458,96.73981567746887,93.27577600988286,93.63786145300864,94.27548307393658,96.81882361194032,93.59426452612036,95.15225012731011,98.06427536049144,96.1442043161759,92.52373346201436,96.06519638170445,95.66928461336288,93.23217908299458,94.31908000082487,95.6739103742096,93.71686938748012,93.23217908299458,96.50628975930168,93.23217908299458
82.62890636238627,83.03458873240034,82.7760220055407,83.03458873240034,83.67221035332828,82.99099180551205,82.99099180551205,84.54897740670181,84.65249612296795,82.62890636238627,81.7978558800463,82.67250328927456,81.84145280693458,82.62890636238627,83.71580728021657,82.15861242041997,82.99099180551205,82.62890636238627,82.99099180551205,82.62890636238627
78.76999409760343,79.8142533880202,81.39697281295045,79.8142533880202,79.2894727680862,79.8142533880202,79.8142533880202,83.83862740241838,80.68007317368244,81.90856438986631,78.09729214209521,78.92834262443519,78.62111746255445,79.45216794489443,80.99707154451578,80.93667083922068,80.31585299669955,79.96375952181029,79.8142533880202,79.45216794489443
74.02752942638122,77.3318526135082,75.90009747272067,76.81895780206924,77.45629627510165,76.81895780206924,73.83283998328422,77.82016851703621,78.80032250636114,76.45687235894346,75.72385225525191,75.90009747272067,76.0053209049218,74.02752942638122,77.50017634988546,75.98657841697715,76.81895780206924,76.45687235894346,76.90076492193658,75.9981278513691
78.95441665850247,78.76808710479597,76.71476877409125,79.31650210162825,79.4493056526122,78.76808710479597,77.07685421721703,80.32607270598572,80.874487702818,76.71476877409125,77.57495117933021,76.71476877409125,77.57495117933021,76.71476877409125,77.99817608363021,76.24447483212495,76.52007933099425,76.71476877409125,77.07685421721703,76.71476877409125
87.91877170895884,88.28085715208462,90.32375669830168,90.68584214142746,91.36706068924369,90.68584214142746,90.68584214142746,92.24382774261721,89.83884275327438,90.32375669830168,87.08772122661887,90.32375669830168,86.14476509139111,90.82183895238185,88.96207569990085,88.91050662110761,90.68584214142746,87.91877170895884,87.33790101685686,87.91877170895884
95.3816540986451,97.54301251609549,97.63042664187041,96.54915185730637,98.09038621369766,97.55130758119927,97.41859108760949,97.79300824566113,97.30172514296063,96.18706641418059,96.22545516214373,96.84534094840089,95.88044561584685,94.71753244895042,97.92002519971646,95.05265082251961,96.613178772074,97.63042664187041,96.75945232847761,95.4828522944651
105.19028263526525,104.7921288352048,102.36318895758532,102.7252744007111,108.62219230773897,102.60455116051715,102.40352315367309,104.28326000190086,104.7872437880812,105.19028263526525,106.62711459426303,102.78686797711556,105.10466241949352,104.51034815872913,103.40649294852733,102.31657403514926,107.82025051972879,102.24246571739137,106.29779834495928,102.16216095074127
111.50804596596211,111.4809371344772,111.11885169135142,111.81584205134749,112.21644504003383,111.87013140908789,111.5352264922176,112.03871866559922,112.03871866559922,110.17293697902409,110.34209056675185,110.5510610954475,111.67719955368987,110.17293697902409,112.16215568229343,112.03795609406355,110.91314653857327,110.11864762128369,110.53502242214986,112.50825003602985
127.35167806455073,127.60644198078518,127.35167806455073,129.1567296309555,128.74798923089753,128.80372245555074,127.95944915618996,129.94684740161213,130.36170805674047,127.59736371306418,126.52062758221075,127.2443565376594,127.85627217859843,128.6873226609384,129.37761947647564,126.88138412258442,127.95944915618996,127.70468523995551,128.69640092865941,127.35167806455073
113.90908372579652,114.41476201957285,118.47736341664005,114.41476201957285,115.09598056738908,114.46108565107049,114.46108565107049,115.78283113861441,115.82915477011205,114.09900020794471,113.0317096119589,121.21527962626531,113.0317096119589,113.90908372579652,119.98205258469459,120.69866205280137,114.2711691689223,114.09900020794471,114.46108565107049,114.09900020794471
119.21643629849385,121.32058131322277,119.21643629849385,116.58586325425483,119.92775481324112,117.50447669382174,118.54347522464681,119.0624622950115,120.10146082583657,118.18138978152103,118.05340033995914,116.73254735093494,116.31134076835599,119.83003714891221,119.13128156825107,117.20232629974885,117.50447669382174,116.43933020991788,118.54347522464681,116.43933020991788
110.11936013712562,109.89549772847904,108.64056304330299,109.26513380649635,110.94659271574253,110.4814455802514,109.50525961871871,110.74210976404295,111.85795550501673,108.65063617065248,109.28830965478565,108.90304836337057,107.6035142759874,110.11936013712562,110.36064486397017,109.64906619515932,109.71402205205462,109.61442192899642,110.29996990382698,110.11936013712562
110.37930518600025,109.49782739334097,109.13574195021519,107.41010762562343,108.41558320052611,107.73436465270989,108.15229739039081,111.46919152168445,111.93503085197662,107.13286695337692,107.80191395931502,107.13286695337692,107.80191395931502,111.31779136096227,109.13399798057556,107.49388427624527,112.09780954176898,109.05089717933592,111.8583972855618,108.71780921253426
106.81031249437625,107.17239793750203,107.24029204529376,107.79226986786517,107.13927115372432,107.60237748841953,107.17239793750203,109.16036308960929,108.01603820709785,106.81031249437625,105.97926201203627,106.09596716278232,105.97926201203627,107.24029204529376,108.28359603623576,106.16078084351057,107.17239793750203,107.24029204529376,107.60237748841953,106.63107478547687
109.20704634452707,108.56370282199046,108.89931920198917,108.12849732867194,108.86441533377959,108.88706395029683,108.86526462331938,110.42325022450913,109.39281090819162,106.19571876152598,107.12918955546569,108.66410720213914,107.36440155531572,108.5031791801936,107.23902275246799,108.0328852382273,108.55753748078148,108.45636950256102,109.02619264526491,108.45636950256102
106.38396705181748,108.86526462331938,108.89931920198917,107.22615022866346,108.86441533377959,106.7722540164435,107.06522220671792,110.07487874554764,106.43617645156147,107.96024003780566,105.32914713886423,107.61186855884417,105.75567644975327,108.20161737886468,108.50799723859436,106.388793024269,108.5107278031489,108.14864236002312,107.98770671272368,107.41788357001977
102.41462292240662,98.94336866050703,99.4446955569419,99.80678100006767,99.78413238355041,103.52738520749847,102.7767083655324,100.45454458406421,102.73741143039648,99.12337484157474,98.33913403686735,98.53447353974867,96.10614052108302,98.69401871497583,99.73732270591783,96.62644223668384,99.48546028470052,98.53447353974867,103.52738520749847,99.12337484157474
103.57099769323968,103.97989281399803,104.32167453520574,104.68375997833152,104.66111136181426,102.33580060003978,103.93308313636545,103.89378620122953,103.89378620122953,103.57099769323968,102.78675688853228,103.57099769323968,101.14266467457402,103.57099769323968,104.61430168418168,101.50342121494769,102.33580060003978,101.973715156914,104.68375997833152,103.57099769323968
105.83707123131354,106.40068119097673,105.58305486759359,107.05752165294219,107.08189973879296,104.7584275155365,106.30684481097613,106.31457457820821,106.31457457820821,104.39450353389267,105.41027891947391,107.18033740391928,103.5634530515527,107.83861193813958,108.22364139486129,105.11276092562728,104.75658897701845,105.58305486759359,104.7584275155365,105.58489340611163
102.3566869295972,103.48366971965362,95.9263399169868,96.99167519805677,103.68590239644891,103.48366971965362,101.42567915564959,97.84641096130234,106.77537485273129,104.85530380841575,95.09528943464683,106.09948575742065,97.15327999865086,102.79731324441173,96.61654332060802,102.72433129617328,96.13371052120776,103.3493400770444,100.71893748411209,96.47836674961948
101.20266896299604,101.08250560895058,100.47372073606249,101.08250560895058,102.24597295393805,101.91785499344262,100.9649979847446,102.64049121014034,102.75853295334328,101.20266896299604,99.52516262951653,101.08516133879006,100.00741142668777,100.3562131118565,102.12846532973207,101.03774601960599,101.43560619627138,102.14151176405504,101.56475440612182,100.83846190902774
104.17517919156971,103.93028666748852,104.07505556897623,103.93028666748852,102.1706121549313,104.53726463469549,104.53726463469549,106.09525023588525,102.52279580452402,103.56820122436274,103.24400508663625,104.17517919156971,102.73715074202276,103.56820122436274,105.11835955991823,103.70488524960341,103.83016304489503,102.93946687549024,104.437141012102,104.17517919156971
100.11434540827355,99.91916155521528,103.31310068246886,103.62547745457171,102.12886292448484,100.52613952242226,101.3804301706951,103.4323856645265,102.08412512361201,101.51231462021097,100.681264137871,101.46260594918805,99.53060760699945,100.47858096633585,102.50590994013005,101.04202067824467,100.52613952242226,100.11434540827355,101.87440006333675,101.51231462021097
101.09876899851524,101.46085444164102,101.01450202904836,101.3022753909971,102.14207298945725,101.3022753909971,101.64632895972251,103.01884004283077,102.9345730733639,101.01450202904836,100.45319303425676,101.01450202904836,100.18345154670838,101.28424351659673,102.12276907632517,100.81394957463043,101.37658747217414,101.07946508538316,101.46085444164102,101.34920657293154
100.10968895217295,99.70516924174643,99.05461937697486,99.61784004920915,100.38638778956266,100.559103587836,99.14667148828251,101.34977316044636,100.70465708947226,98.78458604515673,98.4247041237434,99.51703130866811,98.4247041237434,99.25575460608337,100.29905859702538,99.0467373667018,100.559103587836,99.25575460608337,99.70516924174643,99.25575460608337
97.58263464452436,98.31937818890684,93.66540556148014,98.31937818890684,98.80321751143973,98.1219989636235,97.71425227451574,99.8773637900966,99.6468959769622,97.95729274578106,93.94756556198335,97.75991352049772,93.98065414983441,97.75991352049772,98.80321751143973,97.28961957853141,94.02749100460592,97.58263464452436,98.31937818890684,97.95729274578106
88.14562075104409,86.36007496977332,88.37608856417849,86.99088201262931,88.92685455018004,88.73817400730427,88.05773561689313,88.41059857590353,88.39322551816248,86.88076564134833,85.81350654058191,86.62879656950354,86.82203226376366,86.47315447384695,88.86778928612058,87.35419135321227,88.73817400730427,86.62879656950354,88.20704623195027,86.490527531588
78.37809639655963,79.4350371665897,78.95977471509836,79.32186015822414,79.99098145653116,79.21666660296451,79.09139234508974,81.09821632303908,80.42344169874993,78.85458115983873,78.02353067749875,79.07295172346392,77.89825641962399,78.85458115983873,79.89788515078074,78.60265778149761,79.09139234508974,78.72930690196397,79.4471344160989,79.07295172346392
83.37201276977086,85.51236713209197,83.51763581202599,83.96456602603104,84.41531676071287,85.06641839960865,83.73409821289664,86.6244040007984,86.6244040007984,83.37201276977086,84.44450546450098,85.15028168896619,82.54096228743089,84.82960721435764,84.41531676071287,82.90171882780456,83.73409821289664,85.15028168896619,85.74283494522636,83.37201276977086
76.41895669890764,76.73575500009653,76.07652587699266,77.57096875623179,76.80697556213865,77.46987095908142,77.46987095908142,77.9965969213082,77.9965969213082,77.10778551595564,75.24547539465269,76.07652587699266,76.27673503361567,76.07652587699266,78.15108950689765,75.60623193502636,76.43861132011844,77.10778551595564,76.43861132011844,76.07652587699266
67.14385234419139,66.93179467903707,67.52052243052137,67.50593778731717,68.56382642146338,67.45757516639816,67.95645693690717,69.4405934748369,69.01556076758791,67.52052243052137,65.73865875357131,66.56970923591129,65.73865875357131,67.52052243052137,68.13879371421439,67.05022848855506,67.95645693690717,67.52052243052137,66.93179467903707,66.56970923591129
67.79464451858128,68.35160018429782,67.85057326041354,68.21265870353932,68.83794850952329,68.21265870353932,68.21265870353932,69.71471556289681,69.77064430472907,67.98951474117204,67.01952277807356,67.79464451858128,67.01952277807356,67.85057326041354,69.03281873211405,67.34364832196474,68.35160018429782,67.79464451858128,68.35160018429782,67.85057326041354
64.90704273334343,64.89245809013923,65.19777595492421,65.1618004397693,65.84301898758552,65.26912817646921,65.26912817646921,66.82711377765897,66.82711377765897,64.90704273334343,63.96866451430355,64.90704273334343,64.07599225100346,64.79971499664352,65.95034672428544,64.43674879137713,65.1618004397693,64.79971499664352,65.26912817646921,64.90704273334343
66.76247198627865,67.11027333051281,66.65514424957874,67.01722969270452,67.69844824052075,67.01722969270452,67.27461647409687,68.80485904070656,68.91218677740648,66.9125310309711,66.04998069028728,66.9125310309711,65.91713740504706,66.88103117262726,67.80577597722066,66.18485030761244,67.16728873739696,66.88103117262726,67.11027333051281,66.88478799639103
71.26974617455105,71.63183161767682,71.21323400789807,71.85666697858272,72.25653799884007,71.74933924188281,71.73915935437674,73.30732484307256,73.30732484307256,71.49458153545694,70.2646759013521,71.21323400789807,70.55620331641705,71.37707391125096,72.42037790219297,70.79945223258474,71.74933924188281,71.26974617455105,71.63183161767682,71.38725379875703
73.00554759002033,74.6940155109031,74.36987874598063,74.6940155109031,75.41318273692264,74.6940155109031,73.3676330331461,74.92561863433586,76.25200111209286,74.36987874598063,72.17449710768035,74.33193006777732,73.50087958543735,74.36987874598063,75.37523405871933,73.86163612581102,74.6940155109031,74.33193006777732,74.6940155109031,74.33193006777732
73.57536144797247,74.6940155109031,74.36987874598063,74.6940155109031,75.37523405871933,74.6940155109031,73.3676330331461,76.821814970045,79.21717661764458,78.42093059283825,72.7443109656325,74.33193006777732,75.19451846289869,77.29710557332905,75.37523405871933,73.86163612581102,74.6940155109031,76.94464847285063,76.38765438836444,76.72729171537691
76.94464847285063,76.73692005802427,76.72729171537691,78.59595537985862,77.77059570631891,78.59595537985862,76.73692005802427,78.86471951716617,78.86471951716617,78.06847349235983,76.27899443488367,77.29710557332905,77.23742301001985,76.37483461489849,77.58353505021351,76.47435453088433,77.08937715850269,77.29710557332905,78.59595537985862,76.37483461489849
76.94464847285063,77.30673391597641,76.72729171537691,78.59595537985862,77.77059570631891,78.21396049493464,78.04856405056162,78.86471951716617,79.98854453667536,78.06847349235983,77.02082456946889,78.03893570791426,77.23742301001985,78.06847349235983,78.15334890816565,76.47435453088433,78.78301603596402,77.29710557332905,78.21396049493464,78.06847349235983
78.92362083222976,79.28570627535554,78.92362083222976,79.28570627535554,79.96692482317177,78.55391446525921,79.28570627535554,80.8436918765453,80.4463672784119,78.19182902213343,78.0422168107851,78.52629623409636,77.75810313792685,78.87326729312508,79.56960022503837,78.00564875302538,79.28570627535554,78.92362083222976,78.9512390633926,78.47594269499169
80.97484851963507,80.19446916657151,79.83238372344573,81.48265763014166,82.16387617795789,79.489592272679,80.19446916657151,81.75245476776126,82.49759496581721,79.12750682955323,80.1437980372951,79.12750682955323,80.1437980372951,80.97484851963507,80.17081082049523,78.96476518334603,81.33693396276085,80.97484851963507,81.48265763014166,80.57752392150168
83.24554514181267,83.60763058493845,82.98817944109342,83.3502648842192,84.28884913275468,83.3502648842192,84.00495518307184,85.5629407842616,84.20214760975179,82.98817944109342,82.81181925760609,83.24554514181267,82.81181925760609,83.64286973994606,83.32538055637826,81.81178262346995,81.82344765112038,83.64286973994606,84.00495518307184,83.24554514181267
87.00861561261566,87.57961632519027,86.29564658842406,85.69089316839485,88.2608348730065,87.77764684002317,86.9089321239699,89.33563244121292,89.38880201880009,87.00861561261566,86.37559564510858,87.20664612744855,86.58451091455741,87.25981570503572,87.19282607365274,85.42802804832436,85.63772359080768,87.41556139689739,87.37070105574143,85.89832199029067
89.09279757780087,89.52245198771014,89.16036654458436,86.25886643596147,90.13610156874287,89.45488302092664,89.45488302092664,91.0804375888999,91.0128686221164,89.16036654458436,88.32931606224439,89.09279757780087,88.32931606224439,89.09279757780087,90.13610156874287,88.62250363583456,86.25886643596147,85.89678099283569,87.32253329755831,87.7965302553215
84.81516648241863,84.93222399389029,84.81516648241863,84.75917766514405,85.44039621296028,84.93222399389029,85.28231481560529,86.73523752673417,86.31716326633381,84.11636695802585,83.73908806842454,84.39709222201827,83.67907864874235,84.39709222201827,85.55343312202433,84.03983518911602,84.75917766514405,84.57013855076451,85.17725192554441,84.39709222201827
86.39842250268418,86.31638001236412,86.39842250268418,87.1555666925292,86.91858934316495,87.04861134804753,87.3138890202211,88.92671942659413,88.6153247690696,85.95429456923834,85.18325350658056,85.99957998786618,85.28156641459026,86.72928141680272,87.031626252229,86.48150963512902,87.1555666925292,86.17262631661242,86.65544505574908,86.82750894145208
90.13674610489355,90.49883154801933,89.6427762122519,89.91375353365929,91.02172776814366,90.34050922032743,90.49883154801933,92.20397047053245,91.89849482151719,90.13674610489355,88.65340340222004,89.97842377720166,89.14737329486168,90.01245146925031,90.56178556755067,89.66645216292724,90.34050922032743,90.71065511288506,90.34050922032743,90.71065511288506
89.43086648190847,89.44268139587943,89.43086648190847,89.3661962383661,90.04741478618233,89.44268139587943,89.44268139587943,91.00066699706919,90.0026769853095,89.08059595275365,87.75557557777203,89.08059595275365,88.24954547041368,89.43086648190847,90.12389994369566,88.61030201078735,88.44469138411975,89.08059595275365,89.2989820323926,89.08059595275365
89.43086648190847,89.2989820323926,89.43086648190847,89.3661962383661,90.04741478618233,88.94871150323779,88.94871150323779,91.00066699706919,90.0026769853095,89.08059595275365,87.82278978374553,89.08059595275365,88.24954547041368,89.00411079524032,90.47417047285047,87.61231199902767,88.44469138411975,89.08059595275365,88.44469138411975,88.08260594099397
96.70733463809484,96.49171493495928,96.13488028601121,96.06754115965283,96.32200402080092,95.34096679969066,96.49171493495928,98.05495133032674,98.54367042879068,95.70545571652706,95.87628415575486,95.70545571652706,94.21504508019841,96.28057895142669,96.74875970746906,94.88878015521404,96.49171493495928,96.62359938447514,95.63742428668643,94.78661974509671
94.7469305840709,95.42260537171038,94.17447623198727,93.28642274818723,94.95307578425799,93.87453263830837,95.02528077357698,96.0945472763028,95.66512270681865,94.14237626063651,93.91588010173092,92.92433730506146,92.68139671284261,93.74505166250312,93.96764129600346,94.67396124023799,94.20456641613532,94.6631953304512,95.42260537171038,94.57180083012067
93.5052008282638,91.37271046382854,91.6798347171255,91.37271046382854,91.60258080601078,91.15396672551508,92.16565301091471,93.14137689618899,93.17048119195688,90.7918812823893,92.67415034592382,92.27071743937549,89.96083080004932,92.50332190669602,91.8351852733313,91.41700887944232,91.58339129499923,93.4214655746441,92.53063925871521,92.93274647618017
87.80190162229376,87.0686323714993,83.8941139902435,83.31653371860703,88.29279006170347,84.75716817758794,88.08025181179984,85.67505633959095,89.40216158239753,83.79233156251095,87.65291897730978,87.24948607076146,84.58667366148258,86.80002270072598,83.17289670490582,84.94743020185625,87.59153271333591,87.71816636867406,88.76231964915584,83.71301489710615
84.12932599009353,86.46187742430433,84.43705313263143,83.3585041167763,85.48035712357344,84.75716817758794,86.46187742430433,86.35712417694697,86.04279374463562,83.79233156251095,83.33364261614938,84.16469309848935,84.9610143563007,84.43705313263143,83.17289670490582,85.62949803921225,84.79913857575721,84.16469309848935,85.53351488035113,84.43705313263143
90.03468129150201,90.66912676876987,91.02196299652255,90.66912676876987,91.3503453165861,90.66912676876987,91.38404843964832,92.94203404083808,92.66967400669601,90.74960296238048,89.9185524800405,89.9993141831062,89.16826370076622,90.3070413256441,91.3503453165861,89.83674738367779,90.66912676876987,90.03468129150201,90.66912676876987,90.3070413256441
83.59617949297889,85.40525698229399,85.04317153916821,85.40525698229399,82.1993433879807,82.73458615249153,82.73458615249153,81.71413474886069,87.69174639569577,85.04317153916821,83.57864917654672,81.86586908616931,84.21212105682824,82.30759866364076,86.08647553011022,81.39557514420301,82.73458615249153,81.86586908616931,85.40525698229399,81.86586908616931
84.51720112182966,84.04843864781589,83.6863532046901,82.1628776152254,84.20607185553517,83.51731087246189,84.87928656495544,86.43727216614519,85.06215176881966,83.6863532046901,82.32417494699614,85.04832889718365,80.9490545496706,83.14208072450413,85.509322276792,83.15187841640791,85.72313249243122,83.6863532046901,84.04843864781589,84.51720112182966
87.16489689498867,87.44832947506137,87.16489689498867,85.56276844247088,86.24398699028711,86.91720169970738,85.18223465952605,88.43895783072117,87.58015853744169,84.82014921640027,84.88412749751573,85.9063157596789,84.34894537691609,85.25864872230915,86.70339148406816,85.18979355115985,86.88097222953141,87.08624403193559,87.44832947506137,87.05001456175962
88.33575140422953,89.02117977412298,88.03438730462291,88.42771101926692,89.10892956708315,90.34101226231877,90.66435518908645,89.95445834893845,90.61040364683097,88.69033260251544,87.85928212017546,88.06562557614114,87.23457509380117,88.69033260251544,89.73363659345745,87.5640933626566,89.02117977412298,88.21518521175851,90.66435518908645,88.03438730462291
83.77442167776661,85.68131126438013,88.99906719631375,86.15480389422702,84.86969424296026,84.24954402995644,84.31244329676423,86.88774501255497,85.69449272208215,84.29755882822785,83.11641752417287,83.95035785363845,84.48817533891437,83.95035785363845,84.21745591703456,83.11395822552343,84.55458138129275,83.95035785363845,84.55458138129275,83.84529496357757
88.81507121102328,88.68318676150741,88.81507121102328,88.64075005341668,89.43161951529714,88.68247501602963,88.84659489454793,90.73514225533881,88.85047511369194,88.8143594655455,87.9840207286833,88.81507121102328,86.69202614720261,88.38831552435514,89.85837520196529,88.34477726905698,87.82818436775678,87.46681067010879,89.17715665414906,89.19125415549156
90.58933393655802,91.6092911585164,90.86671370641551,91.28255011717111,91.95930765381681,91.6092911585164,91.6092911585164,92.11301394254227,92.78678475073104,88.87001063877699,90.36679396156285,91.24720571539062,89.36205198010411,90.52430451495991,92.24114843484483,90.45017073207903,91.5599298870286,91.24720571539062,89.50947585176026,90.57343490720184
92.75101298095544,92.94740957186188,92.38927824590839,93.80192724112922,93.018630133904,93.11309842408122,93.16177518545436,93.9147011004096,94.30934929022392,93.43984179800344,91.14427566062201,91.99463005609407,91.9686392599886,92.32431518957358,94.48314578894545,91.85402124760728,92.77066760216624,92.75101298095544,92.35671549921985,91.99463005609407
89.27740677147936,88.98048248936539,89.72792592106937,89.28328130240979,89.63268803354993,88.9514694857337,89.4019886353237,90.53846809055514,91.22649081942659,88.61839704623961,88.20885270985795,88.42101782095627,88.23786571348964,88.61839704623961,89.92469105880407,88.80711282951306,90.8400913128905,89.55955969941772,88.0296692947553,88.61839704623961
91.15452409654002,90.85759981442604,91.13701559500447,90.85759981442604,91.50980535861058,91.5166095396658,90.82858681079435,92.3865724119841,93.10360814448724,90.47800586976471,89.6354508853286,90.29813514601692,89.64695538742474,90.49551437130026,92.22684109111371,90.68423015457371,90.8400913128905,90.96864937335282,90.85759981442604,90.44899286613303
93.50064079887156,94.04739136682127,92.22947819547161,91.74308653987073,93.00286423974188,91.8931330596598,91.8931330596598,94.20823371293808,93.30107214106049,91.53104761653402,91.15458020568973,91.8095137290108,91.29932782572133,91.53104761653402,93.33146665956455,90.91070715477865,92.65024811174833,92.13037830806131,91.74308653987073,91.8095137290108
91.4586322211634,91.82071766428918,91.4586322211634,92.01558788687994,92.27433878402503,91.87664640612144,91.82071766428918,93.37870326547893,93.37870326547893,91.4586322211634,90.45591305257531,91.4586322211634,90.39998431074305,91.51456096299566,92.5019362121054,90.95561107370749,91.82071766428918,92.39789216556595,91.87664640612144,91.4586322211634
82.07877939501925,83.01044590717456,82.64836046404878,82.79207534354937,83.69166445499079,83.06637464900682,82.79207534354937,84.56843150836431,83.99885043933479,82.64836046404878,81.8173099817088,82.64836046404878,81.59893941808362,82.42998990042359,83.69166445499079,82.17806652208247,83.01044590717456,82.64836046404878,83.06637464900682,82.64836046404878
89.18524867857403,88.83298879010587,88.4709033469801,90.34901285795611,90.50708088417849,90.9620082845815,88.83298879010587,91.38384793755202,92.19111213200412,89.13489513946935,89.26075289644923,90.59992284145572,87.63985286464012,89.13489513946935,90.17819913041136,88.66460119750305,89.31774287369575,90.59992284145572,90.9620082845815,88.42054980787542
85.28924101245985,85.65132645558563,85.28924101245985,86.89759889279448,86.33254500340186,85.60097291648096,85.65132645558563,87.20931205677539,87.15895851767071,85.23888747335518,84.4078369910152,84.3353495366304,84.45819053011988,85.23888747335518,86.33254500340186,84.76859353138887,85.65132645558563,85.28924101245985,85.60097291648096,85.23888747335518
86.74680224067897,87.10888768380475,86.74680224067897,87.65523855099295,87.79010623162098,87.10888768380475,87.10888768380475,88.66687328499451,88.0604351695199,86.74680224067897,86.4621026255272,86.74680224067897,85.915751758339,86.74680224067897,88.19073343142837,86.27650829871267,86.50244956833015,86.60107857329817,87.65523855099295,86.60107857329817
90.50345121377877,90.86553665690455,92.59578507244778,92.95787051557356,93.66065946697266,90.86553665690455,92.95787051557356,93.22423233738837,93.57796970995027,92.01091736055605,90.49468121431573,92.20424953282293,91.7647345901078,92.59578507244778,93.66065946697266,91.18760472366843,92.37300280368183,90.36627488625979,93.52579178634463,93.16370634321885
98.23461917507822,98.15925517968272,97.08701414368396,98.41045527210278,98.84047372749895,99.50489072590987,98.35728569451561,99.71724078087247,99.96844087329254,97.08701414368396,97.21731934663703,97.79716973655694,96.25596366134398,97.33821423610402,98.32834864945886,97.32687579459063,98.35728569451561,97.79716973655694,99.30686021107698,97.79716973655694
104.59831088463163,105.19834830329715,104.9033163406044,108.31673883002345,109.24405052876942,108.31673883002345,108.31673883002345,109.87472443121321,107.06148773265635,104.50955416754793,107.36969605548744,105.14141668834081,107.1236029045577,108.20074653782741,109.24405052876942,107.73045259586111,107.50554469908086,104.83626286017137,105.26540178373018,104.66342766368861
115.09206320699272,115.4541486501185,115.09206320699272,115.2958263224266,116.01107256229147,116.02805765811001,115.4541486501185,116.887839615665,116.85381192361636,115.66597221498424,114.26101272465274,115.09206320699272,114.26101272465274,115.09206320699272,116.01107256229147,114.62176926502642,115.2958263224266,115.09206320699272,115.4541486501185,114.96776857134947
125.24338066017835,122.59299818337085,121.17476258810518,125.44714377561223,126.12836232342846,125.60546610330412,125.60546610330412,127.03915706885064,127.00512937680199,122.80482174823659,121.3998622579051,122.23091274024507,120.3437121057652,124.18723050803845,122.21806657904719,120.70446864613888,124.54931595116423,124.18723050803845,124.89958648031904,125.11908602453511
134.5628978348506,132.01385756697354,134.59749357075128,134.92498327797637,135.6062018257926,134.92498327797637,134.9032432554291,136.48296887916612,133.5155074097153,131.65177212384776,133.7318473525106,134.5628978348506,133.7988201807672,134.50656207640262,135.54986606734462,134.0362681344363,134.92498327797637,134.59749357075128,134.99195610623295,134.59749357075128
143.37817842292978,138.30775053847165,142.29316986269146,143.74026386605556,142.07897492392047,141.2188762494745,143.953739728586,142.77686185066426,141.362183234086,137.94566509534587,142.5471279405898,141.03567093297846,141.46211938035148,142.25857412679076,143.39654189171532,141.882943958807,141.2188762494745,140.89138654224942,141.2534719853752,140.89138654224942
143.50165890787076,144.7818880189446,144.41980257581884,144.8656232725643,145.46310656676084,144.7818880189446,143.86374435099654,146.33987362013437,146.33987362013437,144.50353782943853,143.05550191719178,144.50353782943853,143.58875209347886,144.50353782943853,145.46310656676084,142.79876049858393,144.7818880189446,143.88655239953175,143.631139883676,144.41980257581884
152.4210952383434,152.58209748332618,152.03087846986762,154.64401119703064,153.46439922928542,153.70840832658217,152.58209748332618,155.2656130979704,156.59606143489736,153.94068988847482,150.93522124762328,153.73575882213066,153.1057915379337,152.2200120402004,154.78291068127382,151.9508012963771,152.12835717308903,152.2200120402004,152.7831806814692,153.7396066903318
166.00228887470897,164.26398654324862,166.00228887470897,166.36437431783474,167.04559286565097,164.26398654324862,166.36437431783474,167.7212767208815,167.9223599190245,166.00228887470897,165.171238392369,165.80120567656596,165.171238392369,166.00228887470897,164.74412189292184,165.53199493274266,166.36437431783474,166.00228887470897,166.36437431783474,166.00228887470897
156.7099545310768,155.64575782294358,155.92586187859183,157.07203997420257,156.6839205445836,156.2879473217176,157.07203997420257,157.35960439981412,157.56068759795713,156.601631143059,154.45262189747783,157.1510608317078,154.45262189747783,156.7099545310768,156.6839205445836,154.8133784378515,157.42898414802636,155.92586187859183,156.2879473217176,155.6406165536416
160.0791948437188,161.1598801670183,160.51254939894227,161.60993534417506,161.1224988346608,161.33459492533947,160.87463484206805,161.44123851606753,162.73456639014134,160.0791948437188,158.89120018755503,159.722250669895,159.24814436137882,159.722250669895,161.0905858280427,159.6089009017525,160.87463484206805,160.36444016866903,160.7265256117948,160.0791948437188
149.0613053385443,149.42339078167007,147.35265433492822,147.7595714016873,149.60805822223298,149.0440741415953,148.82570357797013,150.98137638285982,149.27272537924375,148.56475423129098,147.63256765250438,149.0613053385443,148.2302548562043,148.46361813484435,150.32297989311147,147.49677308562474,148.92683967441675,148.71009483313995,148.82570357797013,149.0613053385443
135.8407284941709,131.27259763158347,132.6665391089388,133.74354622294305,134.30753030358073,133.74354622294305,130.55767596070498,138.05969922997085,135.18429735695426,130.79327772127914,129.36454003523923,137.45223706023373,133.14809750117723,133.38146077981727,132.55150338309963,135.669334243689,136.5017136287811,131.50819939215762,133.74354622294305,133.9791479835172
124.01446263966476,125.02837483650916,122.31772338095578,123.42766861614251,124.10888716395874,121.70466010405403,125.02837483650916,126.58636043769891,124.98565421733227,122.31772338095578,123.8352389110434,124.66628939338338,122.86009019101587,124.66628939338338,124.325354157655,124.53302863758435,125.02837483650916,123.91842960132243,124.90780864403814,123.69114067335585
129.3077927476326,126.75900090497936,126.39691546185358,129.66987819075837,131.12284611890686,129.66987819075837,129.66987819075837,132.424633101378,128.85475309727767,128.2398339398793,126.10363157062216,130.07954212796486,128.47674226529261,130.03871146175,130.3510967385746,125.92662151988728,130.44162757109063,129.3077927476326,130.4007969048758,126.39691546185358
126.20398347814465,123.81305506414155,125.67820299078353,123.17455091840723,127.06860825225313,123.13372025219236,123.48082152271995,128.47115579298776,125.02393939480372,125.77933536833996,125.82383674283898,123.45096962101577,125.06704698893626,123.10386835048818,124.18800300764507,122.34217153331515,126.3873897044369,125.25355488097884,127.4824514443243,123.11873607959417
129.35607564743293,129.231375606224,128.85526763421635,128.90158089347668,130.70565024268765,130.07152222256158,128.5482197614738,130.78936120741375,130.78936120741375,128.18613431834802,129.95171867682808,129.30655722577043,127.73196907644552,129.35607564743293,131.82607315011006,130.31247521720175,130.31667977030227,129.66234625174565,128.2419491571611,129.66234625174565
145.23626812027146,144.7249639021183,144.53351580747153,144.5615176521013,146.10893476273446,145.26426996490122,145.59835356339724,146.29014060177005,147.156339164587,144.53351580747153,143.53182797665255,141.93543137055113,142.86565826402156,144.36287845899253,146.11612586119645,143.05577745591623,144.5615176521013,143.52607139788253,144.8956012505973,145.23626812027146
163.7929852456892,165.70395554609982,163.7929852456892,164.155070688815,166.38517409391605,169.2926109159255,163.96866193187375,167.26194114728958,168.57059631702245,165.41415716916964,167.36835964765177,163.7929852456892,164.7695154437709,165.34187010297404,166.38517409391605,163.3226913037229,165.70395554609982,166.65052527270691,164.155070688815,163.7929852456892
184.45215602722283,182.76041963300526,185.8003542441675,181.42234909771804,185.49546001816483,177.6471196417096,181.0491396959976,186.3823547531958,187.73055297014048,184.46228370888028,180.2292131722523,178.7090827684123,183.6312332265403,185.81048192582494,175.8843746589564,185.34018798385864,182.7705473146627,184.46228370888028,184.82436915200606,184.46228370888028
171.27445837379486,175.50331846260644,171.27445837379486,171.9259617889817,172.60718033679794,175.50331846260644,175.50331846260644,177.0613040637962,173.48394739017147,174.41672537776273,170.45353557311233,175.7044452861509,170.45353557311233,171.56387634585593,172.60718033679794,173.94643143579643,171.9259617889817,171.2845860554523,171.9259617889817,171.2845860554523
172.51455412896703,174.76713775733666,172.20672830782053,172.8766395720928,176.68960747499833,174.45931193619015,172.5688137509463,179.4568727136157,178.06589352126008,174.70741581719642,173.5740018318709,175.57907162484855,171.68350364662706,176.14582247694455,177.45443787410233,172.04426018700073,174.45931193619015,174.09722649306437,172.8766395720928,179.03649894715653
174.90157516190095,172.14304406061115,173.23103709261332,173.04972599580535,173.2260179469328,169.85653448140147,175.638718285381,172.62719493601335,174.62967665249982,171.3156261815904,172.01921224492858,167.81995195682055,174.53065269681207,172.29718568327053,173.74744943136184,166.67352889381445,174.3920047973746,172.526826303291,171.0109118027673,172.53932454488537
159.9515017762491,162.84567501866155,160.04219195202836,159.12824723998295,165.2271536439238,162.10514379398586,165.82196525127875,160.63913959228174,160.63913959228174,159.9950987031374,163.30920224375353,165.50697305704395,157.84442113873794,164.23094290187277,162.26933165066632,162.01329563356947,161.5881131028501,158.76616179685718,161.63171002973837,165.4162828812647
152.21505518757778,152.57714063070355,153.25159479442695,152.62423387959453,154.24780553647798,152.28254371964493,152.57714063070355,155.1245725898515,155.94318916797303,151.87336502762818,151.34040777834952,152.26214843646875,151.34040777834952,152.26214843646875,153.2147622516315,151.74476124561147,153.56658698866175,152.26995395024684,154.38520356678328,154.0231181236575
156.96677239369683,156.6870661780051,156.96677239369683,157.11222554373418,158.01007638463884,157.10223357549765,157.10223357549765,158.6602191766874,158.87685146977583,156.9567804254603,156.12572994312032,156.7501401006084,155.9090976500319,156.31498876664278,157.88553288655513,156.486486483494,157.31886586858607,156.7501401006084,157.11222554373418,156.74014813237187
165.744410620548,166.4355597238145,164.04063362718784,165.79697771772436,165.08393761812985,164.73178273045434,166.4355597238145,167.44927876187555,167.12393003742181,165.744410620548,163.636677183637,165.532922653247,164.2747781321179,166.0734742806887,167.11677827163072,165.0589137755937,166.10649606367377,165.52920771756,165.46791405758364,165.85827137770073
179.59765142738917,178.72358874579805,177.35800354297794,179.95973687051494,181.09604018119322,177.72008898610372,177.72008898610372,181.07845255180754,181.5177224717047,178.36150330267228,177.3238312654577,178.36150330267228,179.22168570791123,177.35800354297794,180.20168549843402,177.89120936070597,178.72358874579805,177.35800354297794,178.72358874579805,179.158381507492
194.5095697800177,195.70816355131802,195.34607810819224,196.40471397787508,196.38938209913425,195.70816355131802,195.8751549828378,197.26614915250778,197.26614915250778,196.65406797981635,195.48743137290757,195.51306953971203,194.68201905737206,195.34607810819224,196.55637353065404,194.87578416622594,195.70816355131802,194.3425783484979,195.70816355131802,195.51306953971203
209.30515896375866,211.24520482456325,209.30515896375866,209.6798679355416,211.884332334276,206.97650647835522,211.24520482456325,210.92396233711278,211.2252300080742,206.61442103522944,208.47410848141868,206.31315336426803,210.0520688990975,209.30515896375866,211.884332334276,210.37073440136768,206.6752388073938,210.58185171047606,209.6798679355416,209.26306792565518
232.1906841761675,229.6517153981607,229.35986662242144,229.6517153981607,230.40317061336344,229.6517153981607,229.7219520655472,231.27993766673697,231.27993766673697,232.12044750878098,228.45857947269494,229.2896299550349,230.2335671471178,229.35986662242144,230.33293394597692,227.7635061337454,232.48253295190676,229.2896299550349,229.7219520655472,229.35986662242144
240.90844891692683,241.2705343600526,240.90844891692683,239.75960469960634,241.42456708926298,242.79237787855243,242.26519205994657,241.3175903007961,242.3013341426365,242.43029243542665,241.07205613448082,240.91936277498039,239.550212615981,241.9031066168208,241.42456708926298,241.95999849346035,242.78651365473655,240.91936277498039,241.2705343600526,240.90844891692683
263.3326633541098,263.69474879723555,262.27617412613114,263.70965711061166,264.3908756584279,262.56629007605073,260.56421452145895,263.17868935062734,265.2527343984253,264.4760303886707,259.3710785959932,262.45082692672446,261.373154150585,262.204204632925,263.24750862386696,261.7339106909587,262.56629007605073,260.8021795593333,263.06628794704244,262.7042025039167
276.88408077023854,280.5605453569207,280.33932801994223,280.701413463068,280.07830075334977,278.9076621868303,279.2562140993863,280.25599388796843,281.16472170677486,280.47615604108444,279.5082775376022,280.26650214103284,278.2039462800678,276.67442687018695,281.5194600320264,278.7743567204931,280.8382414842102,279.0349967624078,279.39708220553354,280.47615604108444
292.4148145034546,291.98906509556133,292.2308035299031,292.74102103191774,291.77245914702445,295.29465529588805,296.19247979224116,293.45156703810414,294.29900663310747,290.8457251062361,294.1015193704223,294.9325698527623,294.1015193704223,292.2308035299031,296.8736983400574,291.7605095879368,295.29465529588805,291.56737490845126,291.98906509556133,290.6617141326846
315.9838442595829,312.37479275471753,315.9838442595829,312.6348308537479,317.0271482505249,316.7209873830629,319.1239830083703,315.4395299429441,311.9999547667083,310.0798837223928,312.31335073593436,312.91932676370135,315.1527937772429,315.1121884519307,313.31604940156416,312.67410727630806,319.9956388160225,315.1121884519307,313.88154434175436,313.5194588986286
306.5269078076849,318.3640008748546,311.4546508768134,311.81673631993914,316.14766398106923,304.1486448180027,303.2392841374968,317.0244310344427,318.67487382254285,316.2123834147808,306.8533157163586,310.05581006986614,314.12158135434146,303.89033181191695,311.9117288542666,310.9843569348471,311.81673631993914,311.4546508768134,304.3003729714485,311.3029227233676
308.11236056984967,306.3033233474238,305.8693087103093,310.5454931490175,313.4626371333085,312.1337342184621,306.3033233474238,312.1034787502072,314.0552393949455,305.9412379042981,306.8189606229399,308.7600449368798,309.5610868192242,311.03982166859436,307.6322262622702,306.631543350094,311.8495694267256,308.7600449368798,307.45651985520806,308.7643068201093
307.4918623791262,304.65701732380313,304.58017720562765,308.6086772773057,311.4581539508374,310.7769354030212,307.85394782225194,310.1666628784954,312.0507562124744,306.75556175440875,303.74912672328765,307.53668786157715,308.2042880037833,309.0353384861233,308.53516637006817,307.0215684371599,310.4916900780709,307.2066170541759,304.9422626487534,306.75556175440875
304.9839717259902,305.34605716911597,300.39995048407854,306.41514243641427,305.25831218618947,308.2690447498852,300.7620359272043,303.307917081356,309.54286555933845,305.0287972084412,299.56890000173854,300.67794206443773,305.2220065109485,308.32413489170096,301.4432544750205,304.5136777840239,303.68502350797354,303.1300694125193,300.7620359272043,304.9839717259902
298.7826234849649,298.1219224988521,297.75983705572634,299.52813907826584,299.8259274759069,299.14470892809067,299.42794182649897,299.3966752016335,301.5282230905259,297.75983705572634,298.3350031528001,299.22472189603525,296.92878657338633,297.47660415731804,298.8031410466683,297.28954311376003,298.1219224988521,297.75983705572634,298.2807880115141,297.75983705572634
298.671876811004,299.03396225412973,293.740723030993,300.82006317090156,300.6194519698109,295.0070796419837,299.91579200303664,302.2855646499966,301.4962190231844,294.62255277989993,297.840826328664,300.4579777277758,292.909672548653,299.5537065599109,299.71518080194596,295.05653000579855,299.93823342199465,299.5761479788689,299.93823342199465,298.5793926889093
302.69656218515246,301.49405808432056,299.5903696188235,302.173162242052,300.6336736097655,301.4053882600652,301.49405808432056,301.9815900550947,302.483404705456,297.8578925272362,302.64210544864244,301.72359814283544,295.36813350404583,298.9062599950882,302.85438078986823,298.0717082090052,304.86675730260004,301.0378536443021,299.26834543821394,301.0378536443021
300.6722533467658,303.70166923133786,303.3395837882121,305.23472798606946,305.9159465338857,303.70166923133786,303.70166923133786,302.59232439108126,303.1993023582882,304.8726425429437,302.5085333058721,304.8726425429437,300.4481808316327,301.27923131397273,301.1030193907909,303.47626781345275,299.81482287576773,301.27923131397273,300.4218008429747,304.26010459602685
305.67230263501136,306.29356471099504,301.4610566894247,306.29356471099504,305.3379290616962,302.9714844620601,302.1613915060661,306.21469611506967,306.7032079826751,304.2598705354579,302.4708896863845,304.5611382064193,302.6917911752688,305.9314792678693,305.8616722798638,302.8316462267582,303.1668095620223,305.97357030597277,303.66402561185026,304.5611382064193
303.55170939322306,298.8946997670767,303.6204740633047,304.32080887994607,304.6637780542467,304.32080887994607,298.8946997670767,305.5405451076202,305.5405451076202,298.53261432395095,297.6327991715293,303.6411612033937,302.7894235809647,303.6204740633047,304.59501338416504,303.1708672614274,303.9137948363488,303.6411612033937,304.32080887994607,303.97941057690934
308.9391728658444,309.4265325668449,309.06444712371916,309.4265325668449,309.9824768567864,309.4265325668449,309.30125830897015,310.98451816803464,310.98451816803464,309.06444712371916,308.23339664137916,309.06444712371916,308.23339664137916,310.19051367042886,310.10775111466114,309.72021972846255,309.4265325668449,308.9391728658444,309.4265325668449,309.06444712371916
314.1341029101249,311.7115110714176,313.7617380305747,314.49618835325066,315.1774069010669,311.33914619186737,314.49618835325066,313.2694966726073,316.10290443333616,311.8178425142963,313.3030524277849,311.34942562829184,310.98679203195627,314.1341029101249,310.9093254706236,313.2914440886084,312.179927957422,310.28711683812764,311.33914619186737,314.1828333890207
324.4813277045336,324.95775977864184,322.12334750116787,324.8020280744077,325.6389783264581,324.95775977864184,324.95775977864184,326.51574537983157,328.9955074261046,326.54965589442804,324.1760577095547,326.34000199437645,321.29229701882787,324.9489718225308,326.94308900808284,326.6051424398228,324.95775977864184,325.1214548228772,323.88676528849373,326.54965589442804
335.3174887421108,335.8347027412354,334.3038548950796,336.8216480853722,335.68922141938657,336.3915953968661,335.00800287157034,336.56598847276007,338.719439943039,335.47261729810964,335.72113156800833,335.3231569653259,334.2715287246021,336.55218205034834,337.6220951312817,334.1756234864783,335.66803212253797,336.5787911403397,335.46466465006785,336.7993688987235
345.33559908994465,345.96180866465977,345.6263323115254,347.3454011899555,346.6696363024674,347.3454011899555,347.3454011899555,347.22906104426875,347.5464033558409,346.98331574682976,345.0158595875692,345.599723221534,344.72512636598844,345.22827135324474,346.6696363024674,346.51302180486346,345.98841775465115,345.22827135324474,345.671075443079,345.599723221534
353.5146609019996,354.1674795667061,353.6074422744275,353.76941860842544,354.6507462653695,353.5714667592726,353.87674634512535,355.1294523604623,353.1818657276019,353.6074422744275,352.97434364124035,354.06204293111364,350.2306350918186,353.9547151944137,354.84869811452234,350.79150074132014,354.71486159582014,353.4073331652997,351.5310987539843,351.71639533997256
349.55866899528826,349.11174457211854,349.55866899528826,350.3584995332025,349.59905570560977,350.3584995332025,349.920754438414,349.89457777097005,351.47874003960374,348.8338701320547,349.4998308196997,348.8591975983359,349.44947728059503,348.7496591289928,349.79296311993477,349.08837505332195,349.1456020360758,350.28052776293504,349.170929502357,347.97450672665457
346.6715435952415,348.6293697976965,347.42331823263345,347.9379397160029,348.4666222235754,349.79181931455014,349.5336804753322,350.16976015209485,350.16976015209485,348.2496891077794,344.9965269909642,348.26728435457073,347.41863862543937,348.26728435457073,349.3105883455127,347.79699041260443,347.0336290383672,347.57585427287717,347.34118133412636,349.1715950322064
344.6577340058108,343.0309725134483,343.62425354714725,346.48191311901445,347.1631316668307,343.986338990273,346.48191311901445,346.5778050501263,344.83840411277686,344.408288007672,343.2177119925934,342.66888707032257,343.8266835234708,344.0487624749334,343.96163705940336,342.4480391264951,343.0309725134483,342.309361537584,345.5740478429519,346.1198276758887
328.4743763623665,331.9863710553457,331.95909342547776,331.9863710553457,332.66758960316196,332.3211788686035,330.3275991112802,331.95315367925343,331.88558471246995,331.62428561222,330.79323512988,331.62428561222,330.79323512988,329.9655136681545,332.73515856994544,331.1539916702537,331.9863710553457,331.62428561222,330.3275991112802,331.69185457900346
333.5608662713483,332.97042684035733,333.3705527977195,333.4167732442038,334.60417026229027,333.73263824084523,333.4167732442038,334.9747588453935,334.42183422153795,332.4180279236028,332.5395023153795,332.86437432744924,332.7298157890083,333.5608662713483,334.60417026229027,332.39408038548294,333.92295171447404,333.05468780107805,333.73263824084523,333.3705527977195
338.82882548425795,340.56357531527846,339.3039299637775,341.6505260752788,340.95908023520025,340.29587324008503,341.3063818699914,343.47621375166193,342.5966653959877,339.85940344863747,339.7762127583584,341.55614270734645,339.08472576191826,341.55614270734645,341.2447938630947,338.35853154229164,340.2214888917632,341.55614270734645,339.6660154069032,340.94429642686566
355.8169522746746,352.86932334481395,353.62404173290787,353.6795732304262,354.3607917782424,356.2217466367338,356.2217466367338,358.98527636992657,358.3169898240249,353.04449548778956,350.67041397264865,355.148665728773,351.58744711856485,354.8722947838444,357.4402227706514,355.92662483774313,356.1790377178003,356.39691877970944,355.51075117189873,354.8722947838444
361.6879849059947,369.90009796249905,369.57884318558814,370.53945424689056,370.5813165103153,361.2652087147963,361.2652087147963,359.847372148595,362.82319431598603,360.8622926054557,368.74779270324814,369.5380125193733,368.74779270324814,370.21819946997965,370.5813165103153,369.7070748617985,361.22437804858146,360.8622926054557,369.9409286287139,360.90312327167055
368.6600127444213,369.281274820405,365.63416168863404,366.30545265301396,369.9624933682212,369.281274820405,368.47118186441094,367.90552929230716,369.69091809208504,368.9191893772792,366.93979656542956,368.9191893772792,367.2780459389452,365.9433672098882,369.9624933682212,367.30055310580326,368.9720692991508,368.6600127444213,368.1329324908953,368.9191893772792
396.45691154096687,395.7533625318451,396.6011535261466,396.8189969840926,397.9065408589528,396.8189969840926,396.8189969840926,397.9070881414556,398.37698258528235,395.9870170971401,395.1559666148001,395.9870170971401,395.30020859997984,395.9870170971401,396.9044755234881,395.98661759900057,396.34910254026585,395.9870170971401,396.8189969840926,395.8611715325461
413.48573843567385,414.25414920584353,413.48573843567385,413.8478238787996,414.93536775365976,413.8478238787996,413.3779294349728,414.93591503616256,415.40580947998933,413.0158439918471,412.1847935095071,413.0158439918471,412.1847935095071,413.0158439918471,411.862353637457,413.4217698207515,413.3779294349728,413.0158439918471,413.3779294349728,413.0158439918471
437.40916259912393,440.7063704047904,437.2469247048719,439.61921214096174,440.20888867812977,439.61921214096174,435.7610460492855,439.3292336434394,439.99849746767467,439.257126697836,438.426076215496,439.1655846871878,439.51323447932464,438.49632086295253,438.4524665900659,430.0257383844637,439.61921214096174,439.7564251067101,440.11851054983583,438.49632086295253
433.3929254205942,433.75501086372,433.2306875263422,436.1022733713061,434.2739915172842,433.75501086372,431.74480887075583,435.3129964649097,434.13429619043285,433.3929254205942,432.5618749382542,433.76804240601143,434.40983903696633,433.3929254205942,434.4362294115362,426.009501205934,435.6029749624321,433.89222382946826,434.254309272594,433.3929254205942
439.3535723816272,440.214956233627,437.996978332558,441.86496848318626,440.23463847831715,439.71565782475295,436.51109967697164,441.2736434259427,440.0949431514658,438.15921622681003,438.5225218992872,436.9805159523332,440.3704859979993,439.3535723816272,439.202520217752,431.97014816696696,441.3656700743122,439.85287079050124,440.214956233627,438.15921622681003
429.6591135461528,431.3648373248468,428.4932514798829,430.5204973981526,428.69221554413065,424.7783246591402,428.4745625576639,431.5791845904683,430.40048431599143,430.503453472847,428.8280630638128,429.32475319837016,428.7086162863139,429.5396667686539,431.546757463789,423.1200292581868,424.7783246591402,430.47586022952754,431.3648373248468,429.6591135461528
424.8216945537159,425.39356866256236,422.5219828175984,425.68307840571566,423.5652868085404,425.1837799968416,422.8840682607242,426.45225585487805,425.5630653235545,424.53218481056257,423.70113432822257,423.3534845360857,424.2004327370966,425.0314832194366,425.57548880150455,417.43827033905563,424.8942702536883,424.30123879825095,425.39356866256236,424.53218481056257
399.03661636611923,399.898000218119,401.5921146368516,399.898000218119,402.837749093042,399.16553571133676,399.7583811152227,405.72471813937966,399.77798713595786,399.03661636611923,402.5564210277827,400.3548689221749,398.70486429265327,399.30274867708505,404.84795108600616,391.42002605355077,401.8956546397775,399.30274867708505,402.39495304865153,398.803450268211
377.4824579494021,373.6480859063005,373.62759663013367,373.9896820732594,374.67090062107565,374.6270651758909,374.6270651758909,376.1850507770806,376.1850507770806,373.62759663013367,372.4549499808347,373.28600046317473,373.43392925042514,373.28600046317473,375.64987989066606,373.79468579079884,374.6270651758909,373.28600046317473,374.6270651758909,373.62759663013367
366.19140605576564,368.05813550521464,363.9524515003479,366.9614236043925,369.147286158532,364.4314400274375,366.9614236043925,366.3986428897674,365.87252254466335,365.5716470365183,367.3874832150972,364.2815151604886,367.3874832150972,365.5716470365183,369.147286158532,364.9868015647048,368.58061914056293,364.2815151604886,366.9614236043925,364.2815151604886
351.08026901332653,351.4423544564523,350.20680011496313,351.4423544564523,352.1235730042685,356.42915219071614,351.4423544564523,353.000340057642,353.000340057642,351.08026901332653,349.3757496326231,350.20680011496313,350.2492185309865,356.0670667475904,352.1235730042685,350.2802191746191,351.11259855971116,350.20680011496313,351.98606745807456,351.6239820149488
340.2191878350233,342.67789312090224,341.4901153772375,340.94111498337566,342.9992699634919,340.58127327814907,340.11542268283665,341.6734082840264,342.4991005845654,342.3158076777765,339.3881373526833,340.5790295402499,341.4847571954365,340.2191878350233,340.8374718968677,340.1087355982836,341.85220082036324,340.5790295402499,340.94111498337566,340.5790295402499
323.22294693256714,319.11917280318477,324.3984259795176,319.11917280318477,325.44172997045956,324.76051142264333,319.11917280318477,326.31849702383306,326.31849702383306,323.22294693256714,319.10151592466946,325.87010968322136,319.10151592466946,319.93256640700946,325.44172997045956,323.9281320375513,324.76051142264333,324.3984259795176,320.59085650688854,323.22294693256714
328.6477729078274,329.27926657333376,334.2146343060513,334.5767197491771,329.6910768987694,329.00985835095315,334.5228790566318,330.5678439521429,330.3098671513511,328.6477729078274,327.8167224254874,329.9687301446213,327.50490493215034,334.2146343060513,329.28237363106774,328.1774789658611,328.6011550832515,328.6477729078274,330.22356525386516,334.2146343060513
317.44999123607363,318.8556523552514,317.89782690370487,318.8556523552514,319.2332772206161,318.2599123468306,318.8556523552514,319.96580228880987,319.09183840137257,318.49356691212563,317.2146807621544,319.51741494819817,317.06677642136486,317.44999123607363,319.68111288824736,317.42753296173856,318.2599123468306,319.51741494819817,319.8795003913239,318.0457312444944
318.34630797219654,321.292189112551,319.9024331249388,315.12849567389014,321.97340766036723,320.26451856806455,320.26451856806455,321.8225041692543,317.4606475787418,318.34630797219654,304.4525659736817,314.7664102307644,317.51525748985654,314.7664102307644,323.26452911002303,319.4321391829725,321.0386848717265,314.1912618750653,320.26451856806455,314.7664102307644
295.6928737547644,303.50155704571847,296.95293889617426,297.3150243393,297.99624288711624,300.57707903286286,295.5940185787752,297.79304737760424,296.53298223619436,296.95293889617426,294.8618232724244,293.3621454353951,295.04192585094876,297.0169800390892,297.9750071769631,296.085745478008,297.3150243393,296.49199827705934,296.0549591978901,295.6928737547644
291.1738547704654,292.05226322261,291.95702847040957,292.46418432073557,292.49035629670107,292.05226322261,292.05226322261,294.5321460865758,293.4908826776819,292.0807877980169,291.2710483952698,291.9633753147779,290.8571736342654,292.0807877980169,293.0066793057199,291.1005176914001,292.44287324114265,291.1738547704654,290.9546597306429,291.10694363365707
284.0359691851914,284.39805462831714,284.0359691851914,284.43167400188986,287.2721348643627,284.43167400188986,284.39805462831714,289.39561540574266,285.95604022950687,284.0359691851914,283.2049187028514,284.0359691851914,283.2049187028514,285.96879277439035,289.710719809079,283.5656752432251,284.39805462831714,284.0359691851914,284.39805462831714,288.66741581813704
272.5560161166022,277.2751499739337,272.488348805843,275.1747621993476,273.6035819907737,272.918101559728,272.8504342489687,274.40841985015845,278.83313557512344,272.488348805843,276.08201404846795,272.488348805843,271.7292275174917,272.5602779998317,273.53165279678495,276.13890315320424,272.918101559728,276.91306453080796,272.8504342489687,272.5602779998317
259.5300710334597,265.3569375816011,259.5300710334597,259.89215647658546,264.33789605197126,263.656677504155,263.656677504155,261.4501420777752,261.4501420777752,259.5300710334597,261.2495765897661,262.5069675874626,258.6990205511197,263.2945920610293,264.33789605197126,262.824298119063,265.3569375816011,259.5300710334597,263.656677504155,264.9948521384753
261.9486768858035,272.9662333281701,263.4563428600264,264.2342455657237,264.49964685096836,262.02551700397896,262.31076232892923,274.52421892935985,263.86874793011896,264.7570642680497,270.5258105735821,263.87216012259796,263.9260137857097,261.9486768858035,264.49964685096836,261.4783829438372,262.02551700397896,265.82693907996816,263.81842830315213,261.9486768858035
263.5977907396762,264.7913457493527,264.75018863584637,262.52026785094023,267.7540575126719,263.3042953524927,266.0536644557428,260.8564636534383,265.9321557656009,265.75670757924166,264.86052853027707,261.75089027899753,260.257257113556,263.35938549430847,259.9796966000648,266.3562884491938,269.7532206937374,262.1581824078145,264.04239926705367,264.0120847212854
266.22562516262167,273.8677810308369,273.8122811326666,274.71129583399943,274.54899957865314,274.4836984059191,274.17436657579236,273.5888997063075,275.7323521769821,274.12161296279334,272.9812306503266,273.50569558771116,266.2260442468324,269.8715923990471,274.8555851236086,269.40129845708077,274.17436657579236,273.50569558771116,274.17436657579236,273.8122811326666
255.1339124431195,262.73144335088585,259.0464573515452,262.73144335088585,263.9822429677316,262.73144335088585,263.0826538562902,262.6359738217307,264.64063945747995,261.7268390804269,261.88951793082447,262.93893897678964,254.7831210219259,258.42866917414057,258.3153640137624,258.5279563012038,263.7583699494227,262.7205684131645,262.08892452355263,262.7205684131645
249.0805656852282,258.1487178190304,249.14817026847518,257.1217912204936,255.37315665426684,252.19063744048265,257.1217912204936,256.9338375692438,256.4540641755767,251.82855199735687,255.92865529502785,256.6672216552732,244.24231511152266,251.6202309961785,253.76983691259562,247.41756932177103,258.5880212673695,256.75970577736786,255.05661132416418,256.6672216552732
240.972327342654,251.123474401312,247.05408063076771,250.09654780277518,251.80469294912822,248.92106875582473,244.9803800222052,250.00107827362007,251.65453340396493,248.55898331269896,248.90341187730942,248.55898331269896,242.1482254738152,245.64522117761624,246.83707761697187,245.32347968406356,251.5627778496511,249.7344623596494,248.92106875582473,248.55898331269896
245.14730688124934,238.25287035759519,245.3942667855178,245.5093923243751,248.65122100381302,240.26117474880235,243.50108793316795,240.0578158630534,245.30603343862617,247.607917012871,246.53906979759523,238.13774481873787,244.31625639890936,243.38596239431064,245.95281413925554,245.12931867969755,247.9700024559968,243.38596239431064,245.75635222864358,245.14730688124934
259.2619644259325,253.7972928891776,261.96953446182266,261.50612059637206,262.1873391441883,254.09469336631864,261.87625326016905,255.60223839463583,261.22058863400554,261.1440351532463,252.94489963508389,253.97956782746132,258.1497750164257,258.93038492589307,259.8590649434278,260.971141688421,259.34291094189143,259.22778540303415,259.2924703690188,258.6834250216246
292.89782437383803,291.3069518949991,293.1447842781065,293.2599098169638,293.94112836478,291.7366639660456,293.2599098169638,294.63514325137544,290.46391826034926,292.89782437383803,290.30573130764407,293.1447842781065,287.79807554529003,288.5438472160338,293.3710929159795,292.095291716007,293.2599098169638,293.1447842781065,293.50686972123225,292.89782437383803
301.2592196033646,302.8653534294756,300.99421815459556,304.70128726906756,303.87881069315654,305.7282138676044,301.1391818132729,302.3649286985979,303.94121579744785,299.75016977161033,298.9191192892703,305.36612842447863,298.9191192892703,305.5160129418314,302.03752214553754,298.9476371137793,305.8780983849571,304.3392018259418,301.3563035977213,305.0338897086139
342.86884041960616,340.79831682267746,340.5977246340669,338.10803864945575,341.76563144109093,340.31619358946,341.39115267787327,341.8741791906497,341.8741791906497,338.92718154779743,338.8853321431802,339.95410814633425,338.0961310654574,342.10677446582116,339.9704855387394,340.1274306921006,340.79831682267746,341.23179314260307,339.2892669909232,341.6246512326037
364.4010569464706,365.0773257143988,362.4016598227688,362.66125670264626,367.71277354347717,363.79067186443143,367.23580621701115,368.62585190978587,366.15318808237106,362.2991712595205,362.37513995717876,364.2331170380556,361.4681207771805,364.71524027127305,363.4449638137108,361.8288773175542,364.59520248118133,363.20619043951876,363.5682758826445,363.4285864213057
399.15014555053466,398.0415493655594,399.15014555053466,401.3451570064009,390.59934366832874,399.5122309936604,399.5122309936604,402.26846348050987,401.07021659485014,399.15014555053466,391.192594334868,390.1907188044675,398.31909506819466,390.1907188044675,391.2340227954095,393.64322424167403,398.87755186657967,399.15014555053466,395.2629071086376,390.1907188044675
417.5413158336349,420.4824508536567,422.0754905064048,422.3153768663972,420.41754583731733,420.4824508536567,420.4824508536567,421.29431289069083,419.46138687795036,420.12036541053095,419.28931492819095,426.30709081959475,419.28931492819095,421.9532914232714,421.16366940147293,425.83679687762844,420.4824508536567,417.5413158336349,420.4824508536567,422.0754905064048
424.7520391018214,429.79020346575743,432.9658502880955,424.0008269341585,431.16262185390644,424.0008269341585,433.32793573122126,436.57356358004984,423.90626179905433,429.2862137745913,432.1347998057555,431.71599030719204,418.3086078472678,430.97385602223017,435.00559668634355,431.53834538083737,429.8636358703698,429.4281180226317,428.79376105845137,432.9658502880955
426.171108217071,427.5296360675028,426.99173807785354,432.7199190692605,426.37297187894524,432.7199190692605,427.3538235209793,434.3129961817952,435.3728225922993,431.80020081168993,431.5267831437948,424.71190045228286,424.49861740566325,433.4878430593288,432.7450292880889,423.67103010727214,427.6030684721152,428.2624685462261,426.53319366019673,433.45275154798384
412.9975528786774,413.142632330297,416.31827915263506,419.546363730867,411.9859681417394,418.3329153320547,410.8305557450966,420.2456925477223,421.1043493320567,410.46847030197085,418.3532278054012,410.32489671507705,410.6109120773315,419.21936979908617,419.57147394969536,410.4974747688786,413.53576483804227,410.7507627193387,411.32985415397064,419.1842782877412
388.9454984742839,390.02324521318536,395.228676203356,397.2433123827756,390.89636519246034,397.2433123827756,388.52750439700526,392.55321176623823,398.80129798396536,388.66471736275355,396.8765473324558,389.23529376579796,389.5213091280524,390.63314072192276,397.268422601604,388.19442342078725,390.09667761779775,389.6611597700596,389.0268028058793,397.7075978147958
374.5579915730123,375.63573831191377,374.27721046148196,374.6392959046077,385.53281567719876,374.6392959046077,374.92007701613807,378.71129462858215,378.1657048649666,374.27721046148196,375.4145833383111,383.590963139006,375.96017310192667,375.96485270912075,376.31695685973,373.80691651951565,375.70917071652616,375.5544339803184,374.92007701613807,382.52108832708757
345.4350267993066,346.4823725801836,338.62232656170056,345.80665899566634,343.05050919031095,346.09409826278056,339.0796484379429,347.36464459685607,347.7473202970869,338.5311082620501,344.80974403766436,346.12028713705786,344.80974403766436,345.6312477667704,340.06345162327955,337.86459335262003,338.89319370517586,345.4445735525406,346.0028799631301,345.8272492527714
315.36714865593325,320.3024573860791,319.4454250788309,317.40875124288425,314.48434561170706,316.20188634296323,316.20188634296323,313.3703771255958,307.1710063745674,318.44461463820244,318.4973512285201,319.2551116052021,316.2156153174185,320.05466529833274,317.5683652285307,317.29561399303935,306.33928436085034,317.76590793500566,305.3384739202219,319.2551116052021
279.0138766785331,280.0648227381889,277.00465683021883,279.6255192898498,272.66050081326836,285.11726139873684,278.45998672624256,280.7483466967209,278.91938013354417,270.7800456864309,278.91450659760153,275.2715230007633,278.43238336438407,279.0138766785331,280.7888610708835,280.1002168936259,279.6255192898498,275.3088335075256,278.89383888844145,279.3103988856229
265.22584915150964,266.2767952111654,257.874113806377,263.5381812247644,264.13926948093996,266.2416094305989,263.5733670053309,267.395477364016,265.13135260652064,260.8820473221541,262.7926528435898,257.82916929530285,264.609170056794,268.11946399380946,258.9526035778855,262.2588643870214,263.89855686843254,263.1684617773268,265.07062558085136,264.1104185460844
258.81783572947853,257.1187006186723,258.8281273243288,257.3564973516081,258.5458929125119,257.1187006186723,257.86467436469565,260.00222462262093,259.1614428570663,256.75661517554653,256.6715384392299,260.4593071565653,255.92556469320652,257.2413718127508,258.5458929125119,256.52411796651603,257.86467436469565,257.2413718127508,259.19021276745457,258.81783572947853
258.3976536976371,262.31622978699653,258.3976536976371,262.55402651993234,259.4409576885791,262.31622978699653,262.31622978699653,264.51252438632065,260.3177247419526,258.3976536976371,257.5666032152971,262.5924533420052,257.5666032152971,262.5924533420052,263.63575733294715,257.9273597556708,262.31622978699653,261.9541443438708,258.75973914076286,258.3976536976371
271.68471668521465,271.6534789258074,267.3259193360963,267.68800477922207,268.2717499718565,267.59053142404025,272.0468021283404,271.6928437737218,270.82650571232926,267.2284459809145,266.3973954985745,267.3259193360963,266.4948688537563,267.3259193360963,272.33469747362363,266.85562539413,267.68800477922207,267.3259193360963,267.59053142404025,267.65815805196104
279.7428202882115,280.3841960217409,279.32563887435197,280.2741358299264,279.604895937686,280.1049057313372,280.0947780496798,282.59616835872407,282.59616835872407,278.8408822371477,278.9117698058715,279.32563887435197,279.1910600962751,280.5068672158194,281.0654145695571,278.09129800477774,280.3841960217409,280.5068672158194,280.7588924671307,279.73269260655405
308.5141708368685,308.87625627999427,299.13107601858206,299.4931614617078,317.7054707987584,317.0242522509422,308.87625627999427,308.5928035912788,301.1266473941298,308.5141708368685,305.84168206462334,299.13107601858206,298.3755258674743,299.13107601858206,300.2498803407563,308.94373412710246,319.15920833048096,308.2573969051463,299.4931614617078,308.2573969051463
313.60306395832197,315.9431208859073,313.1370719122121,315.9431208859073,314.1803759031541,313.49915735533784,313.49915735533784,322.62453416005013,315.05714295652757,313.1370719122121,314.74998496044157,315.58103544278157,314.74998496044157,315.58103544278157,314.64636794926395,313.13277001635566,313.9651494014477,313.60306395832197,315.9431208859073,313.1370719122121
339.0593301103888,344.313031676354,341.34418241927466,339.86558068435784,342.5531913302661,341.87197278244986,340.10982446151434,342.03568909939156,342.2384906997829,341.4373395384495,339.48736917312743,342.66590390264815,338.2282796280488,341.54041252020414,342.4806435293915,337.7840973118207,340.9944861249735,342.56617528401136,343.15830514654016,338.94280016178675
344.8757472647707,348.9513775198838,344.8757472647707,343.5916433981838,357.3720165395895,357.67318851663293,345.2378327078965,359.23117411782266,351.6042810429226,344.8757472647707,348.8531595162671,349.6842099986071,355.4976620663075,344.40568633836875,358.35440706444916,356.8408091315409,348.9513775198838,346.40539287079343,350.04629544173287,344.8757472647707
346.90846025873185,347.2705457018576,350.5051998768897,348.9726898838485,347.95176424967383,347.2705457018576,350.86728532001547,350.2107825900355,350.5306754850382,346.90846025873185,346.167401849655,346.998452331995,346.07740977639185,348.29071154572,347.95176424967383,346.43816631676555,347.2705457018576,348.29071154572,348.65279698884575,346.90846025873185
338.5641566916106,338.92624213473636,338.5641566916106,340.58782313360496,339.6074606825526,340.58782313360496,340.58782313360496,342.1458087347947,340.4842277359261,338.5641566916106,337.7331062092706,338.5641566916106,337.7331062092706,340.2257376904792,341.2690416814212,338.0938627496443,340.58782313360496,338.5641566916106,340.58782313360496,338.5641566916106
336.00529171090324,334.4516392000172,334.3703348684218,335.5234110320917,335.13285774783344,335.5234110320917,336.1999159995902,337.08139663328143,337.90776750842736,335.04080300550476,333.3833816480188,336.0959693956824,334.33027510662595,335.83783055646444,335.4136388593638,333.61925981492516,335.5234110320917,335.16132558896595,335.5234110320917,334.08955375689146
326.348527234484,327.360447708224,327.13519028624046,326.9825562101274,326.24791497980254,327.4972757293662,321.5753561123479,327.1116793428996,327.2754800681596,326.49932526946753,326.76167762348257,327.2017300724694,326.3706795901294,327.122187595964,328.17849427718244,319.9690091682129,327.48427303908977,326.49932526946753,326.6976099873333,327.5927281058226
317.54036495993415,318.032719351752,314.89612666962745,318.032719351752,315.32440507467305,317.9024504030599,314.9589332911415,319.59070495294173,317.0016755295355,314.4113700324232,313.45005060139107,314.9513355365279,316.83958342628625,314.9513355365279,315.6401518389577,313.9962849573573,318.032719351752,314.89612666962745,315.2582121127532,314.4113700324232
298.40334115073114,300.16091743438375,302.0169814937795,300.16091743438375,299.8545216725947,301.4852810715239,299.17330312477844,301.7189030355735,304.822130218321,298.8112176816527,297.9801671993127,300.2422287570433,298.967781508918,295.9380851627449,303.0602854847215,294.46766626480326,300.16091743438375,298.8112176816527,299.17330312477844,302.0169814937795
315.3505819026022,313.6522067020345,315.3505819026022,315.71266734572794,314.9628748181535,315.5299093212738,315.5299093212738,310.3670776868331,317.08789492246353,307.60625167726784,309.9785766571886,306.1752406018772,314.33677339580805,307.60625167726784,308.6495556682098,314.69752993618175,315.5299093212738,315.16782387814806,314.2816562703373,316.59883495353864
305.476471619671,305.8995502931547,307.5943420931436,305.8995502931547,306.5807688409709,306.34812386021997,306.4865022325386,307.4575358943444,307.39654266398645,305.5374648500289,305.1549879347542,307.69463917835463,304.64542113733097,306.0470316474522,308.6605580273359,307.10765623957457,305.8385570627967,305.5374648500289,305.9159422047574,305.476471619671
306.295509897955,306.65759534108076,298.6764208623085,306.4002638006313,306.4491490765851,303.1081001118067,305.4821162941303,304.66608571299645,308.2155809422705,300.7069096063386,300.7394851393905,306.069633781419,307.34512068713974,300.86535339715624,301.9086573880982,302.88217428282763,305.7679305287689,306.069633781419,306.65759534108076,306.6266839471043
314.58368086438367,314.9457663075094,314.58368086438367,314.68843476705996,315.62698485532565,314.9457663075094,314.9457663075094,316.50375190869914,316.50375190869914,314.58368086438367,317.2036256897906,314.58368086438367,313.75263038204366,318.0786612924484,315.62698485532565,314.11338692241736,314.9457663075094,314.58368086438367,314.9457663075094,314.58368086438367
325.57914360489735,327.4150283244104,327.05294288128465,329.07833759532787,329.7595561431441,324.54754799797126,326.6806520198165,327.49921464921283,329.9013764695533,327.05294288128465,325.97398727044964,326.3185665766907,324.74809312255735,324.9618092576087,328.09624687222663,326.58264893931835,325.9412290480231,328.7162521522021,329.07833759532787,324.84476730030343
322.75398570659013,322.00822592837034,321.3694952917467,322.60943952651945,318.87246778565566,323.63518181486813,317.9031873179847,321.6156015651632,317.38936753755024,324.33632613464073,314.63824601089476,317.2153481368874,318.32538620909276,322.3952375800954,320.99584666162673,320.8992013497804,319.8652140087384,318.8893129077864,319.25139835091215,324.87541996405565
332.0610830230386,327.37065580345075,327.008570360325,327.57106328532257,328.764557202029,328.53275275928485,324.338368365815,327.9591407604242,328.3698170528222,325.59161773926303,323.1452324403492,327.1872912222809,324.760567256923,325.59161773926303,326.83532921207683,329.11732599525476,325.7046965591885,327.721253211087,328.53275275928485,327.008570360325
314.1421438177793,315.37399930802053,312.7090102154789,313.07109565860463,310.2409338975819,310.09669127005884,308.12658174746525,314.62908125979436,311.44937390697623,307.7639357189388,311.8779597331389,308.09616926036034,308.6678738527092,308.09616926036034,316.05521785583676,312.2387162735126,308.4582547034861,309.0167451032412,308.12602116206455,312.7090102154789
296.95285427947266,300.4722132432845,296.42707379211157,297.3149397225984,299.7520994469006,303.3889450341906,297.3149397225984,301.1546469876352,303.4899973154279,300.0915282991069,296.12180379713266,299.2345759433197,296.12180379713266,301.2709184145789,298.72398979070806,296.48256033750636,296.7891592352373,299.2345759433197,304.7902773783907,297.6806857997661
284.7470044401032,283.81448206208347,283.9539483514558,282.0768017676698,283.8840438091414,284.2047815453946,282.03431213073446,285.87401939577126,284.0374293137624,281.71471632454404,280.88366584220404,285.14964638500606,280.8411762052687,280.2385043911464,283.75997659955544,280.08872421238607,284.02306625293215,283.9539483514558,285.10908988322893,282.71667260861346
272.2203206137974,269.60768678708774,274.01363207290694,265.61395991635743,274.77944199312833,268.7703511002633,267.3249371828078,275.32953352830623,266.5130414850557,265.2518744732317,268.25245661662456,271.1383845855783,264.4208239908917,264.9743804025111,270.40430516062713,263.6120163301451,267.45200871439846,268.6414317550458,271.50047002870406,264.3154763700196
241.47032420469563,241.9845155626972,243.47977078190542,246.24815355214938,243.21151175866544,245.31360925826277,244.51414593259807,248.34719294315371,245.34397662960984,245.8860681090236,242.7752323589803,243.84112730110473,245.41059360090568,243.96968323344632,245.61202854080636,240.37011536963394,244.0273340406237,241.28012253076568,246.78920734196396,244.56872454986436
230.38998969027756,225.2382660690321,224.87618062590633,231.85147377350663,225.31531502793214,229.44548759909773,225.2382660690321,231.0034732002875,233.40945937469638,232.19180627577026,226.55690945741023,224.97442898237955,228.57902719182758,224.27201103699014,233.23511026671227,228.61310821400565,229.44548759909773,229.08340215597195,231.85147377350663,231.48938833038085
232.6225198205127,229.20348069422747,231.4626099902864,230.61502033302,231.29623888083623,228.85658928768564,233.3867816530856,232.33840237858277,231.16364268486433,228.8413952511017,227.71369037624694,228.54474085858692,231.13079966431917,234.08095542527684,233.2047447631903,230.9923160483201,234.08561243504747,230.25293488989422,230.96747743349843,229.2435716405488
239.27667638141696,232.72240809507244,238.44514286922762,235.15880647316985,236.53885580294795,235.10856945914279,235.10856945914279,237.92881553544575,240.04792081406345,239.27667638141696,237.61409238688765,238.1278497697479,236.00922752097958,236.00874449113022,237.88358199426156,236.36998406135325,240.9263335909711,236.00874449113022,232.72240809507244,238.44514286922762
254.14002782013617,253.86380426512753,254.14002782013617,253.12053865403647,255.18333181107818,252.21200026361336,252.85030926174778,255.42178986631728,256.0600988644517,252.488223818622,251.65717333628203,253.50171882200175,253.3089773377962,253.50171882200175,255.18333181107818,253.03142488003544,250.3073136188939,254.14002782013617,254.50211326326195,254.14002782013617
274.41220761621724,275.9480030603088,274.08032800264317,274.774293059343,276.629221608125,274.4424134457689,275.9480030603088,276.3322786605327,274.82668904599285,274.08032800264317,274.75486713484304,274.08032800264317,273.24927752030317,271.8348461696029,275.12363199358515,275.11562367521674,274.4424134457689,275.58591761718304,275.9480030603088,274.08032800264317
316.1880377233702,312.2032760999464,314.05308164383143,314.4151670869572,312.8844946477626,312.2032760999464,312.2032760999464,318.1081087676857,318.1081087676857,311.84119065682063,313.22203116149143,314.05308164383143,313.22203116149143,311.84119065682063,317.09451369317,315.7177437814039,312.2032760999464,311.84119065682063,312.2032760999464,316.1880377233702
320.4383460285618,320.42800876620163,326.8210909450218,326.81075368266164,322.67531494591407,322.2425627833586,327.18317638814756,321.98599436739136,323.80054838454834,326.4486682395359,327.30190282566076,328.26322225669287,319.6072955462218,326.8210909450218,327.8643949359638,319.42211869143085,320.80043147168755,326.8210909450218,327.18317638814756,326.8210909450218
341.99424015442474,340.4954858973127,344.3722495824855,347.9412884234171,343.0375441453667,349.18954147435363,343.6054295849956,346.41166823712183,350.74752707554336,340.57847882144114,338.2513128755129,343.24334414186984,346.45550348233974,341.99424015442474,344.093832090054,341.52394621245844,343.421920559029,345.62050263342195,344.73433502561124,344.49159719280635
349.5298753846923,348.4953250599389,348.13323961681317,349.891960827818,349.5907888507746,351.14021387875454,349.891960827818,351.30156371206516,338.86620790332864,337.09451957595576,348.9646874284291,348.5474848598326,346.3197986096135,335.6978838080767,349.5907888507746,349.05958144272597,347.51293453507924,350.7781284356288,349.891960827818,350.7781284356288
329.6623371076039,324.0464220282179,331.02981069892127,338.5488233083068,333.77140690693847,329.76562534094444,338.41139893865767,331.1253139918509,333.5361726312614,327.65351347475666,337.72186058475364,322.84505074092027,332.0185240827445,333.94449248693354,329.30420774398806,330.4557240502273,328.26507097827096,335.28040654965673,326.47964070148294,338.0493134955319
305.5460591402097,306.6682278963634,310.3316844488419,313.7814575811459,315.84218760273427,316.64740483426453,309.7666795105453,315.0197430792027,311.92129146502083,306.5761886616471,305.7451381793071,306.30614245323767,314.86452259725644,315.69557307959644,311.05528833665096,306.4432387895608,315.146850471591,309.40459406741957,307.27561817465283,306.30614245323767
285.47616613105777,287.79403292076177,287.8006682688215,291.27379044662297,293.35609916033695,293.86969149133216,287.79403292076177,293.4158172806047,292.8533547399383,287.23820572815515,285.7739197529312,287.6069265193406,292.8918760074729,292.5272284562626,288.88889999738655,286.37334578040884,293.2373431531871,286.23624944408573,285.8382515741835,287.8006682688215
259.9645020823614,264.3820453457329,257.81314698362104,265.89544278436364,264.77837059158134,264.04525490410373,260.70747646301885,265.1533102326896,265.65513764495483,263.73506660063936,256.98209650128103,264.469890175211,265.4362601545714,262.33353129153744,266.12586078067784,259.1402735033551,266.2476368636073,268.25545090855576,266.982460438179,265.83371194329675
238.98345685113028,242.49925387382876,241.73974486142697,241.22000055564584,234.45658725192254,238.3204296840977,234.24631124438713,234.1448409515456,236.21518405420292,244.2810305043651,242.9790374817443,243.8100879640843,238.35394509679878,242.13716843070299,235.3384170008294,238.04222036888316,231.70502560144894,239.39434405975632,238.3204296840977,240.06682532804567
223.5602551126007,214.62667684593472,225.88817399215492,214.62667684593472,226.20348080532636,214.62667684593472,213.58662053741418,216.18466244712448,215.14460613860393,214.26459140280895,212.70110562708865,227.24480496425738,215.09562005252516,226.24625716005048,215.30789539375095,223.08996117063438,213.58662053741418,213.2245350942884,231.10148641848468,213.2245350942884
196.24289759122476,194.31402044543933,192.64485801344543,194.8248704702329,193.68816200438744,194.72926522835579,193.46129300643577,193.83324865635257,195.01927860762552,192.4240276368306,192.36520679317485,193.53844967161677,195.54800158803772,193.8157805231606,194.199012029181,199.28743298592545,192.72961260502737,195.51121718981636,198.94888986130235,193.8157805231606
202.023984224268,202.09570238389068,202.023984224268,201.55859646643626,208.23600912907744,204.15692293782269,206.4576751322915,206.8716233288949,206.8589459435988,202.87765434535126,202.745655653418,201.65086057317504,201.99968190739463,204.0852047782,206.26324161087786,204.77162562611616,208.22300033128988,208.4666014736758,206.76746636286958,202.023984224268
220.20183420265735,220.131881089921,217.86213991251626,217.7175937324456,216.32700689863768,217.11638013429655,217.11638013429655,217.2037739520112,222.2910802892598,219.6006206045083,219.37078372031738,220.37100924494428,216.69363284926678,216.9234697334577,219.1733328119752,219.73154026069105,215.64578835082145,215.28370290769567,218.6612893064459,217.86213991251626
214.86807108557997,209.9917095916054,205.95584920727683,206.3179346504026,210.67292813942163,206.3179346504026,209.9917095916054,211.54969519279516,216.7881421298955,205.95584920727683,208.79857366613965,209.62962414847962,214.03702060324,205.95584920727683,210.67292813942163,205.48555526531052,206.3179346504026,209.62962414847962,206.3179346504026,217.99584325437843
221.59785937752577,230.75067516219974,222.41291493597691,225.4474990872607,231.90446375643864,225.4474990872607,223.69921040492568,224.11544844864613,234.0569494457245,229.96749436062794,227.2745456008629,230.57825991061765,222.92716983790595,228.48979754200153,223.2386813952726,231.24548910099665,231.06371861582411,222.83401029442294,224.5232890614377,231.71578304296295
237.71400590938586,238.60187183987273,235.87256761948066,237.50790374267098,236.62235382078904,236.23465306260644,238.07609135251164,237.7926386637962,238.31841915115731,237.71400590938586,234.74799934750706,237.71400590938586,238.1562061071104,235.87256761948066,241.1865783858803,237.76949245478065,238.82356154521506,237.71400590938586,238.08993780987632,239.11533825358592
233.581410830566,234.60681033812745,232.61240695173748,232.93284556722847,232.950750050609,233.0105388005196,236.51646347282858,235.50148187488153,233.82751710398253,232.6184630968954,230.14343810415485,230.94449832599642,231.07639557732702,233.581410830566,232.0808460591908,233.1111168885997,230.5016442271959,232.64845335739383,237.44942094600074,232.64845335739383
223.63991410367012,228.29459231188687,223.63991410367012,225.909325931458,225.46898753561322,225.6212624607512,226.89189220121915,227.59107086025512,225.55998514798566,226.02518048409897,223.1363833192405,225.67099981593958,223.59463306233124,223.63991410367012,227.57311074903538,225.07694654636592,225.909325931458,227.16650340228753,224.0019995467959,227.8215499741383
222.1432064133947,222.44185281023812,212.145804764789,222.04379185195742,223.47724362591748,212.1098292496341,222.15111958865734,213.89822779107962,214.29628874936031,212.145804764789,221.47912982502814,212.085484483464,210.91669332416834,221.91211934908742,213.189108755731,211.6755108228227,212.50789020791478,221.805465736439,222.3815325289131,221.78903414553156
219.3802051012906,220.29533075413948,217.9082693570428,222.07354775243275,216.76106857006647,213.01117327739072,221.70831559852263,217.81185541429895,217.91918315099886,217.44965040120354,214.8867140967845,217.16830287364468,218.70413387039304,220.97659543055462,217.59545630734843,212.57685485057934,222.47160871071344,217.62965517626102,216.5161768012515,216.15409135812573
196.36429836248212,199.0494531904081,196.30210136685346,197.51215324660902,199.43025718179203,198.3456467195632,197.2191423275434,200.01219253898245,198.61188910470804,198.15431849029557,197.3232680079556,196.92445276094696,196.31901732114326,198.15431849029557,197.34540535779547,196.2215241184262,198.3456467195632,197.92136428080877,196.99170650788963,198.0921214946669
186.23841376669972,192.1699617263654,194.72574541493913,192.52241882684382,193.20363737466005,191.7357557750873,192.52241882684382,193.6304741554297,192.0217085604072,191.7011344555194,185.40736328435975,191.37367033196153,193.89469493259915,185.77921483850108,189.84712978886282,191.3375823412733,186.6004992098255,185.77921483850108,192.3353581707384,185.77921483850108
176.87197963334611,176.76705644614628,172.09412782453285,172.1037561671802,177.91528362428812,173.56713994192597,172.45621326765863,178.79205067766165,174.9597290987427,172.09412782453285,175.6884720505277,176.87197963334611,173.82848937341396,176.75742810349894,177.91528362428812,171.2713767820881,172.45621326765863,172.09412782453285,177.04700442036648,172.09412782453285
179.9485015720652,187.4794482833272,181.97698155520263,181.98660989784997,180.9918055630072,183.22914094479088,180.31058701519098,184.97418720208606,189.03743388451696,183.05411615777052,178.9303904336198,179.9485015720652,184.78847770665163,183.05411615777052,184.09742014871253,179.12575052962046,183.4162016008963,182.2860898098087,183.22914094479088,181.97698155520263
176.53549444070677,180.03744432188833,176.53549444070677,180.03744432188833,181.071119970183,178.73899921086456,178.36142143922933,181.94788702355652,176.89973345347568,177.99933599610355,174.31400837119318,173.8682779542418,178.59822878145067,175.33211950963857,179.6072784147862,174.50936846719384,179.79136470691643,173.8682779542418,176.71051922772713,176.53549444070677
180.1102185198666,171.94285367351446,180.1102185198666,177.50271594114602,181.1535225108086,172.10825011788748,180.47230396299238,173.85329637518265,173.50083927470422,176.62892180046953,176.68794526459203,180.1102185198666,171.10217484852714,171.93322533086712,172.97652932180912,179.4528639217949,172.2953107739929,180.1102185198666,172.10825011788748,180.1102185198666
187.39731270152546,185.07019892889105,187.32845302758147,187.57233748854583,188.37175701852348,187.55045225045305,185.42265602936948,189.317383745841,187.25289155645513,187.39731270152546,186.3573163249873,187.32845302758147,186.5662622191855,187.39731270152546,188.37175701852348,185.0279230145463,187.75939814465124,188.63302501760495,187.55045225045305,187.3754274634327
191.57556045346962,192.28271923879393,191.57556045346962,194.425545474031,196.93516446191165,191.9376458965954,191.9376458965954,193.49563149778515,193.86164552991815,195.89186047096965,194.70780281322487,195.19377995336632,194.70780281322487,191.92063379566815,196.93516446191165,195.06855935359854,196.25394591409542,191.92063379566815,190.79939214092803,195.53885329556485
207.71782773299088,206.62484837113152,208.0522949449538,206.59658607825077,207.30606691894775,206.57449483202686,208.41438038807956,209.97236598926932,208.18283397232128,207.71782773299088,205.3813589065611,206.26276292800574,205.43171244566577,205.92829571604284,209.0955989358958,207.53164746388282,206.62484837113152,207.71782773299088,206.9644342679734,206.21240938890108
203.49919224739065,202.0717456735684,202.0441274424055,202.0717456735684,198.32969889538015,202.35585934642663,202.0717456735684,198.62023993526483,203.91384494761638,201.7096602304426,201.16272342096087,197.13466675099235,201.21307696006554,201.7096602304426,203.08743143334752,201.52347996133454,197.64848034756392,201.7096602304426,202.4062128855313,201.99377390330085
185.75656596064485,186.11865140377063,188.26160346291817,186.45311861573353,187.13433716354976,188.57718323514044,186.45311861573353,188.0111042169233,187.67663700496038,185.75656596064485,185.86445265954328,186.0406796335031,185.91480619864794,185.75656596064485,187.13433716354976,188.51814760130674,186.45311861573353,185.75656596064485,186.45311861573353,186.411389469025
174.80836998862344,175.64516887944228,170.10989405136678,173.08764574753744,173.76886429535367,170.47197949449256,170.47197949449256,172.02996509568231,177.20315448063204,172.19270373557856,171.64576692609683,172.675206765307,171.89450982207168,169.77542683940388,173.43439708339076,172.2049128233407,175.50492264371212,172.39109309244876,170.4216259553879,169.77542683940388
161.6620584602347,166.20061275416035,165.83852731103457,166.53507996612325,167.21629851393948,162.35861111532338,161.8018362291006,167.7585983553501,163.02535461832744,165.83852731103457,165.29159050155283,166.1226409838928,165.3419440406575,165.83852731103457,166.88183130197658,165.6523470419265,166.53507996612325,165.83852731103457,161.75148268999592,165.83852731103457
148.6520074342962,144.53968576802959,148.6520074342962,149.34856008938488,145.55537152780872,154.03882410503275,153.70435689306984,146.09767136921934,146.09767136921934,144.1776003249038,152.79533464046233,144.46171399776205,152.845688179567,153.34227144994406,154.38557544088607,153.156091180836,144.8741529799925,144.1776003249038,144.82379944088783,153.34227144994406
142.9368805137042,140.8641369972841,142.11343581881843,143.0246551567269,142.11013294521388,141.82992153238382,143.54426753255916,143.38790713357358,143.61347239565006,140.73983891148748,139.49432081072874,142.4679610452334,140.186893470945,142.20708693192339,142.68782034128967,140.08064261317892,140.8641369972841,141.69340135133453,143.29896595683,143.08260418108503
133.68491172768665,137.03300779946457,136.6709223563388,136.958074389094,139.09873597108339,139.20639662087382,140.2460743934594,138.51605999028376,135.2273890335954,135.5567112246743,136.0379023888317,132.26804026798592,132.80240100973052,136.92212244875887,134.72821571862866,132.83702404731355,137.28420789188465,135.5567112246743,137.03300779946457,133.6334514920705
147.98491255835657,148.34699800148235,147.6355153624462,142.7493832299992,148.6788193533882,148.34699800148235,148.03089248020203,149.55558640676173,152.36559373429378,147.98491255835657,146.80446488010622,150.09612549406788,149.61447220763827,142.38729778687343,143.43060177781544,147.1652214204799,150.80760813310403,147.6355153624462,147.99760080557198,150.4788143646083
166.62764520800027,165.33111279263596,166.51124323989737,166.00085016491485,166.0123313404522,166.87332868302315,166.9066203576532,166.88909839382572,167.87797888003692,164.3148120430017,164.1379768671702,166.51124323989737,164.1379768671702,166.62764520800027,167.55454723083938,163.8445181010354,165.33111279263596,167.18098061217626,166.98973065112605,164.34810371763174
185.56433038395988,187.39057061381848,190.02293390032256,188.7110331577095,186.9043078947273,187.39057061381848,190.41831101807838,188.27209733395802,189.59928138662036,187.06177684532275,186.19743468835273,187.0284851706927,186.23072636298278,187.02176366192137,188.0717891616347,186.5581912287264,187.36483690438038,185.56433038395988,185.92641582708566,187.71250201693488
201.2119692815931,202.14193362299187,200.6634819028445,202.81167099527076,201.67349421915645,198.9355099613564,202.60249074952878,200.49349556254614,202.55026127252998,198.60671619286066,199.71118142697424,201.7798481798661,200.98208937215617,202.44958555214498,202.8231521708081,201.02169260809464,201.0963763020076,202.44958555214498,201.66201304361914,200.6634819028445
219.42947981829772,217.77362967219995,217.44483590370422,218.44336704447883,218.45484822001617,217.04139833651655,217.80692134683,215.5896774920113,219.94758215465097,218.79303412064888,216.5804937467342,216.83763522108265,216.61378542136424,218.08128160135306,217.7566445763814,218.95918587633142,217.77362967219995,218.08128160135306,219.05933392574008,217.44483590370422
226.60142687539704,222.61413843273976,221.9350741350892,226.61324178936798,222.94508645140115,222.26386790358492,222.29715957821497,223.56249616379307,223.9127666929479,225.6147106485934,221.07073197811917,222.27887081712637,221.10402365274922,226.2511563462422,226.9749934940602,226.13113293343073,222.29715957821497,226.2511563462422,223.28387580501868,221.9350741350892
208.64410450764416,206.2559938165566,208.51509104503302,209.64570636870423,206.93721236437284,208.33645257849105,207.72241909348708,207.84727109237642,208.77297245963913,205.92720004806088,205.06285789109086,209.28362092557845,207.8161247455896,209.28362092557845,206.93721236437284,207.24810919841514,208.8771764881588,207.48934711297244,206.9257311888355,207.3603336503613
191.78801248305385,192.1544385433343,191.8698669150629,192.15009792617963,192.52533620379796,192.6952356298464,192.6952356298464,193.35722184449625,194.25322123103615,191.8698669150629,195.8976776543412,191.79235310020852,191.0388164327229,192.33315018672062,192.83131647399586,196.25843419471488,192.15009792617963,191.8698669150629,192.1544385433343,191.44149141733538
176.08213971908137,176.3805851048566,175.67606883981583,176.44422516220715,176.71503221360317,175.89493465111485,176.37624448770194,177.1778471640303,177.72298486769708,174.99205212147697,174.97186334104157,174.2356691966156,175.18744917939085,174.64962129956197,177.05746303551817,174.79182279490314,174.5934140225867,176.01849966173083,174.59775463974137,175.26211673686944
155.7363009406002,153.96136605228423,155.43784274471045,155.79558757068156,154.63824398294577,152.58264314167477,156.24610672027154,155.36729069977375,157.81807953840732,155.35287079042502,155.0669580117518,155.88836189430046,152.3177109772285,153.45156027261285,153.83176314431384,155.27034761578855,152.70002544690763,151.22924146244688,155.71929685070546,153.59928060915846
135.19253130859892,143.26282251084518,141.30124012829168,139.97036065605266,140.8370570194614,143.26282251084518,140.15583847164518,142.43120111445143,141.71382407283494,142.71091863497224,138.96270254617943,141.30124012829168,137.1043051972056,141.00822920922607,141.5544340610779,134.72657798378728,138.29744112267136,137.5291712641707,141.37031465235185,142.89639645056477
126.15519321084938,126.88998807430818,130.92884393393237,125.41576014840344,131.1884952134018,126.30080640947236,125.41576014840344,128.35266851216952,120.44167967742936,126.15519321084938,117.69055815077385,131.4021040195578,125.69251153168776,129.20072180018644,127.19849720179138,125.68923988603774,118.8836940762396,118.43064408694008,130.4206527365665,124.9627101591039
126.99468428666671,127.35676972979249,122.51472893529382,128.23706570494429,128.03798827760872,128.64434149622085,122.8768143784196,124.43479997960935,124.43479997960935,122.51472893529382,121.68367845295384,122.51906955244849,126.16363380432674,126.16315077447736,123.55803292623582,122.04443499332751,128.64434149622085,122.51472893529382,126.52523621760314,122.51472893529382
124.39647975497266,127.91213807171434,126.71851911639921,127.96090053467678,128.59335661953057,130.0800058132945,125.67680985145356,129.96497263847172,130.75769543933245,128.43034860374036,128.094147086968,128.84196501217158,135.00810136899787,127.598815091551,127.76182310734121,127.07975868662226,129.1997098381427,128.83762439501692,127.96090053467678,126.71851911639921
142.6464501777841,140.0623665096648,142.68771003099894,140.9426624848166,140.74358505748103,142.3069936407769,145.29442260523683,145.93416355307147,145.93416355307147,142.16241499697557,141.07590903710783,139.7046216836937,141.78557184021835,141.9069595194478,142.10791621344134,143.58174724499295,141.4266976656251,142.68771003099894,145.2564739270335,144.01409250875594
157.1993405641787,157.7484866634099,157.3864012202841,158.27632553808326,158.0772481107477,157.26801198149047,158.27632553808326,157.94570160752843,157.78030516315542,156.74053009399168,155.9094796116517,157.3864012202841,156.78453885913524,158.0796365393305,156.9035381097819,156.9161072783178,156.22231956196566,157.3864012202841,158.6287826385617,157.03394411980568
191.38274788591696,195.42566674338306,191.47070620481722,196.30596271853486,192.74533635253687,198.209592641296,196.30596271853486,199.1186084241116,199.1186084241116,196.2373950650427,191.43199337872878,194.8322551434796,195.82248959617962,197.84750719817023,198.01051521396045,196.72824343782978,197.56062282292186,195.06358130025728,192.94441377987243,191.70203236159486
201.75635038607064,204.25339190873524,201.75635038607064,197.58041715570195,202.79965437701264,203.29224959398184,205.13368788388703,203.9699392200198,204.51507692368656,205.48126524387177,201.80559587888246,198.39480144740824,199.06575142443032,199.18713910365977,197.38133972836638,203.42101252364316,202.11843582919641,203.89130646560946,202.9987318043482,203.89130646560946
199.52263849914473,200.22008822474,204.7025279423527,206.28027364309978,206.0811962157642,205.94490936063028,207.36743190692843,208.54792204740005,208.6611365401345,206.29248672061502,205.08713771763402,204.7025279423527,200.61691107753657,207.00534646380265,200.56594249008674,205.65475654668455,199.8847239422705,204.7025279423527,205.94490936063028,205.0378922248222
202.66760467815712,202.52351165101265,202.16142620788688,203.40380762616445,202.898749928631,203.9099860964347,205.43489333843394,205.67145603046473,204.69751225937054,203.7513849861492,202.71685017096894,202.66760467815712,202.92033450380922,203.54790065330891,206.273281625612,201.69113226592057,205.06077583355236,204.19251192015636,203.40380762616445,202.66760467815712
208.4310350805224,208.65629250250595,205.86401008549365,211.98596877890773,209.33751105032218,212.10541555640665,208.0198468048571,210.2142781036957,210.35110612483794,208.29420705938017,207.4631565770402,208.29420705938017,210.9122796309409,206.50045578314248,209.4743390714644,214.43926775156942,212.10541555640665,206.50045578314248,208.79312052364818,208.29420705938017
204.60695989375006,203.99004316931092,204.87956138412386,204.9931804419888,205.8987302699529,203.99004316931092,205.24164682724964,206.7996324284394,206.7996324284394,204.63109499886303,203.77590941141008,201.64966246688405,203.80004451652306,204.87956138412386,205.92286537506587,204.77630986345565,205.24164682724964,204.87956138412386,205.21751172213666,204.87956138412386
196.67985924485353,197.25195988828295,196.88987444515718,194.62975989357335,194.95718863423798,194.04407452053934,197.25195988828295,198.8099454894727,195.6020601217291,194.1470507412042,196.0588239628172,196.88987444515718,196.0588239628172,196.88987444515718,197.93317843609918,193.57873755674535,194.50913618432998,196.68726212483148,194.50913618432998,193.47197387710992
187.19556365012826,188.9251226845714,186.02710029321767,191.2240637218063,194.07354039533803,194.43083612512402,186.38918573634345,192.78204932299604,195.98882172631377,188.79493280732802,187.73198675910564,186.02710029321767,190.87963854476516,194.24662597533307,189.42846593905278,188.4597857207774,190.57222010755734,186.34518929055616,186.62108130222586,188.01664019351415
