0,1,2,3,4,5,6,7,8,9,10,11,12,13,14,15,16,17,18,19
154.70409670015692,160.77533572836097,158.40578634089422,152.16596045238146,147.60024023212708,176.40003097004754,150.2681099511214,137.79301752866505,155.8165984094231,154.69471082888856,151.96199292828368,165.97087760556946,154.22364682118038,155.90373648282963,162.89853572429715,146.20024111097433,154.74577374684304,158.3360628990604,164.32755117050394,124.08985834684201
136.54336460223595,131.83768356307422,136.82803776455597,121.75784725645038,120.51895633848058,147.33241018045723,123.22756584939751,116.45435936134785,135.71574183327252,133.88936816133378,126.73097706607734,144.877967639349,127.33488143171313,135.60684622608105,131.13946380203765,125.33352870047345,134.89843161808844,134.5274825390433,132.68973376465118,112.60437154156091
118.67574994854722,109.26462483815087,102.75682870801202,107.5538257170531,107.1282462228522,115.38862427918154,105.14611231127263,95.5779873683724,121.57945825521749,110.33678022356143,100.77397144338326,117.02502724662632,103.84377320432324,117.50079574753771,107.53349763520917,112.76943673623832,109.54793024844611,115.23787967482139,118.0038628614395,96.44900147085687
106.29533121808483,102.19290412212574,75.61305884066141,100.44215524270533,97.77068098422482,95.47682675889095,93.59446313073332,88.7472273722381,110.53104228265143,99.82403425003719,88.15208134344596,99.6490882024156,87.37666602909665,109.8501234171566,91.33305824908476,104.75581204578272,93.66718406573175,108.07568772548501,110.50086909419515,89.0204014969308
93.02489928514679,98.77293591713729,65.65472728964158,88.16997017515486,93.15048003339055,85.51287701326756,89.95045480656484,85.49706391481988,107.61820661052901,99.5338827825129,85.53424016904626,86.27145918307536,82.51393825566356,109.59087685609936,85.63152411756826,89.6585950390612,87.7190106418715,104.17994407913481,105.76273097983702,86.03193642165807
84.3382891448211,87.19350440065142,82.5582672183658,86.22398114560053,99.10479328537853,86.63201921716673,97.50309904396384,95.1383431668719,106.6486709715461,94.24054256872945,87.42410943713642,77.97951753737397,70.22004628727812,101.04590595023859,83.78226012235947,83.54548077123299,92.71172164021564,93.84705851810197,100.06957728877086,86.66248197714408
90.40888375731468,87.31254827451617,94.08595520800567,83.84433302605225,100.01632431322459,80.12556458213405,96.67847916078505,87.55136536593425,97.17876249462192,97.48667966868068,90.17432561408917,90.34865148990917,73.50525257281103,92.10971205082454,81.60987371968174,79.12222803196092,94.61877267892129,94.650076044173,94.26794470647042,96.29893923974828
88.07877381126016,92.1941130269528,93.95149733492323,77.66359495019238,94.46710486653365,91.85349097977571,89.61009454355896,86.21983616534938,102.89677442765823,101.40971701591702,94.53463027233276,100.20832929166193,85.70595061003118,84.93055003770198,81.5062235037549,92.86928875899942,99.79493628233355,106.22871805389026,93.1165505010707,98.50666361945422
89.74027399914773,92.73627993958384,95.50756135660676,69.97067233831015,95.63836839734256,85.3492621192641,85.25952594919086,82.73307953273518,100.55369710945881,101.62192742488288,102.52698183792732,97.8749430676532,81.01988113304431,85.06935628065166,85.6983994009943,98.45609728137451,105.09703681506481,106.1175305109806,94.85472369256588,99.57395803111207
76.78528976903351,91.64712033467967,97.7002979570006,83.81138457441499,100.31263628226647,83.29063244744076,86.55638083510422,81.38829659201008,97.38458611266628,104.13994908864164,109.38450901972702,92.83266644468556,93.09010394364859,82.33798872964655,88.1552864768458,99.18773944995237,99.54495528072285,97.75867783341386,104.98865541833644,90.50681897909513
77.14478538454996,85.54121976391237,98.57857486800992,82.7473293942834,92.76867183291598,82.25793593903893,87.9962433172218,79.39199755159152,91.69859811193747,94.4493395398839,100.43159966362802,80.74475216931188,95.21512005225989,77.24624714750918,91.15858130242135,100.98665998109196,84.99140262100427,85.25079189075679,104.37546627529031,81.92834719460788
76.56634363696644,79.85725161197442,91.8814478413553,73.84212006987514,63.79964004251405,76.38874383096821,87.66802540639982,74.68847117320092,74.25703945242307,81.61954903239426,83.65690293180334,71.49887684598353,94.84371491181975,68.14065953866081,81.2416328826434,99.38389637656782,68.79352054390216,83.34694906740845,96.03484854485086,75.00699326907677
74.79543788161233,66.14294942004767,79.34778020946895,73.20248797598602,57.85975516080146,71.68978315755258,71.33228495145842,68.91969672247471,68.88428231063396,78.38117804721814,76.39583345209688,70.25121628631793,97.24435184841771,67.61611122983572,62.643664854818574,82.19879171113762,66.1225737715838,77.30646007993046,86.56246731348402,71.21214948258964
67.94921857818353,59.41931052792509,74.2489186162357,68.87766172014747,58.723672054945744,62.31243711037113,62.833945194373854,64.76796871983503,70.26046804406764,64.79067177413206,75.81254267368799,61.28286316453935,91.34085740882509,67.58651913324825,64.84220478101518,76.46343034653435,69.1951662746065,67.83386691683134,78.35539730843057,62.25679350988235
64.87614501778644,65.03918893161811,67.53060232419807,73.27100849135452,60.68245427502817,61.36610918290286,71.0841802877312,66.37790884361566,74.85400497764557,65.91147607521313,84.650271902287,63.719081169004234,86.43836844452039,72.48132769131941,64.28281407566273,87.04262236051834,69.56920707996612,68.43466692318394,76.09974591130707,49.50569334941988
59.80159384857818,70.3304793298018,74.74191260282355,73.38790077444487,71.44327670204525,77.32006081923578,77.53652915679027,72.19393675950595,82.84612129264612,72.96270000716406,89.27155862090899,73.28754423867912,86.48874656235952,83.9450130212362,72.23993648141771,98.4556068353237,74.68623746273282,85.32619366264379,72.29846192918669,61.32285844294389
70.03284218510835,79.63327180443473,84.98270223892463,83.0663916563757,82.59707953394309,92.8860127694435,84.50055694482859,78.30227424810371,88.61507394563239,84.6593845030509,90.21390684493869,90.53640375405858,90.22079656780416,82.33326559890693,81.70122924102866,100.56357886541461,71.91187369835967,101.15895983883478,85.71290459251287,71.69531504993977
88.94867560978237,86.46093950606544,97.05093935589203,99.1993671503145,87.37178337288395,101.26251526122033,92.44747967890642,82.95273716392963,96.81724027418448,96.81028916575741,99.06978862789761,103.85154760006169,98.65680601373474,89.70125874554046,98.21980030158518,108.42065311535742,77.49259009809144,103.65790276273879,98.10848329781169,88.27142988513172
114.5897589280255,99.99402028753384,110.01675966659843,106.62149194742838,97.46763215009973,115.02784238043033,99.49749708044139,93.5160608886074,113.41181503992672,107.26851526271442,116.02929026896662,107.87091837985857,105.13980392838423,97.21057642779307,116.21545099547326,114.15491314824871,96.51021135049326,104.62899899919799,115.85960682844599,97.96011451424434
118.1416507702504,105.5728092578925,116.17215290775555,111.96497960539637,105.746911868386,122.78220016233814,116.80890733405151,100.38581470449843,125.54614786584624,116.42408062391256,120.5691080910321,112.51171134611972,113.34720092446669,112.90550507685766,124.1592095285268,119.43339480754116,110.51925593543719,119.43236683621497,133.6315296465677,108.78620037711471
117.9607839418572,107.53950556112895,113.01918220035606,117.17854803345227,111.91083003713204,118.56926761005597,122.32592162308154,108.27642147147456,130.33667515493855,124.49167188771538,120.69760185655691,123.09466825125574,120.6851460070501,117.31937209446441,128.21681926781648,123.6849700018599,114.0291596739461,121.13339726628071,134.02588450306985,109.69895443126813
111.87806364411803,114.08392579006536,107.62424984871515,118.39338829398409,116.01745560804808,124.1762158335919,118.38853090903712,112.70076129223403,134.8291758865066,119.96641272222311,116.98926659744959,129.38133227748187,121.01564344453068,121.79527719549205,125.89379099761273,140.17748630845216,104.1223404737004,121.33195946507767,133.31057248121903,114.15919819523373
111.72520326866477,118.57961067730643,108.1090424367645,116.66536721160624,108.51749165020378,129.58623553602428,113.91400450633962,113.68192656325644,131.11466193290235,105.81518790840693,114.21165501565638,123.84377454138954,118.41074236471484,125.16479604182885,116.45890164890072,137.85769265076277,105.94615355269009,118.37949682314289,132.7505944722208,116.0270796038334
118.64810581022034,117.57740943701496,113.35666300814937,106.9942681487472,113.42388629450068,122.87883340216817,106.93221061947668,108.7526180692559,129.7730357598356,109.86772700301977,112.06233827718852,119.35511161940862,107.91589736134101,116.40619160684737,118.30300736326026,124.99729418308222,110.10435618133867,97.65026428198057,125.38105983676883,116.00459482447208
116.38839663453608,114.1405060889627,108.00802995930356,110.9752440444227,111.04653443551824,115.91233157453964,102.37032714189075,104.48880777080389,129.4881931004296,112.52391340698748,105.29732765972182,115.66888735307741,102.87881682416942,109.7367727886035,116.8046644196708,128.61158683681157,109.53815244832937,112.42340682269297,118.59842294965632,110.82417313251979
109.68038438417551,115.97274406810118,100.22755431446484,110.39751582688056,98.20749327460894,107.89601868410453,100.28787230641856,95.96036606574766,118.72569358009261,124.28930612233874,110.59675235870887,111.58342561228682,103.1981130702453,106.60648284424848,116.90268053329898,119.28342485229166,104.20311688159713,118.3846455500931,115.28247037591254,100.64750179930795
100.2384641985482,109.3440562256342,99.85039688935436,112.71360146153657,98.56833938965426,105.82915363534582,100.8396043251868,99.93247536204159,110.34482338226229,124.68038834457244,107.16183704369601,104.58778647414053,98.15282572565658,106.26456976786316,109.8753927587483,112.64626690917953,99.96926045277291,110.88716321650216,113.13689550199273,94.01142850929914
97.48617688683325,101.67290132950286,100.59154380429341,102.44150559652297,98.71989312983912,102.75786824448682,98.0964607190375,96.70526433933811,102.47741734819617,117.81880961568825,96.82993813644295,102.28852888042309,97.22028512048865,96.27141880718828,102.65287497100694,108.46353972211983,93.21948948689109,105.92361189080482,114.72485065585562,97.90073158802564
93.04990963800596,95.47393023000345,100.32760787596267,101.68330140535284,102.73659064577497,106.66189028792849,94.44019589479595,91.05393463625933,100.9279762108936,104.75791377869604,84.24353443472191,109.88173248443154,96.57168118677458,98.96580558428013,99.81600252526734,103.29596263295412,89.52766997168574,112.63287771112785,110.26125010896654,95.9896981780477
92.18883639923683,92.9906312634622,97.0254306734996,100.34350195593817,104.71608764845692,99.91331568612468,91.41491015495193,88.84437909715021,100.11246078762795,101.8262968020267,90.10665137480169,101.55746696238307,96.82010490794995,98.91897625553489,92.05665299324778,100.43864055678216,91.47500656545047,116.71217856156017,107.40764110077747,90.31370127568552
87.91716578372545,97.77530837495436,95.75683453631693,101.13264264867908,95.31869530944624,94.35143073220277,98.77427275590138,91.87372892537101,102.05136830644084,104.34998682835463,94.77431902797943,96.55311377262966,101.30073656818148,96.61678394426745,95.2307159347639,95.13312289067014,94.83289495466255,110.43221832324781,114.39938780902132,91.61957441621833
87.67496904744688,102.56991188867163,98.20694531511857,92.69174607772408,95.09540386127502,95.21411138270813,105.2007008909877,92.94872896564144,100.38786682295662,95.95375526664688,89.51997420836568,98.6868046625162,97.14260468661959,97.29531329656132,98.25201255504459,99.38923677864501,103.29109743193528,104.79493914584721,118.26378385219566,93.8789357683915
91.04053197881709,105.30520071546711,102.28383517031456,94.70610499822507,92.45288400003851,96.29278928686945,104.1990692617068,93.51031119797202,96.36138549216905,94.56460850532402,87.49354185226142,100.5254877524515,101.97237010548898,97.01916261663565,94.0675550672273,100.95899137301167,100.95023486301534,106.87222889856189,107.92733763723284,98.23881392978176
93.32841714730131,100.94359894870571,100.79205915981777,93.45456091529223,88.58479645203552,96.82958847024328,97.26219498772498,93.36350649064497,102.85189875980866,95.95582608806642,89.60520494174497,96.3606333777737,99.92569814268069,95.42615628824056,92.62227644195478,104.01737963711786,97.79382568948054,110.1520465405823,103.55107984827328,101.33266486351164
96.28206809653094,101.14931185851695,101.01624266629717,96.70152627330067,91.83330951480063,93.79290312222464,100.92464914310168,87.2935479519553,99.6641528183687,106.77695214150795,95.19471615729714,97.05787571192236,103.55791911678283,91.90764753627334,88.91730469754305,105.31091916128761,101.13746221569981,112.87305496031713,104.95568530353333,96.86814602545725
96.33282064169657,105.28320678781466,107.36111630490377,95.56319606025647,94.28232715650049,89.42807899350743,97.19866531681113,84.19198156561802,98.19845832295974,102.36793204523367,95.03566528083984,94.98641013691119,104.14603711901736,91.58881749861065,94.56882830036712,99.37771004869953,97.58650689459421,109.84081795926743,105.54094689037328,87.30997407605312
90.03585026238244,97.96574405400047,98.82710928099058,93.30410459134093,93.08563473643078,90.19616305467281,90.09766582900913,82.48488572730223,96.70443356763002,91.05807234004959,93.0419302251525,95.49980567859957,105.74098788249763,87.2022412117961,99.14770936100963,90.64980357741214,90.17351879687995,108.40744207558323,100.00128200895506,85.36705022861508
82.06723974048529,89.03982532532197,89.84044114871465,87.80181663011284,79.95133125055982,88.58124922378398,82.42423723268116,75.36677788865215,94.78556288703844,84.1469280252742,87.25280681373928,92.31470216934179,89.45725572180606,81.13326051694163,88.84979914725237,91.35110129595986,84.7641357668686,98.93927038654935,88.33365423280424,79.3781149690745
71.06505033973066,78.79645269678784,84.75636044510539,78.60956980898298,68.84090240286096,82.65125183869101,74.14422398338462,73.93026356140943,94.68143276829514,78.32431925301977,77.39021382681946,80.9239528059706,74.76973621217905,69.96395468622123,80.00090383650473,94.14953835557755,79.13452743709931,88.81657842906051,82.02017000393394,75.14586900580099
65.47067166053728,69.58031232662269,81.35380625226654,68.54975916118214,69.53775362915798,74.83546902367779,62.37200905022512,72.64082927165515,88.35664112477785,69.57722281426013,70.22490811790925,74.30752225282573,70.25873389839036,62.15745236799128,70.47286448757136,87.26167052133637,75.73735277826485,78.35754797006871,80.87271371566723,70.72508830477707
58.70157677847105,64.10280751650951,68.57619872187999,63.19138385319633,68.70963544750953,71.52614492711764,63.53946958967123,69.99078326440603,77.41452551875884,62.2971923091861,63.72801817945953,72.26062383491487,69.35265530194602,62.76146250264482,65.66486350050802,78.05560965392407,69.62941388164236,70.19675289226356,75.1823539791716,69.08052429641666
51.571622847670824,62.56792102830481,67.13684197336713,57.164691333744415,63.033201190754916,70.89178753073107,64.61794090473121,63.278892540397685,67.16986512980893,60.35830652095809,60.686620952966,68.13495812212088,66.24277460552292,62.17032207889153,64.28408045110876,70.7623822280088,59.9679356716564,65.16812822278773,69.64888686956533,64.14973559201482
49.83504503291063,64.40304208665437,69.80512439832644,51.29601321411759,61.97683364279481,67.8854915045828,63.2822928355953,56.37171955415457,66.92101025167557,62.50921447693696,58.307283010317796,66.06004614129155,62.945301898219164,62.35774446313977,66.69126186411458,69.89114932683025,50.22282589287874,63.02903942011254,64.94854969101897,60.61064251407061
54.983934600733846,67.73899277226,67.59034643215543,52.48255516578244,58.494770343675974,64.61027752602648,56.9778549373726,48.26280695457622,60.4118873279245,61.79720029237979,57.5532838270001,63.864812569834825,63.237312016854794,61.35005510645115,66.73386026884485,67.97698601256677,45.18159037201554,62.75901206143663,61.08676297677585,61.78020374053795
55.746316101359284,70.59065204764288,64.23684649873091,58.179995969061025,56.36465833355512,64.63947141248185,51.13177042779115,46.34464834681902,59.41058072307621,59.986770925015996,57.969619731375644,59.909907241258715,58.8756627821084,60.962823885969215,64.62785275462834,67.41917878765305,49.41970530521833,62.312731806379084,56.894037799661405,63.81881484413655
54.31446246925165,70.7385513040522,62.178995501498775,59.06268355478937,59.606217270019876,66.47610594103244,51.38137841171499,44.61800749365687,64.42172607511692,58.71501845711928,57.17004863226399,57.23813028258516,55.15747122681991,60.75772027362129,66.23345304766328,64.32484919066349,54.61321844271096,60.236486039994716,57.42045649476496,61.735174027044415
55.259649868847745,67.36922656464152,66.7917923331799,57.34491186618159,57.62424065619275,67.6394285627292,49.595065706595676,45.73691731221198,63.653608678576155,56.89876933834396,61.34544583692507,60.00383627678878,52.07603817034649,58.045309266069474,67.18348277126972,61.13173594588737,50.77784580425585,59.02346361244827,59.04653738202134,58.41144960899563
57.39996231749835,64.50451093472947,67.59756132292448,51.11779299973185,52.2266911204894,64.06871747732778,46.642705785032675,45.22132282710024,58.92903850669445,54.528172766058695,63.44980555085281,60.84475041888265,53.395077267114075,54.64506392335913,68.28452607097674,62.97645678064708,46.62296591805349,61.07295585122778,61.13514863450319,56.018877627518236
55.43030670341061,63.899045668463955,63.08170837480871,50.41985746191233,51.219802055165296,59.24393603705077,46.338399135621756,46.50770311678715,54.92739410092167,55.03692293516979,59.12940029992416,60.37374849561916,55.588940212029975,49.25782642507953,64.47432153199999,62.62260345944677,45.57227677659067,61.99323848912663,63.77902547457669,55.38127484832696
50.19547495803465,61.49539560988874,57.723812115663016,48.937788732244215,51.47464198133811,58.57908199358207,49.823831231413806,49.01362771890037,54.82384808129438,55.95389926787862,53.59564163549468,58.89046406931803,53.825268677604065,47.365363513240524,61.45143839664019,61.71853567275383,44.61758789655536,61.94178956991096,64.86203121920983,53.40951605489835
44.27726321600615,57.85021352760572,55.8129565547252,48.04575276163388,52.13784100784998,61.02978626996572,51.91247803760723,54.12092929500306,55.64794222582399,53.57123354075195,51.92499465565805,56.55304270058236,53.76488584501871,50.82088348630438,61.54575067398698,59.93633288013791,47.41638271625262,61.43466988134776,64.12576296059241,52.96651742581705
43.79471582898675,56.059190238240745,58.97083553495688,49.54770713073131,54.709101900609745,64.97612540042842,52.19598080564451,60.58887522132026,57.363113007385714,51.36792156511513,52.64856938505957,56.62731706353969,59.252441372578005,52.89676104194463,65.76412759381545,61.30139839470221,51.219626005055964,63.78957100611407,66.17898768289245,57.65005874611367
50.396104483116076,58.334969027719026,61.96524310550109,54.03119248917152,59.47286040066505,67.3722914998068,57.79466652495607,63.525973501220314,61.872447094148185,54.556722097583375,56.00421286659357,62.35398068477511,63.37459367654399,55.094652522181676,72.18640569971221,65.05077167275995,55.569703716913054,69.25413963004604,71.77414502695747,61.52587698169793
60.447074212542546,63.59864392868309,63.37219927577041,59.128601639440134,65.28574307897478,69.43501772996514,68.19887689633325,66.61616245032896,66.6622375605899,62.517815694211734,60.95716060003303,67.30032155048191,68.20864867806354,62.762608919260884,78.62368293808643,70.29984212243953,61.27359509202079,74.12527783986498,77.4072724860891,62.96909779424829
66.82990473135648,69.47979308891134,68.09916453500239,64.24571229801543,70.02612899497112,73.37976488213367,73.58208287039983,69.99863542723097,72.66823809188935,71.16475301296241,67.23397571918615,68.64432919104355,76.13305354734405,71.50843401186218,84.35833842516679,73.80163488642765,66.60692731056542,80.23249176517642,81.13678924292005,67.1222620899748
69.1839974735723,75.31423879203973,75.24832118190693,69.65226212250548,72.3060995011971,76.45769559405633,74.8592264828092,72.72697077313335,77.66067721956516,79.2314223183572,72.35303005768198,73.359411065595,83.31625981485739,78.31091546594304,87.31680216673948,77.33029671059282,69.55470896447473,84.75702126992644,84.76559264127972,71.1347361924097
69.94786773603353,81.0578407503553,79.99045767128449,74.74508769509288,74.06257721356619,76.92248539148082,74.76643315957516,74.96181133798069,81.89122275686243,83.11251862505806,75.09924974930357,81.2441073251765,89.1549963089358,83.13423130150079,87.33082586518638,81.81349805109002,71.08540608036431,89.10514561924433,90.11628596659729,72.85675522351244
72.89762530434693,87.11992942353777,78.6992716240388,78.17746974517726,75.69491475983396,77.72259382791442,74.23872914748223,75.79035041976309,87.0366149903956,84.55161245086926,78.53960573723452,87.6982055807954,93.391797333771,86.59161781994396,86.99169813015695,85.5882698962365,73.59896940922617,94.07826787451853,94.59642410324135,73.9621493775171
81.43338187241379,93.39319523903679,77.75516366738711,80.8765244756811,78.06642876899826,80.79790641182872,74.7744395664707,76.99303022059097,92.20690934802136,89.36847542912462,81.85527889109068,90.12640331316679,95.14792073266298,89.94140681524745,87.29080416245938,88.68076636627526,77.01057315942734,96.6936524667569,96.23213973481037,78.93736670089558
87.77096805849214,95.9157127894864,80.72425350794136,82.09427171938047,81.46727003187657,84.46616930768434,77.00092351703441,77.90215154764321,93.95699744203847,94.96140455591852,84.27021523043398,91.07901689901598,93.8424311782983,91.71763067083837,88.69714115472931,90.98392742006774,80.38609585497616,94.3698980649083,94.93068003055473,83.8990841403491
86.64641532978042,93.78044184252536,83.91744968416727,82.61321306968563,83.80705698102781,86.79097757228571,79.58165134539414,75.96353921230033,90.51736448914099,95.96685371775024,85.421367392469,94.31329343471818,90.70710580652316,90.2811384776424,89.03530308951947,90.93921841267424,79.40549824428824,91.26424650851332,91.11603420572264,85.91537507370889
81.98388975785181,90.39620457073985,83.84500731396885,83.05857152415787,82.6058813862665,86.4982897596104,79.19659731741868,73.05196115398512,86.97653948310787,92.13686838035112,85.26420980743886,97.45662125217952,86.8154861701812,88.38260676256459,86.64716776826133,88.89526981234303,74.74578811065997,89.96610878082419,87.16543782236612,83.26694904060949
77.55434161847747,86.51437612353052,81.50615876160157,80.63208500160515,77.26212000222772,84.0623124730479,77.08159425971593,69.60943353802561,82.9227643236169,88.42470877562602,80.98187233612201,97.9961260702376,84.29232783260743,85.30162031503099,81.50456632234905,85.12900595234149,72.48330624159635,86.74453956760742,84.54999005415009,78.97262427876998
73.09198003340424,81.86591493912071,78.02426012570083,75.77156138106253,72.12365013528664,81.51592175691222,75.66295899472524,66.56471860812563,77.74386481943137,85.19166960195948,73.17828032846387,95.28707268813807,82.27932450333599,81.86899358296517,75.34468083948431,80.67133088221753,72.17318546114257,81.37472977501987,81.22094932516896,75.50539073151701
67.2177732280466,77.69803720022259,74.90745415061691,71.77245567687868,69.45515403325591,79.24416993510152,74.29608243561061,65.06336292783321,71.84989107962261,82.45658527656902,65.62920853014101,89.65259542186703,78.79348873053826,77.88968231111731,72.37483274293476,76.16639321992682,70.93066403709534,76.82470970757096,76.54884523075214,74.41184235293986
61.53953196379369,75.75207437011814,74.17378264362337,70.26041331381491,68.58810685432928,76.57961498237995,73.69661681387036,65.15091179252988,68.54314846035143,81.168702642723,63.852106595055325,84.16766303642132,76.94573006975789,74.68764488622173,70.50631832719203,72.37109659944937,68.28303613520953,76.56081628429017,72.9067073386461,74.96529136558256
59.05012640076838,75.36284155204669,74.31068383831162,72.15097856422386,69.16045882694996,75.71563711954411,73.39371699071272,66.37117240034218,69.18634041571347,80.92218256440044,67.03753711948848,82.83948811994371,78.98208138461143,76.18562205887413,70.7265880163996,71.34642469875274,68.57504105422507,77.62301354530774,72.12582576067506,75.52958762952181
61.525732824766976,77.31699500554971,74.76774666319389,73.17577794779943,70.54762331336569,78.33989487667104,75.00708916890136,68.48885424041868,71.71828802661129,80.27000438574701,72.7364386842731,84.74225920601955,82.9750593328403,79.80475250096367,73.85266804762686,73.42935929500685,72.3204182745517,79.02510273917171,75.51595273151865,78.00708551729154
67.10866917722204,81.36831167205146,76.15042982227907,74.27453608949682,74.2261403439843,81.82516098416009,79.68533006963713,70.36453132533346,75.19852000367705,79.65633700619775,79.98678926171095,87.23072983891474,85.78141277289313,81.97575009414703,77.24531578597835,78.63959090599438,73.50558520016534,80.866491628036,80.88073038979626,82.83306751755354
72.15200786894948,85.68512501299291,77.89749630004755,78.95658748996189,78.6847310495224,84.43721732405838,83.61715118831187,72.97815673494966,80.01675809102704,80.89178234559452,85.03853437707326,89.94461812059369,87.23981771009308,83.00647625894926,80.30715184970268,86.76400159793708,73.74865976229667,82.89673138122886,86.72290236146075,88.48998824594263
74.46788161631717,87.6993517309423,80.47722149915782,85.38511215163508,81.90482669410858,85.43509965264579,86.02453230660188,75.72252925314727,84.29124961834103,83.40512034564125,87.21341934061904,92.07612465341053,89.75471728934119,84.16387301025262,82.90872751429491,93.35301196656863,75.61351527525018,86.7201635740632,90.5500439014095,92.60556204901297
72.42659080750838,87.02911099018496,82.75332823878361,88.9214451959108,83.20288028670295,84.71950485447707,86.36229230881837,76.61856398761502,86.23014948762834,85.71444734351493,87.56045526314978,91.80241003260306,90.02850040448493,83.77646631565983,85.72862678875892,94.2305585015954,76.15082272959282,91.89708702811959,92.90431273639366,92.71866167547918
68.54065573739078,85.32597598213982,82.1083835824048,88.77707182690331,81.72590548393043,83.47291040247582,83.52041652052561,76.02679874514784,87.04480889597113,87.13038886169521,87.20886742897791,89.03040360663721,89.29599055115445,81.58430053800659,87.85242904924263,90.36358151938359,77.14730573261902,96.60399435196501,95.06168345010303,90.75398123632247
69.3288167797086,85.86870114929052,81.39998681581201,87.92957145409444,79.57178074623722,82.84095734023511,81.93654063755149,75.33893134214534,88.31967446126744,89.07593383981279,87.69281106139618,87.11441984795924,90.22200314090432,81.21417111488076,87.72174941294087,86.85253700130427,78.78623394394936,99.80003655602168,96.26315435686917,87.4526888951809
74.89243269315989,89.39805844845728,82.63278174607682,87.57939430922694,79.00036308967603,82.31226293020738,83.03711471771395,76.2502648101376,89.72106428343707,92.18987012838828,90.19453147125745,86.55895227719999,92.68437763115388,85.22867775949717,88.0094066220946,85.02576142721611,78.63198858930247,98.82061179057222,95.30292475632339,84.8553278520137
79.47317680419647,92.35762478893174,84.36788965187195,89.93381205979857,81.58584331216645,84.93635692929259,83.38306472982788,78.50112522416407,92.2612516463153,92.66299700522833,95.52470932124767,86.62091950676057,96.35091859921113,91.31886427218333,89.19897613091065,87.2956520355078,77.71171373588459,95.04086525463119,93.15984674529861,83.6378615352038
79.57336378928518,93.77866896173231,86.27608306695718,94.7679554317682,85.06401082009744,89.7115660984593,83.11399574010963,79.76998918175624,94.6757504600441,90.96812035715173,98.61955176219458,87.57328911855615,97.28973777956526,95.69586115195926,89.99967069714643,91.4501103211284,76.48894986803978,91.16913177752866,94.09117072261249,82.91303286752603
78.87175706894398,93.41035134742802,88.15438089240158,97.0518985101722,87.83733986163172,92.10153575766361,82.32509244702642,78.96187955406057,93.47553970294796,90.28548202156512,96.50531317322631,87.16637418683506,95.31552242622247,95.60102754370673,90.02575013801126,92.98315522479793,75.38211585106076,90.11716016903647,94.49643923675389,83.6896248854234
78.15715219351478,91.70019982318456,87.45293577095184,95.35679457016472,85.96008535318748,91.8712581777575,80.11044642279603,76.07600160483685,90.08644334886205,88.80913741364334,92.98297003730863,85.46877367535804,91.80463563633079,92.20774544592315,89.04623348306616,92.74384314184287,75.56263059327235,90.09726443433364,91.83193214715638,83.82120072538143
76.594008325949,88.75994893002543,84.86937439972982,89.9411645626781,79.73234659175267,88.5161324329572,77.11304463805618,71.52995018618648,85.65389192328034,86.04155096414048,89.39849485335006,83.00982335443872,85.42591649622476,88.12615210072799,87.04979457318998,91.31489945394694,75.86668879280057,88.09222498680798,84.92167039834982,82.59005501189256
73.2396036981553,86.22792422686496,84.03452179436675,82.42267215001777,73.71701605279718,84.39269120487974,76.3174197867915,69.63727994319183,83.03032255215871,81.4348101852737,86.87591244605991,81.16558112955381,79.36360000644943,83.79895096527964,85.20918018325578,89.79989993252377,74.3910702901248,83.54622819368504,77.87906217456546,80.4832643283733
68.22827023207303,86.60524608361504,84.50752602921415,78.56350621625822,70.63445034872842,83.02673712877423,77.6277997851146,72.2201080387749,82.7832962206939,77.92005529981778,85.57364978691379,79.7576268221725,79.63437201373026,80.71729527588053,85.31015099239076,86.57470611664874,72.19056439069779,78.5766120039744,76.22668696532746,78.81269780772581
67.12252555127927,87.34153569460126,87.0593026694395,76.98638113369093,71.43507914101035,84.25374252298764,79.08599139476529,74.13939790348259,86.38863996981478,82.09766312229928,85.6300318818823,83.14382409717413,85.27565796786395,81.51564320782329,85.59872081510996,83.61554274478361,71.27013259267927,81.80223895798623,80.68275058836561,81.78938813761349
72.67175566557351,91.26675637100833,90.94044299425877,83.87189641169421,75.28503025220631,88.5941060114563,85.03659316644097,78.83447282374979,92.82021030901062,92.11874217537034,88.61385457973083,89.96569358038772,90.9244132033845,88.46719883762744,87.6353542224643,87.99140492279554,76.54060537598593,91.95720569425885,88.96594818275898,88.35564589175974
85.06134329760866,97.68395267690461,97.28938329686878,97.5880631478014,82.33077334057847,97.20214935340793,94.20831568895487,88.68182874602418,104.0627167820725,102.79798935580104,96.67713849152554,98.67887710910844,99.25751288055261,98.61486838304025,96.76703956314779,96.18415318100188,88.46416667634868,106.11728066144639,102.4883561525469,93.80031052428048
100.58829549951172,106.37429452453253,105.99895172523911,110.34664966477585,93.78294176307715,108.85888669359223,106.05397842153775,99.39943738107799,116.80868493575097,114.41938956723138,108.27671820908273,111.308411854091,110.7624962881514,109.40624594091082,106.4176493685878,104.28698749083318,103.12325611956224,119.53827617898672,117.1547536435594,100.32750462282546
115.56462641903454,115.84230169078118,116.85452458528731,119.2220552773501,108.35004984956514,117.93422859496742,118.1883126507866,106.19155626263856,124.88310550895223,125.74464662488597,119.69468355956838,122.91385766907311,123.37776213632861,117.84786462652556,115.0546370250401,115.21223340183762,117.7392769436279,133.93219656191684,129.811001838898,111.55577164155396
125.41493574186619,123.35917194317523,129.42925539956053,126.73963852193309,121.69892948100788,121.58963291605441,131.17247210687586,111.20749900273077,131.25830443720622,132.65385339810683,129.314929403448,131.55611623643662,132.45732997600626,127.6616573751518,123.40535380583601,131.98238543208296,127.71411304122836,144.81711607909403,140.0919799330185,123.58603350121275
132.39755979774912,127.55894491230983,140.8937689689092,134.4814168695525,130.37437194124425,130.25033553093624,138.45069982613091,115.06703611130443,135.9722470399784,132.8048438007984,135.1076979657358,140.6826438876391,138.45916052165504,136.81103859722967,132.86466266028722,144.53902340010202,133.72081325786982,152.32776254676145,147.75267706081505,131.5966466968739
143.9393336616993,135.83770043806203,146.74975499870234,144.3329498697118,137.34885447741988,141.98135176162975,141.53651202283166,121.33777410141914,143.05696363824947,141.45115876656888,140.42740757517785,143.80785179480262,146.92325082240717,138.78273705531697,142.72655948047293,148.62079473233442,141.35685897226824,161.18313324937833,152.7209809337069,136.82767506577255
152.0616145582053,149.72862109570934,155.49069064956726,152.96922315534536,143.42305842076658,155.4610549578029,146.12234470606373,128.29544078718516,150.0475202472404,153.5714545883723,150.09969707407063,151.02515084101347,152.71867551651354,147.711153973756,150.80253351319232,151.85139718519517,152.49246259027305,164.88485076872922,159.04811664803083,148.85000043387817
158.8607265240016,159.4944204935971,160.2729051411014,158.47597496565513,149.08642962844706,167.40233927425228,153.52664132161783,138.0586242889603,162.2946256995958,160.1490994425329,162.36846861578638,159.6898968866107,161.92046342682934,159.86925902214432,158.51299956183777,161.03535706148912,159.31196435615092,169.60819928069606,166.74833153470982,160.32052533165609
158.79476149626646,164.43370113064847,163.09783267279724,156.70203802363338,151.02516182419174,176.14389772672618,160.99108486670463,142.55386248903716,171.1412633058214,167.46516081076348,166.34025036727374,167.9584948980947,167.2089680238598,161.29738130200894,158.60245497912067,164.48876252560535,156.15727398355256,172.03040851056164,170.87776453595274,168.62147096549535
153.81439116123116,162.00554118558998,161.869598973885,151.20497646482931,147.28457347515686,175.5871427732834,160.60518450077043,140.73946984836812,169.63957044159608,167.59525914676945,158.35896161560507,174.4905761493335,164.04729307133786,158.11415271942855,151.41584347501868,158.7048171136014,148.4197802172553,173.86247630949202,164.10770485994536,163.98945350157422
140.00750131143707,151.7851413086073,150.9695162375819,138.71250280849557,141.52522412364044,163.52929877466036,146.71802380286127,136.24393091790455,158.36855181868373,157.33758316410146,146.71021200964066,170.81857104621508,152.20060320539426,155.21336241110106,140.63385549303493,147.30019094594616,138.68971036631464,169.5631215884545,152.19308106443216,146.0438834595161
122.57816985865718,134.7874527367214,133.2416019300109,125.53648003015734,129.76455377981443,147.98661244533582,127.4399204322298,120.62893719363953,139.9716928612759,136.5992764976311,132.56189237147802,154.52280993084096,128.45414035568925,137.75358814293062,126.30519851729757,126.56357368229843,127.39912697094252,151.61362104162166,131.74961318554816,124.51221223393985
103.3450144606885,118.56297806234008,121.67424352847834,112.84154345753724,119.870345047936,126.02985715348304,114.87470070526368,107.10958600521892,118.00172887290107,115.55304479781468,119.23670381891503,128.82987636970816,105.4316633535427,120.70590397889593,112.97221021786632,110.84759627408226,114.98240930497619,126.97201489370441,119.31845263320925,104.41398474547502
88.37377291220677,108.6162937244293,112.199805065899,105.78208100335956,109.2348241183447,108.754786917781,104.02762759973857,97.50367151480557,99.78088566192274,97.96189683127405,116.06640957944171,110.72468061160222,97.04631751846472,108.37033458203423,97.81698987862133,100.98466837547586,101.07243143494652,108.16227515173655,109.84037192716158,90.30058743660332
84.7450111970141,110.54863051494483,105.0841779889959,99.41980139558767,110.19960214593577,107.05004941607554,104.53427344971554,95.28829298112498,99.3170724980125,98.10785380890177,110.52437362052592,103.14330616616976,97.10745644740915,103.20822201146908,93.80185728421891,100.02475232596952,101.85477811284201,103.80960031512603,106.08813050161751,99.96908749085033
95.57535028289138,114.60637764738817,108.66971952498544,104.5219378967831,120.10651136143703,116.68713833919081,112.51564853958092,101.54025201503345,106.92009218751915,102.58448298754074,114.31422117722484,106.48213659550797,101.45370851183787,112.64707693091847,100.30484872026042,119.39156929714618,106.95723796121612,104.63392134019945,112.89056280998261,112.71945410540853
111.28055490318536,114.50989481088583,125.88811864609885,114.26456760901407,132.52624646795,129.65961754437834,127.40738800136143,111.72295792704537,118.94497431462167,122.7920917648531,127.18376768819243,123.8750823661225,118.72638547349496,119.14414738005466,121.94783143482367,120.55003839829712,120.02530710189896,114.63419788086622,127.72640833070142,130.9481393704068
127.1336579467282,132.11847417449613,145.6054575020986,133.16407866461077,139.840995534571,143.70577864210617,139.65670637641986,123.3422318827385,139.03603089578655,143.2493220016152,137.53989319430198,149.48459883570683,129.2559692815098,132.97785449380677,142.75972653514526,129.95737575417814,136.18379586270325,139.71968734766443,144.46341011017333,145.74256520493577
147.5561597836033,154.6236054153627,156.73701895153,146.9684856953122,147.7742044561343,161.01722718807918,148.62258064596656,138.47947869638543,149.69956904266832,159.83607134198851,155.74903016569024,161.05359536548107,145.81958082656598,152.1066265771754,154.60360955645476,150.1908084524507,147.90561673914814,160.15199586711984,159.73446485144726,155.74291225890903
157.32104550582008,161.96793352692157,162.70326334125255,154.35549844228535,148.458823118805,164.00955728209465,166.64750125669147,150.29907856186333,160.22905476676297,162.5043203618567,168.45389291074858,169.13929367429614,153.63875587871533,165.4974995218083,162.77508481765054,154.91409244429752,157.86852295279212,172.51413189764386,167.96485776029144,160.47750396235597
154.58959321798804,160.04006760166467,168.71487492260349,159.23899131029586,148.5186475077998,167.46150837836632,167.51586213025084,150.0623178542268,158.9183749665446,161.15125127191908,172.1901841654813,166.4658946969483,152.09102120090708,161.07162283007636,171.26645191886666,161.5740716067766,164.05819186872242,173.31587172171783,162.90209513761678,161.06062421778284
150.5507185166791,160.75546463020072,169.61751194528168,162.17321054325933,140.96942629017175,162.40985882940006,161.25481742383002,150.97979546126072,155.14911669652463,160.8831785285411,169.2231582183995,162.30157239987264,151.00640597666947,154.16563823844143,169.64175474996043,163.12927214196077,157.4369858300821,174.14754359677775,152.99523101546393,169.14202673804192
144.76378296680645,152.29247887929685,163.80466816725544,150.36473942799665,126.4262819074144,160.16717878799594,150.80711837857962,141.86668602736148,156.9281598539124,146.63658564462224,158.32576877060023,160.46305540779443,145.42224432954828,154.35070849256525,159.87738148749324,153.63140771437494,148.72898180609675,164.71351440063677,141.57596137612305,161.58745039203873
143.78151859254743,151.09730380725853,159.30815851386816,146.90146381892205,121.93970752091836,153.4589250225242,140.41438661986015,133.17431739254167,154.8014498348342,137.83958486220922,156.39885145111194,159.33957660392048,147.52273966975588,143.39621830088484,147.44267291038338,144.63693303033867,148.93712589874377,147.10860931116454,141.81362579994604,160.98244777698432
141.76818560850066,155.64038521592747,153.69578677545883,145.64888458128817,129.35655744381037,150.43196754218897,140.22837987327466,129.51548990322118,155.1395114187679,132.30367800794795,155.07511557424843,147.16725830246796,142.856356026212,146.90373358363834,148.6195447869787,138.59779505132843,141.91752849218793,138.15623376851656,147.09682615423918,157.97312794972316
151.64762207623522,165.96010043652464,143.70517184877824,154.54985141387536,139.8200327199596,150.50380265138432,140.8752636961459,131.79059222610238,155.845291940756,144.90730671514146,154.8299753482309,154.81846399307784,154.35951001811364,154.58487590966018,150.6417520210607,141.1233683986067,140.85888245440717,140.93151965366715,151.06460153947538,162.73332159549088
149.85344862173775,169.93549840033182,161.18941103747133,162.20783694049462,140.48574488882105,156.86290512589383,136.04417530537373,134.3663973709456,150.00783948076776,151.9964566162353,159.0075094314259,158.29108150617637,152.7700730652817,158.7991629997867,159.12699751277626,161.57220284662364,150.25790169473467,149.95997588933443,153.57040807792893,172.05295222672677
160.61578564495844,177.8406477952333,173.36112030467936,170.78575794513094,146.8260260665461,162.50612896704592,150.56496526724433,152.29431042678573,152.28064690879148,162.4018659825522,171.002018016893,170.8020638469858,155.34870902083594,169.26293134766178,174.9090640541053,177.0006944850369,164.57189036708465,161.11840194284127,162.2198517544468,185.16056088033554
170.0075448074058,184.86974912497467,181.77227071911167,189.01603676946684,168.6070176428449,176.83870689790885,169.2910189625459,177.31712565205015,169.308145592522,174.35046779495087,179.24423149284675,188.54962756909714,175.52813253099322,188.86184353233045,188.6229034562811,188.32881189113638,189.50578194088845,183.95712177012754,176.60853007789655,207.62008286312195
195.29899536773155,209.56694280556098,198.2972681017336,206.88126351528817,183.67856440066376,202.3550458409403,188.0533404339639,198.04864651671036,199.5164900199777,199.29003248151304,196.50408926778306,217.00791145426717,194.29278666056055,201.2140509682098,217.75069672299304,217.1464758120134,215.89882560782272,206.52244493997392,206.45150894749136,234.0494426532687
218.13122006369085,240.62362138418186,220.76300324813874,233.3190665061758,204.393533545389,233.5315164693547,219.05418225147167,223.10330155512838,234.53796304878796,228.09054630559658,219.7625185178612,245.02054532265586,220.45868343759514,230.29374358547037,244.56855689932067,236.62648810345715,242.06534953805644,229.54419378565706,235.53601105810088,251.08982264576355
251.58703522055973,267.92863994860096,237.31848755034036,257.18150550493397,225.05282864700732,256.76044719029755,254.13868266037937,246.19948241265126,263.2108177181137,251.72062864186418,250.3225035000014,267.18326688978175,251.6957783469585,255.12058017095399,271.65685403085536,260.7998477302934,258.92609263287073,250.87815426638815,258.11812515387413,265.60130852348215
277.76290148114015,294.9606920858056,250.1114586834888,278.1714066597197,250.21448500366455,261.8182380783489,271.0814140325046,271.45381248768746,292.95279811203807,274.85974585776,278.3445445465528,291.7027189236311,268.02947402915584,276.07011707883026,285.9520436408918,282.5538106621275,277.6049562191691,264.5578174862406,276.71971763113214,269.40079407594584
300.36342166010695,313.86407650001627,266.6800741545892,294.000377624107,274.302813919169,285.44872490425666,295.0547622697634,292.8784245480326,306.91936985800913,280.570694203245,289.1979695100542,310.10263356082913,280.0586742604049,295.43724582604415,288.8756018062102,301.6483887774594,296.1859251139412,269.0340179340908,299.0870684007833,278.6260005829612
314.9223018581233,314.92690716958504,290.2047805307029,308.8938005992815,294.2087410732299,307.30985159234626,301.10533808832355,303.21176709876966,315.1244465052432,302.68357280760995,301.0231687296401,332.78960957698496,288.9529498997757,314.80946744894845,298.9411506619928,312.6859293378408,319.0652522990924,281.3722601144555,306.4881285107684,291.4097519505108
326.85143984592844,310.98477717353,304.670500484942,329.4456796999173,304.1225361816432,318.40943178762114,314.0964530079016,313.4323421646812,328.54611126519336,315.44676313488964,308.1694813098563,331.49691444682145,296.24030194029916,321.4831336621116,298.43219149639646,316.79347478854095,332.01277397054184,298.6711800548907,320.2303923135547,312.6349663891148
330.28531326784633,296.55269318222844,317.43504107589274,335.3413562893749,305.53144731908026,324.05693621858364,329.9125645366606,307.12863558844697,335.15178471323844,326.93651860252766,322.44609101098524,329.0646832333989,304.7286074636188,323.89861720038203,289.4828367082476,320.12584394323335,328.9573605517272,309.86435697126535,333.4418071880235,329.8976258638283
335.4429374614526,284.86356273832575,317.5337019334294,331.7697241157007,291.0456365333818,321.5464254446112,321.80025303327557,309.94771198827357,336.03024603554195,333.23471369481314,323.71071175281406,322.80415224139045,307.33383741108645,325.0357249782594,282.82396756300176,327.53624996885225,332.18154852502977,316.74465827679387,335.8204643745403,317.96982224398386
330.8745847940172,277.20232110482885,313.9487496412701,325.24264871515817,283.2587098847501,307.6561113352183,310.47526711538626,306.03451968945274,320.94365734957677,325.5224671484422,315.1154409427593,322.65282406320983,301.6867179412863,319.8132580060398,275.1046600521213,315.42560674365023,335.7503913562127,316.7151782091281,328.2202850549333,310.2731148050441
311.32523222836886,278.67213798860257,317.38279527725126,310.83177653117536,282.2351698602808,297.7290068053668,292.60448171450537,306.96798119412824,309.5853913215726,319.91928611080533,301.6253326070093,325.06534967102937,301.3134108511926,310.473333658641,270.9326332328812,299.8137279214448,330.8813283650159,311.9386829227195,312.4650783551976,297.80371799188293
294.3369546726112,282.2249896737127,307.0661375855551,301.87842409807973,284.01520220577163,287.9959661395713,276.1065808591251,301.49523843766934,296.6804391408696,323.04370023668025,291.1077839306385,308.40816786342964,300.01190136888937,297.168269539183,265.5438275082579,290.185268895363,318.1015193632409,322.91378731536946,318.7308291986291,292.70989224273785
282.7979898462057,294.5547892350198,298.24977307652557,299.25645618864417,276.90045428527327,290.0390351528369,274.62923331891795,290.037440008508,283.8261696736234,315.77099532565387,285.14646284157163,284.635283668248,299.45168856364666,289.01694201243646,257.73496729555643,272.53957701519926,312.25411720600465,333.26789356385484,315.02135058678397,303.3784736654469
280.2991681529575,285.2417560651597,293.43472511092904,284.3165971496404,276.21745042357287,297.5354994125825,281.35898238918963,291.71310207749923,279.47910675006204,309.21596406522207,277.0740329411184,287.2727321277144,284.91394775380127,280.4205526874034,261.28463641080185,266.4159949516675,305.9647504954068,330.5627844935921,305.7977049949625,305.2663800455115
274.6701315641478,283.7060306610726,292.662244450698,287.36209807888866,274.1570207967822,302.9533473191836,285.13041128037986,285.7182586456502,277.0908203892642,299.2941979490978,286.4510429196231,297.9503511627314,279.24758504807454,286.7087474561419,264.5727645608602,269.2296204308323,295.4984069777096,319.5171744028703,286.0752261901516,300.563290836274
274.41405296532895,284.52485961979636,288.13879624046683,292.9048275884505,263.8002523132758,295.8429898649556,286.7603383628132,290.26785592693744,280.30145196261543,300.3617600121668,298.9258401586061,303.8310073357173,285.6003659132738,301.25232064729295,269.7068699622439,270.8674195184613,289.7059329782443,305.215948947151,283.4249974388373,301.6416843202887
290.087810582254,287.6425785072762,284.43252532334196,299.85036702702087,270.78007548324285,298.02915124387977,292.77728868474213,295.44971924526106,295.6970986045716,309.2656996347448,299.4177725027284,315.7874883171972,298.19290163431856,302.9578689294814,281.84128305585074,286.3695720874321,299.1242075952026,310.745454859323,284.8868758529261,304.00544652007204
313.8260583010039,304.28962263920243,291.30435320468723,306.7877356202539,284.1915334426136,300.8067607182831,304.8653863128385,305.44817831957397,306.869726444866,316.43997214011546,307.26256824487723,320.32546017361653,304.9041679129648,309.844967407223,304.3933732322269,301.38656058265894,314.0971451581704,320.70245617864987,288.6067773615769,314.29780211029026
332.4267467187876,315.9278257054034,307.38166033542717,320.18112433889775,301.97339692290956,312.91048230208906,320.27382190384327,313.3905597502947,312.52270268131787,320.31206420742814,317.2880242627643,323.5546123758201,321.6100893306048,317.8672637512164,324.7997410812453,314.3542690174218,331.5006309684156,332.5260139295529,308.8188847007072,319.2292451946665
348.7189946945717,330.7498732052489,324.9342606686795,330.7627460023487,324.10674294394687,332.8545858179005,331.9473194533025,335.3414304191703,322.8256166888521,332.5268119799408,326.42027883033757,331.5807374330249,332.2622376911923,328.4663530711502,331.2266006810506,323.0368807755437,342.3967791635156,345.363206005742,328.93726603569615,325.0377418746743
350.0347317306872,335.0862652368592,337.0939054620096,332.42405965169786,343.1911319301883,340.32838330121876,338.5783082933333,334.3466783334885,327.3762867870688,334.0280480886854,335.8416113132607,339.5601532201961,341.13503758789864,334.92881796259405,338.9000880213732,336.88630426427096,351.278741200472,356.10663315071423,353.68874309860075,331.34827217871947
346.7126305576725,343.5047648692311,338.63130922758535,334.21363949360847,351.4746065146361,349.9529046806511,343.1101897379546,329.6498912797591,337.0726552933901,333.141199575102,344.49849430871757,341.4602306092184,334.17565064329017,341.2724298097854,343.3045673923268,347.32520284233806,354.9449946693863,370.3239869921968,359.3937384917367,326.7743186837789
338.53975313388975,341.0067883307888,344.37012123204767,332.3807027894764,355.68158363719766,363.21051172943925,344.8720059512414,331.92382517059644,342.0146967354071,334.8872266131082,343.69128994542626,342.8593499613745,329.92146908927634,334.65822420754364,346.84051456021336,354.0133652792756,356.5177380723577,377.9548016922569,361.45290917032344,322.83956600139805
332.2378885571404,337.8882558038394,348.2635118872471,326.8453329188881,353.08473452028693,368.78710446625433,344.2744660813078,325.42751494898994,345.73178890743964,331.6196107280394,345.3738835803327,341.2520794038862,326.5194273178581,330.0716541715496,353.24070470866366,364.1287823080878,351.92476370425,381.4607614485193,363.68206526482436,326.4912931854692
336.45622546637065,329.45368532746824,345.0524886456954,334.3901674652504,334.43318647987445,368.93661007757134,351.71182746464376,318.3726293161678,335.0234683917184,335.27575001138854,334.1073548589638,332.08789495113643,318.18200266336856,324.7612457336446,352.95215931547483,360.1720358663767,345.01683840863905,371.19309532449967,359.7548387301504,316.9395225460882
339.50950677872817,313.8839385059348,335.1226800573209,340.41508926534493,333.0648332920617,363.931882030813,348.8391190019548,319.0557163847791,327.95815133683834,333.0791633536781,332.5438988005874,331.8447144659051,319.3126647810634,320.8805109336001,349.57605080686074,348.95704821147126,333.66411507018273,358.7266843545382,350.9761407199752,304.9673049128071
327.2382656258168,316.7527560753232,335.68909196672377,345.34071353202796,334.31062693998797,351.6571147794259,350.9337423055689,313.0392670310066,341.9251406782337,324.5185673875166,331.3770891322325,328.9472471056366,315.8793071957069,325.41723997586587,342.8747254732114,347.20755590138486,328.4847084508024,351.21262381416557,342.521398382223,295.9123852215932
330.0495665328779,324.730735190474,335.22807158510057,340.1043884835846,329.82735694698005,343.65425337555547,354.97627474992606,316.7664713281681,353.95531173071873,323.1976136945887,318.85313863504814,330.0581674190717,313.43702550566957,329.44801690897935,357.2108187427477,351.3535404650371,340.45964257287187,342.9847857455327,342.2034485321558,307.4856728540968
335.0232182501593,336.3540182439615,342.20797655499354,344.32517546429284,338.4487560610953,343.82554706679286,359.9918848587656,333.57618572900105,345.13304883377225,323.8071457141755,327.4337529853103,338.7863803112364,321.8542045566888,339.5613642940986,357.9999982120743,355.38132606225867,345.02925758789513,352.13612054080704,350.9254179697459,323.99769016083087
358.17850555687704,354.6395090214491,352.42906785704133,356.28021051614974,350.83691005885083,348.9207883225498,360.65803923235546,350.34018889036497,355.9010926255684,335.33740031518465,345.51578786943867,364.00270040218544,340.4318149989326,361.0649319965039,364.0972418303173,382.2314776783564,348.97932559733323,364.2742315502746,357.64554673139855,337.53147948699126
367.5806745907963,369.99085922322615,372.56827734888276,368.75235752509343,360.91818536670996,365.4344079300402,372.09626375156154,361.28084420470043,365.4200937186061,345.15551010893785,369.3313040169686,384.56861487279076,353.30135982768576,371.0509704510138,374.4249859036678,399.31120078586474,363.1889548010059,380.12669825660987,372.8886408392903,350.10164486159135
377.7842390317774,388.4769049614537,389.6033251193897,386.1535113376128,387.1299995525531,378.4715951041725,389.9742789149316,381.0480559793645,383.0043452542826,360.7419275868742,391.7269840680181,405.9933847264237,362.23257439284055,380.01673687701117,397.6539717853118,412.75845598282035,374.04148987068504,397.3811259071668,377.83897460201274,366.94757329487066
377.7673234283442,410.27763608738553,399.4088351918886,405.41553616180187,405.6376540452776,393.12503107800785,405.69062692661987,393.47005589084785,417.81969875369424,388.2596221552404,402.0543640005348,422.49060467522776,378.196258810414,409.11688681080534,416.4028401549412,430.0300354027842,385.4283633965714,402.2994543627144,400.6631696490871,391.0879539074014
394.2706225115077,427.0331744893309,410.7523954522621,414.60493095859107,420.7438872098157,402.281900218361,420.64711175973423,400.3810380925482,434.4749438039454,403.5456510290891,416.8251918179491,439.84736007820624,392.16040762767517,423.1855810809675,432.47206849360856,441.4414298845726,394.92309269113815,428.5871009862009,412.6153672767249,411.0456544082627
406.8118984394273,434.1512143844287,419.2664478032315,426.66276304124136,432.1226585084761,400.13702860032015,428.60406511554595,412.45592140995456,452.89487191670827,409.0829590794391,423.2477754047094,449.9735666324753,400.62496724682677,431.57123450430566,451.68705253011296,433.86938921563524,409.34773791935254,443.43849191387767,426.93017370399355,407.4827518262585
400.9898909691721,423.22811681949116,412.56407921275945,430.03675759230015,417.03852063174776,399.3022632188578,428.14233015666434,418.95404986697747,455.2825751347127,411.4517571151369,421.1606757570861,450.66234569825366,409.75200936722734,438.4774799813057,460.8508078277324,430.8648349218129,417.0412390094546,437.96283157623026,430.8481864401576,407.42424042551767
397.4144061448568,427.03995174799195,408.8893688959465,427.5724798662179,402.6698248528554,394.4595022024625,420.0419765597797,409.073980546771,446.11776121758953,400.3607998003779,410.408545832766,445.783863075701,411.18479033712117,437.9931668194795,456.7188161491147,433.00543487789946,418.3420898737105,431.6433982369019,426.6633737126325,409.6816620511508
379.0259774571823,412.1291256402265,393.9427170122502,415.6477802385145,393.26601062229565,387.3145325820198,401.90839881390366,394.9667336838754,430.5135202066686,390.3020864651729,398.7016428162885,425.7089338211644,414.3641635403068,422.53484942132025,432.430495723871,402.4063882146534,413.6031633612229,410.1182357132964,409.87561979346117,399.6575614039675
371.742352321738,392.92325632574386,382.25995996988905,398.71471349183906,372.4860753767768,373.8977653291965,377.77657950065,384.2911957004785,404.5779288134757,372.23497957272536,388.6497746413686,393.56235754246177,396.8205098294356,395.2326064785582,424.2510927896157,383.4101982261635,400.5591651448744,386.16584904930056,392.1973617939727,381.71918925177266
363.5503589988704,367.83608182738124,377.57804976967157,378.7118000749873,351.56239924814764,346.57352334801595,353.161980285398,356.4892256641736,382.92529829419885,357.7451494016284,376.23659879464003,366.62581379351394,377.1713250606662,369.90156862986083,400.2875954918613,365.84483304957496,387.9365250490592,360.69377913150055,370.52898187241425,355.06745547916853
356.5974684863827,358.01284664558847,359.4817072802465,354.8926791133739,338.8341464019749,331.1408065505674,333.10437139992354,344.8189685090222,363.703765205627,329.19378071430197,354.07756375670465,349.0229576820362,358.4461104891332,353.6609906307688,377.47684575537886,341.19185158651476,360.6808150069759,345.67648462815094,337.0697601302908,340.13702252608675
334.72238987773954,339.84398025221793,352.98966486842716,336.06582524839035,316.94269099843086,324.3320133649572,319.1769136979838,328.8538808215907,344.766923530239,317.8769687372011,330.7350944789952,336.2025564452608,331.007301248359,341.1674280177435,348.99046440664864,334.66843952723383,340.0044380279473,347.9426948207073,329.0154140955776,325.05063436233957
320.73314204648034,334.7603156919929,327.1329819868353,316.95422923551166,301.7329385823818,317.7294132588385,307.56256174522116,322.62802594227213,332.41621873940386,316.1652322217005,317.2427613830652,323.1292417289415,320.36443256351214,325.94387869050627,325.2017705688381,321.94287486418415,325.10410118751156,346.6040947621802,323.85887833848676,320.73081978582564
307.8354536075639,329.2919610515225,309.3759856971423,303.2984861180711,306.51603544497704,321.2614762614701,308.27753608983306,313.2607681381224,325.22935690612496,314.92385477174554,307.2978730253151,315.4987982151301,321.09606911999543,321.2774303243202,313.9142033875298,320.75327241848515,312.510799859,339.1201223338735,313.6268897661057,327.01275714582914
314.5643426532427,335.5874202252623,307.67563041994373,302.3577833899666,312.40999465777327,333.5824125433004,320.31934785525397,300.23307342144983,308.52244609499394,315.4480904866014,308.9295521893308,328.6266667958141,324.544705381647,319.89739539395407,312.9402069502787,325.0469056124743,308.37101370170006,345.50765027901434,317.2678264089719,329.4861457632512
321.73993909861326,331.30557749760777,313.6111492557175,310.5583458682522,309.7920494536591,344.82708192511785,324.51042052212733,289.8958255801474,302.98069015133893,304.9542239911431,315.6940318307963,319.34107561194486,316.8746536932424,318.62102155374777,314.4351419555555,327.30157023284914,305.0836644896134,353.17469325079406,322.36397480244267,325.61387725307384
310.2382125734113,323.01028602544227,304.6872749543979,307.3442104491422,304.25835631615985,336.8594688065124,309.86153514121816,289.40058436922243,303.6692754068793,315.4779056666682,307.6880049017394,321.82776787288867,314.9472916971743,310.1995626718338,311.5823616181083,324.4669063510717,302.7237138739458,358.91691693183617,336.37428801347767,311.25922750123146
298.8151815256814,316.5769256355635,316.0799182268155,305.8928595590651,298.5794201861068,324.07850341883153,296.2811311494919,305.8330667773739,306.3281211726488,322.90921891554035,311.85549276523426,310.64585990407676,287.4402641298106,295.03715857836556,312.94935609680317,329.5944600240227,301.26775675041614,353.9347109442142,338.2440118078123,311.09242239825227
291.6485007331858,309.10251336341605,306.6291367701028,301.21104363621737,297.38426173194836,317.53559116303927,295.50400056441475,314.51252222336785,307.3005946644471,309.7337602485538,307.3889551104257,296.74143542716473,286.5462039146761,276.61873967382525,302.5712471571608,318.22366008625204,305.3861269073903,329.41184729123887,320.02090789640386,298.4215417953636
284.5321800938428,286.55705893860227,291.23303260200845,280.4107881732583,282.0011244734,298.1669666757526,283.3043319906457,282.71323572499176,302.19479091359904,283.4700670936501,290.190378287391,279.98151915142125,274.67009247564897,272.50919663695294,279.9774202604307,297.2189037487261,294.80246264250474,306.263646853933,286.49672527309826,278.08337700332606
280.03998063029104,270.0169854567024,287.2222586658252,249.87846427418165,265.4717703525523,278.7927512591699,277.5425624436102,263.8767912598637,282.2469445308735,267.4082201909005,278.37946910572254,275.3871118051189,263.50676021956144,265.7466178595121,266.2331221846477,268.05545636443895,280.41699216660214,279.5477514643872,253.97555116037503,271.4452914766434
251.47802266238986,265.2129241209344,285.6921543650512,241.15940775522014,263.9873780234743,270.1190868825068,273.3438650382127,248.09239693192075,275.9675523928531,265.63203645086514,269.31687403365265,272.1186982186416,246.66504027332707,254.5212830965574,240.71319381268842,265.2826444046485,261.8625289033306,257.99234873810445,251.19363228223503,267.5829804898461
249.92922345977806,261.13052848854886,276.82599448887487,241.14464405665905,267.1686954556547,264.7546019421814,270.66880447941344,239.8638611090993,247.24165913175378,271.2240384306262,261.1997177201198,260.27893637047913,243.75150478623146,247.19670731206375,230.29414444177934,270.0916410157379,252.33845241310516,259.0618019163775,258.7055936360161,258.38408208159296
258.02392069411025,250.00117029118255,275.73257385503047,241.8136419755992,249.72267740293051,246.83705474463682,251.2350396961189,237.9331198342295,243.49926195072902,272.3623561040649,250.10821876764254,248.9776486953215,253.10464183032926,248.94709298316764,233.14807953996254,263.0714979499161,249.00816278590167,273.2780428905393,260.8527349972529,248.95420995957627
261.12884721793966,249.12231543174113,265.95475623395987,225.16722211431735,235.64810191395597,250.23282687783305,247.03570219451015,250.88097908449566,249.54586688959046,271.6923058637161,245.46876866502137,240.14521319411048,272.8966511752128,258.679864056466,228.42601014799965,250.4268190301397,247.33160622944823,272.4015773152736,258.05785173767396,242.04863362988198
260.35210143430027,248.32943903069858,259.5691895006565,224.18028117645704,234.1821332840122,256.59049084666566,236.5764170234328,257.7899939652355,257.5564047335727,272.5285654275565,252.39237863487594,244.4209649110088,276.7887235388946,250.24808856886554,229.72858421612042,259.8180568156886,242.25934624185834,261.81174792614877,257.9023099268008,247.91918310588537
257.64356984702926,244.97640391916303,249.75341928786656,231.22584309601325,233.36529622996213,245.03954323664072,233.16466429744855,248.27221441406448,277.7250248852553,271.0972867853727,249.17173715247773,247.31873334181762,259.3481939616884,241.80834779631684,240.70378726160789,256.66105278817946,243.52560376075436,248.77273150739575,254.51639103472618,256.24935558675804
260.6354752567333,235.5635475888868,255.2070101686488,242.12387421398464,239.1606028019756,241.19110213318316,232.8497831521713,244.62171589445506,263.29513694417545,268.8847763482403,241.98278851637542,259.91265509290264,243.5568402597835,247.567250407931,248.1864455043794,266.79859466738674,248.1332114339082,256.581529576131,243.21432057009255,254.49906384427135
246.30571522703943,236.47975906081052,258.904191842558,252.67054383759464,241.00197471062796,243.2837328665011,242.47218269715185,243.9386492559218,257.9423945373465,265.1800405524598,237.68738657130163,268.2055287255316,254.391620849855,241.74994165151756,249.19838252435952,270.7716923438076,250.84122157248018,263.70805195264967,239.79726334523716,245.09974169542548
247.1055245381659,247.60499902415143,264.59885098462036,262.0035074837455,249.3111589749377,257.2832601269369,245.73644795982037,243.96235280072057,280.8713227910179,267.73667303718395,244.88760280985426,268.95520277011536,250.86677353282855,234.80911865246662,253.26070875375063,268.9237937710636,252.895844643895,268.45754662206605,260.33189865376187,243.2076063024581
284.1426185731787,278.6976735421977,283.1765277372673,284.76775982236154,252.51153098624548,282.47312952447646,256.39320470164836,246.3637271962782,300.51875177756625,287.067682222865,274.43715498552564,281.81139670873733,261.6143763626827,250.42534884208465,267.76407821284425,282.17687717836,259.8042038013971,282.45513973069023,277.96595306312787,268.3294290811933
295.0669931639347,299.95063802466547,281.83063546622776,303.99119816188386,277.0257368565045,286.22097090449205,276.50377272498366,271.54420091948276,302.2933100638778,291.3676764341536,296.60458193644894,298.71802801629656,272.50384366113826,275.61988721151073,297.3434261562518,306.8820661008321,272.642541857628,293.6294875491756,305.9769410182197,287.17382164024104
306.3562009807448,308.36552936681176,296.76399692522045,320.2564592838768,288.1246797649447,310.0134206817558,303.9510975244458,311.67358300190887,318.77253761090554,300.7255011670365,314.62841243165127,321.0197626529183,286.76261071269596,309.8482411414221,324.48958847812884,332.1730212870283,305.9161559886878,297.8033631902474,327.26131160276356,298.8115375173665
325.58324227368803,330.6735548278105,326.2989643636107,332.0070609768045,312.7646975983518,323.7263837120186,341.7083742479386,338.19542484422254,340.8426375597784,333.597066425799,327.79028197051394,337.7412903897624,321.7750786113751,339.6755427507616,347.4824331107006,345.5485061471592,353.6052176133352,315.78154557576795,341.5388334089288,331.4657569487187
345.1856396737371,357.5994339933482,353.35397191604847,371.0834109018131,341.3564914900743,352.4607535406638,355.5755908878045,357.1394652977024,374.72312399101673,362.56259303460945,345.6460906407226,348.9999489602509,337.9473431119853,353.0126306263431,361.02864175972263,373.2562570239795,367.34681073795514,362.1669695998902,376.88460387093573,349.0664734652771
382.47695517398427,380.13320479279923,369.7314724819035,387.13669634685147,366.6334878597728,380.7141417500077,364.52685566507085,376.38668694555884,399.1072780760267,373.054352475632,365.8100323665768,370.7898891289249,369.89576596703876,384.689748853497,372.582235193098,391.264534536123,394.31317750456014,368.16614931096575,388.31289924203276,381.8201372912918
393.34318145921964,397.7680674783246,391.21601494370134,389.02456104416905,379.03178425193295,390.97971990611535,382.00060169240027,387.7930867435919,412.44604979259884,388.51680531739436,372.29792011825475,391.28134506916655,381.51415282503405,393.18642844175105,385.81735977318704,410.05205094441635,399.7404689782246,391.9205605627247,404.4024218956032,403.5458166064522
386.46035714168386,408.87533770419503,404.04850516473647,405.20580629952735,382.56573460952984,398.1306485709824,385.61949886582835,399.20374695712894,421.5181252070125,400.05315030043056,392.9847947658798,380.4357589057745,399.75130965512864,389.21090037905225,383.00109622460866,415.6918608590985,402.28716193223704,401.73600024170884,401.04202682105574,377.44835572702834
387.08588092540884,400.4108968440619,390.22619172713655,400.8820947601325,378.5311631917935,398.6478875937667,375.4057388156634,400.4928243584936,416.7255606318527,397.9612171787945,395.2351326618313,395.2298181296917,402.1923840639718,392.92319239267795,384.87544454596514,413.3682243750115,398.8916748146291,399.3888919623369,408.741518179051,375.7982328400682
384.9875286118074,390.3233727167159,390.1962450093625,383.47775622300674,382.9824008034088,395.9646874561394,369.5534581897157,393.4599680265494,400.92053667794977,390.0995705614971,397.2785114484548,411.0077264338151,373.0775891063159,384.6944955192398,364.7980165403239,392.7235228309418,386.02210928339673,401.2849875081174,412.504687497934,373.65817039994107
353.6078349595994,370.78811531376425,385.4938545452554,362.2021325384282,366.1807936856243,394.9235584625858,357.5652514654786,378.1546639460006,371.4810220122187,381.3406371062694,369.47340059683233,392.16569822910884,353.6220633507253,367.649785356049,368.68067751193206,392.00216941148454,368.45410579565447,397.0824114401416,392.39298419567774,371.0500932087129
347.24187072162044,338.92565748323375,363.00547344051967,338.0740856923692,351.31701285381047,383.0614386411603,333.3838674914001,345.68789491000217,351.40488018992846,364.5706770915962,362.6412496547688,354.71561020918165,348.354958304861,346.95086283193405,358.6371551412195,379.14293312229654,355.45544176879946,375.3606860086186,362.9883789011651,356.9499587170806
330.82083031178075,314.73053970894534,338.1402435608552,324.31133091409737,305.288837475181,339.4498910854201,322.79976072692597,315.9093904299648,335.77187232315873,330.6528203270114,345.14639563361135,320.50370021629095,333.9308337801163,304.0270983389911,320.7340549628529,348.3224313311603,335.8684455204871,358.7322371004673,340.7129049007936,340.32443665700015
304.648531219795,285.9808136737101,334.81171724999894,305.4066671668319,287.88862508058924,292.56381753380765,300.5340111011441,275.2974918234402,329.6080548286531,306.382712659786,310.51147976340076,295.43370222644637,299.93023940498836,276.37755622754094,313.2170871628743,299.2661857437434,304.13017440146683,341.6519962200743,319.1820716960283,301.5330714146934
293.4597152235353,280.97283224443413,315.512036712745,271.4940728170267,266.3375276208475,266.65572981003925,287.1765421082565,247.55597872574322,306.68692678526133,282.47145331486075,295.9873084596255,285.4219677290401,280.58479787452063,254.76786362968664,307.30330722209834,290.7029184422967,285.59330967258165,304.16384369838835,292.5845173255039,274.0015461009357
276.17429940634815,285.91493917620056,280.79894724768013,265.4287392712596,247.50227740703957,269.74691096767526,272.22779192716854,246.15471425021087,281.2142449819566,271.3394961917417,275.86836964497735,267.7737601659301,282.609714034802,261.30062379551816,286.01528131377876,277.2611134921701,278.71681489703354,293.2764415229787,284.24427383347773,268.3596229581213
263.1873818896096,276.66693584151477,267.943509442129,269.76852424865626,229.5914429779543,276.58190003901257,267.3379427926588,253.0983687182151,283.8590442556471,262.8057154716996,255.44603129542517,263.9779220435783,275.7060335474422,266.2027345005436,271.86994123609225,276.88336840513887,280.9343297611344,280.144932664369,276.93799029260265,256.9925317335113
268.00925765631314,264.3019122994431,279.5470906276986,268.5122939441715,252.74273574657394,274.819538506392,275.6985073093351,253.43613247371968,281.68609466636275,266.87235614067544,266.88733152655135,277.9488295492116,275.4487822515228,253.29638328388847,274.27794195320996,277.841021948338,267.8583602669767,275.64174271327465,277.0856195925062,253.49089538254975
261.0931828088385,280.4957799753426,289.9778816068682,260.5670684748119,269.4648938857988,283.8234815563317,266.27069861270513,258.03166139244723,287.89584855914205,282.66773064312537,276.8069608016678,271.94077592605686,290.6358671527753,271.6163505930515,273.16449743441467,284.93169332220293,262.16063059457235,291.9246875775016,265.6188794373944,260.55164353597144
277.05530265052187,299.21190484917224,300.0069373974261,285.01348564736134,271.7257874348238,293.0343159037984,280.2548597363024,276.0318565909556,299.3593565842015,290.4367992019472,289.78660207405875,274.90844633297456,299.8181957205741,293.2470076953941,290.53779568397823,301.2424242708612,293.70545789466445,290.5244664417696,287.2083704802282,254.83234022097923
288.6780461568518,316.57944105692195,309.5070575023849,289.2049423675115,291.18727903883166,302.13654227555264,295.38108678776587,297.93109549875714,307.4951205321023,310.1022235269537,316.18055962136407,294.8066233029065,312.26791101544114,304.2525080337668,307.5835369587846,312.49933432139363,310.0285507643303,316.74588491393297,309.4305985434164,288.4248270191535
305.3225487789492,329.35122172944233,318.2197371050156,292.46112181165563,313.28507866517305,309.1760415469645,311.4126101170728,307.6262166546594,311.54343216836924,321.20708102033456,333.6290933870792,314.6462574554942,308.39929930396136,315.4951772576783,331.60536712035616,318.4755640852562,323.3861301328008,323.7941221423503,321.92411514572257,308.8020396211689
327.1700314211371,326.4138985506731,321.0079638457062,315.5718252063302,320.54260701103044,324.0457082893514,315.5768118904536,308.8819424950234,324.52166430357875,327.3320119240661,328.4344746523809,329.19561343036406,311.522787364235,341.19854951510695,336.65131522403806,325.34289414437313,323.9199410822695,329.3083414587799,332.9039585655619,336.8700649085474
338.07956083273405,339.61088417944075,321.51757219386604,332.78483898241046,329.1987210500886,328.40147017094534,309.03111462524026,312.56106495172384,336.3274201148124,334.3773762359689,331.2141171780156,337.03547999836945,325.746109432206,327.11470614301476,336.98974893553543,353.25377734042013,327.4654552599349,348.788167530298,343.57457612552815,338.8487515304544
329.15885279940244,340.27496553525384,319.26534485307616,332.39775991621474,314.3004491569464,335.67799132093046,316.4073409613854,317.4857031769202,325.78705272730264,334.41718800699743,318.19515345482404,337.7578263070003,321.75077232699863,325.11686816126905,333.1075760593832,340.1056750077574,321.4256006220704,337.37062023071303,329.7328675266434,318.44035797169664
309.65041933647194,331.96860822115394,302.08913938675937,336.9018464887207,302.0667746320102,349.6038030190292,314.5211340806021,317.6547326482559,305.10074351684113,329.76145455084355,318.78528925727824,328.0992314149854,324.7167367675011,337.6567488397755,326.01753855294805,324.387626285392,321.9925585835708,325.85406337532464,324.5113911198332,307.3499061923414
305.22449729236496,321.180294017192,297.57449645677684,334.53696141047203,284.9205993458949,321.82794535628176,303.83889441530545,308.3572566920451,334.5651392785093,317.2987887819296,317.965940983871,330.9793050470814,328.23312522156783,307.2989676488122,327.96897213586794,335.67694711666866,315.76180874284256,303.8941530142554,329.4491910031401,304.1187590100089
298.3217734782713,308.5987608015841,304.1252457172902,324.4050542555155,277.55334628760886,320.29392342307614,302.6011682074145,296.2002999631875,341.64448121521986,293.6945676396775,310.41997043758164,303.1922347851043,312.93387875640025,295.7231887595399,316.1111305735652,309.1390505556263,310.1854275157607,300.84285424746616,329.5654478690278,308.277996831553
283.43839843187067,302.8803718374252,311.3298583059835,285.74959810246,283.1733465361703,309.7110203864638,293.0777497946608,295.03019504972383,325.3711642782991,299.66000343087205,309.2844024587522,303.42940424343755,304.6412664939338,301.11678934676775,303.0997310789965,306.29333537706935,300.4847942274698,291.76873279270757,317.8317119821944,296.2812472450563
292.7892362939875,298.66920083215797,308.48574264557635,282.66229690665165,282.07633596976325,292.2643159529029,295.44919589409875,290.4909284501389,306.6643477561874,305.86329399015665,293.65651359475294,319.42904097014787,301.1532259269632,292.5444389517553,281.79257620943116,309.31456640678783,301.80160779992053,281.5720311365856,307.01729426727786,287.53717326187103
297.3430546042235,285.28008207765424,297.6838392807487,290.88759214769345,282.9877406330886,308.3549179064754,305.8478065874863,300.4124057098286,282.49040716582283,287.8372317822001,307.8492421445194,290.9595571836084,302.35899432236096,284.8520824437349,295.66538953891603,299.5241379768847,294.13723047127115,287.9056213029128,316.37581778447856,269.18451085121063
293.319183558553,279.9360194369375,300.3987512586457,296.9139306241373,281.84139800313625,308.4261090355074,284.6178904015323,287.6813705896995,297.9106315978643,291.9354700460257,294.6244766689336,296.4961806641546,293.20144439694195,281.35949427137075,285.4493730138216,300.6124847203038,291.6821842030004,304.6708393965442,316.2316707753451,277.94244743646107
288.20022463101964,278.5237550612272,304.60115119434744,304.1819258718714,304.2031019895507,289.01699946034915,297.8325116329486,283.90125507370084,308.75475665573293,295.21047295899274,286.4002355905939,312.4979687899447,280.55035156046347,294.4271069243645,295.54817233514444,291.3138573919343,307.66485974494555,324.81097506803275,308.6156368773178,283.4492505592228
298.57885104935764,300.0107609740502,305.75848817575036,299.9239467714655,305.9783132448059,294.39451943829,313.9519847194443,286.6683795482377,311.99341893241314,287.47070175728516,286.79769241153826,304.3026297789169,289.26239161041656,295.14965131992443,308.49768562761824,297.1355236573353,293.89841746902204,314.569241783172,317.8749112320372,289.79102076007035
311.9608490615405,304.0591792994523,299.22168111449525,320.84896618424506,308.99354849699074,300.9066031590654,307.1812925342428,297.3761057800132,316.192639418389,290.3980297545322,290.8141347952641,292.67605484991384,308.0379827399556,289.56114834548384,292.4059895833857,297.3104611723376,301.73397961592383,330.0179547215737,307.4042197848295,302.71689192563343
318.57448502882187,315.4763795469392,308.7022937987549,317.11267677805364,322.261280805297,301.0865686088047,304.39648391616316,295.30008839140737,316.89601652454076,317.55397659428695,292.31799036227864,287.41429759435704,309.5449639482545,300.7066821589834,304.9220889147252,294.7392960799161,307.50736948750637,326.99781817516805,319.93315096949993,303.6086134826981
300.1908693727442,309.2892100263184,302.5950562843358,315.79271743691953,314.21275632424096,298.49462353399235,307.4372965905907,294.7638803486791,307.9971238388961,320.67216434789697,293.030508042442,296.55745307402003,315.97729218185316,307.47136122169115,305.7598021130147,301.004193482148,307.57492199395546,329.9355975088272,327.86182023877086,292.6906723460946
313.66624493388014,310.8270346791466,290.0451845453678,301.33768710787484,300.5196018711421,298.97143333559194,308.7704706436207,289.24687877366756,306.92830868854975,313.4486242234219,291.30802767259877,292.95429849976597,298.2704107446056,314.4010535609443,302.4860508176058,303.2225419760429,318.5786685355993,308.49304719218196,322.9073505931981,287.4517687981899
311.4428261300482,310.13527130318306,285.37551747485077,301.8417760890882,309.59351185575576,300.71595139723024,313.7431576563157,267.58163546529573,301.04461669648646,311.9334092758396,291.3860324035759,275.5681425045699,296.11196580984654,304.7953735761699,290.44276757111174,288.1288166454741,317.50433941490905,284.7566317903398,319.9060058518299,278.8040447001112
290.65601740588414,275.95801827354296,286.50872816013367,299.0316916730021,293.6529605128962,290.70169418633276,290.3169834469294,268.48505059091536,281.4430425232736,300.1956187432868,273.8047972629804,247.02274665321823,285.8273960051919,285.8236043462092,279.9742254942245,286.0886145144887,299.2322753711358,284.1550181147171,290.0832954199687,263.33968686921355
270.6623203150586,264.1639300395911,269.04641344708335,286.62071953159483,270.87594905566306,278.7569544324259,282.2906960341043,238.14528192203446,252.94958323586326,301.9170927417437,260.39513685370923,229.94910003846869,275.80425230137234,274.58343090779323,260.87797062662776,266.9534518861263,264.3597188308457,285.2254244824959,263.2411245801773,255.57043949753438
260.12985652280315,268.27134790200296,253.45542874314287,271.09710468648404,260.07402910249397,250.17926652786758,257.52724795237555,224.35176449894237,250.71855513997502,272.54344702299454,253.01156061051702,235.29496360922684,250.23749215423936,253.97034385842346,251.6804337279279,237.69660267138335,255.4395651728419,267.4098556925413,266.441009171576,252.36698178719553
250.93059775910538,244.30970135298278,264.7215161926021,243.86681529853635,249.68243627953467,244.50430231937443,246.4930543251442,219.640397701713,251.0958745843667,245.27407552910543,235.63279740316855,242.19260487597583,232.65944505285339,228.49330864591963,233.7673136917777,239.08402277334622,244.76764605841728,247.77227598662893,251.48407663506435,215.54572743741855
257.36479692962735,240.73587757027838,254.20307330253948,222.5394600713815,251.46450424421568,239.10975925479488,243.93438364608025,223.2562516345392,232.95814511394084,241.85344733923156,224.23002990955752,230.05506488599084,224.9573559738185,231.43012987074658,240.67956286053652,252.31967484350554,244.78025884433393,234.1301394644138,250.5945537849071,220.36787453392623
257.63162076891484,250.12201194558293,257.4620838645582,231.79004966093214,259.355184222433,246.04867885479848,238.58339986431054,224.4295125066066,231.15298532216653,264.4942531643883,223.02089442738898,227.29633020544748,225.6484807378918,249.01920078469817,236.54739997877,268.31840080475075,245.92807771647304,238.44934529100934,255.99587041630224,237.73064730788144
269.40956450700116,259.4011796989261,254.41663805467354,251.42394211789323,268.6660253120203,252.70741002353765,249.38961059646522,244.60509942794346,241.02874164623267,278.06902735587624,243.98549945448988,262.64720294473614,226.38342322630396,268.5460789246084,259.7525435649874,282.4712950451975,267.63346981610295,275.2463045507817,254.31682704703474,248.07420972521373
281.85720035902824,272.23497497009924,262.9166805026222,250.51673356654877,277.667073645985,277.28761905031473,284.67502208579,250.6024853325453,255.0680660523097,277.9106602623379,281.5150930221827,296.2508241069199,245.10786910912296,279.01808276455426,255.40225629955955,281.5603185749693,281.7897160268179,305.6872298037493,278.70116090931737,266.00395283516457
282.86782636704106,299.0105700810117,296.5188511727893,285.59274700889574,283.40453782262284,294.0883343803377,301.7245622170389,284.5558031649137,281.505961176953,281.1297398228083,282.6733346504458,318.82610984603923,278.906471099465,291.9094663984735,276.1029101075892,302.9968533548835,290.3523543034669,326.2543917504022,312.9435886634301,291.68280230541717
286.64680940424336,327.1294852755116,293.9928167894467,300.19892346928253,310.6002852228204,306.48122227279083,314.6052070518018,302.57581938787223,310.414203207979,299.1106103975717,308.1380952128299,342.0219764224351,306.39990755574325,313.0465634619959,298.7737792331883,306.2528757153092,308.250153573573,329.9559510810827,323.34528598650724,295.64533149683353
288.59954142902194,322.53911583588445,298.0103630088843,312.2120158306848,301.0675844393168,322.19568445681693,325.34501360452583,316.9368219711459,325.9472614580331,299.54809419882736,327.62607315754224,340.2466109204637,316.57093588306736,320.3141182910276,315.9131329960688,324.2876930679648,317.28005275074645,346.3737250416904,323.09853233544345,304.7046489587339
294.99989674127073,311.8677268071093,298.3406384186745,313.2055064710186,313.1926829644745,320.3746776228603,317.6457759493951,312.5948805581872,331.36405264029594,302.252033647144,336.25886024308915,331.1754649467322,308.43465513335997,313.991667639421,323.9521035498069,316.9565605944641,319.7470768735756,335.5227139637029,319.13875610919,293.5045936553523
300.5898156354952,294.2073588716735,294.0193774307788,308.4625396883772,307.4382774800738,314.1125093577188,317.25583284752287,300.89228151725155,326.1247862556083,283.0272167518332,313.38432270640584,320.38457282860617,303.7512349017191,309.01778716217405,309.21223931439306,315.86380545229383,302.5979120618549,327.7773843877251,299.1430799183693,288.98348703285785
292.0400042039124,263.58619276026377,282.2387576289846,301.0293426806093,296.7955682843257,289.37441282239854,300.1704458224726,295.81837272693724,302.814299632249,266.83279912529696,291.95550839566357,302.1803489859343,309.44824884674233,293.9572898359809,284.6583402309203,302.15969702420585,273.56265368452944,308.9586367821145,293.888964265666,281.0696394527722
276.0155252723849,250.26536227102713,271.04994347715365,285.9338714303339,277.8673251948296,270.8165981715207,262.0009239035483,267.4405240941032,276.44000562449094,263.8818126192612,271.90358110601073,274.31659460657573,294.5557504014483,294.25800750049257,279.2375031005598,286.39985493189903,258.62509456709364,279.3924907069909,273.81820836272976,286.3068888192189
237.10072652916665,244.9784287609526,241.61950035688528,262.1116457938895,257.53729778718997,238.56470315356898,238.3326902912521,246.15922616175004,263.7136324039293,261.4307464792419,250.97190909784,259.59120857107644,255.2672289542597,262.93630519733375,270.3113673599195,252.64153781664518,245.37368994884335,259.78756162561376,260.16425741569356,258.896453869605
224.82371325643152,232.61208663669765,225.3542599418749,234.12669681108673,244.81164907602235,216.83868233570922,226.0228381587011,233.11465348889055,251.18019377917736,236.34065926824795,233.04649075929512,241.45090993468168,236.2302714830598,226.78728856017437,246.68370050544766,240.73994975349055,237.62449233170193,250.06061184284076,229.09145943510137,231.16791659809587
200.94521309886355,229.1751281798267,204.54935835518776,214.70262461754191,223.57682491605058,205.96090153147824,202.77888840794623,213.09521394053468,214.0632173084745,215.54477223340237,223.86643947341426,229.80119410323158,217.144835578731,208.05306809700377,224.2884467206598,230.2409734453424,228.5830246155909,245.8924626366561,222.1310440211418,212.8125633290949
178.08661449855654,221.9808960255329,198.01535090509145,196.42867394833272,191.60693874874005,198.55555088012204,198.00421965187095,216.73729103560814,202.06301551661934,200.46261950761112,210.77100591827886,215.7312253030101,209.12765803182705,200.0478567482574,208.0503748020608,217.66780303283272,207.87879204428444,237.36127569046687,210.4812788166718,196.48784547227024
175.30247677522834,220.43659380277103,206.1772207958747,201.17496999582664,194.50602667784952,205.10112951575988,197.73698652696345,215.13573011967884,206.7106699014736,195.22305503569396,196.61074344592225,210.43054897065792,219.7510748858166,193.35123736010587,193.53691067235476,213.34121249186137,210.7161988961686,216.65624802147886,212.6567852711476,202.6552068504776
192.54178020582404,221.43191567740308,193.6997685293849,195.7742427378626,201.31839351299138,224.59843566509818,196.11483949828792,219.84281170609438,208.3690691021614,195.16706947027575,201.51086314806867,214.760682804686,225.52860092546987,199.7176484882623,201.9035377090935,207.80087184083925,213.95709555607706,203.98958842316244,222.20023552879874,206.16921989860649
201.8585649480456,226.0634501463412,196.0187145112988,208.93605080276566,207.75088628696517,235.0041062056029,210.2276673209704,218.89449377291587,223.5264543297532,206.3456508997183,206.08636663557186,210.0372182643667,214.09766723851644,215.56462138440793,205.34954718884595,205.9599406275524,213.05155824453834,203.23766868241776,224.23738891712782,208.39028985490583
207.66717747329213,230.2740718071941,210.0403945489736,209.34829708643645,210.40069000746834,246.0473752297337,205.02085937770525,220.42131123719275,239.43747830304915,213.03444578681612,209.8284931102141,227.632051980326,212.71379661939818,231.04896613723727,210.84305979271556,209.43563472506935,226.16871491116595,203.01312543327867,236.81909085083356,229.04320254735666
204.09985953412777,220.5741911207081,208.74459089889524,220.63042264939227,210.79794241193278,237.3298947520839,222.56163143201192,214.28247262951783,227.32470106966738,222.64670281251776,210.82927295806,250.20830630128992,214.91842179651871,232.14440907396596,213.97558568798675,222.71697832634783,229.85591129052682,195.68414986070377,241.77713524051572,233.7842568768519
216.45681483780024,221.71860881747227,210.406130724315,212.37675044641063,223.12660729384064,241.9108411780507,228.59059310777943,207.83559091111167,227.79917683649984,228.0118886928921,216.58157378917272,245.13351798554692,218.08058671901816,233.72053859719992,226.33970871529806,221.7628015255711,227.76539884503094,209.20055802157512,244.9567239798442,234.72317850958808
214.39423370316047,226.3571021888267,218.9766572114706,209.71750736998766,220.69572626548668,242.67636222040275,223.80962458246196,208.62267775889518,224.58278698896356,233.79230453699734,224.66661861658707,237.78668687119037,210.8064019712303,243.7664538479043,232.86724251101404,227.64097308949877,227.93189718763455,222.77445835676158,241.9500918042651,221.95992582164376
220.08761475041248,233.69422686531158,216.30863170971276,226.06508229830268,216.04614667671225,235.0382915031464,219.6273116777349,207.49888582258507,207.7960947417464,239.00821705894273,223.0533553546593,232.9885422839023,210.7467728481468,246.74158290210286,228.96194713117734,217.02306169023453,222.08862541325271,224.74687878308646,243.95493122592413,227.07869180623936
201.98036977588336,230.77267717834593,213.5133050356184,211.18538301938133,223.278381073593,237.59054857818657,215.94411028693995,211.9596554011658,193.08952434181964,230.54894528104572,225.45919043281387,221.03238471678264,193.52569589551018,239.63101759792187,223.81904266237464,238.5221489603386,225.34206976549848,219.6742673898937,230.4078415368861,225.03475420963707
194.9781491560241,221.00237262937895,205.07783915273174,194.53240217784935,210.38262363866002,222.0015817305282,212.09587359914707,203.9515757623148,182.82742908836255,222.48683449006498,214.64992640133622,216.351302707748,182.45998202802502,215.95937337804585,215.88171333707714,228.56689654890891,227.82191330947919,199.3766160120148,213.98599806212619,230.86191708377163
175.33912219675346,215.42089744575048,195.93164809221025,184.76883840653224,187.27223380090024,215.58254360153256,198.6905659512483,197.92350236071513,173.2007116874228,205.53339923369072,210.64764960333207,207.23799923609317,169.86866559939125,205.87221806007992,210.52627073864286,207.79082710032756,216.54430239038126,204.0482971046913,204.92849097024697,220.5401128994005
163.67050952043405,201.9096085817614,180.5576362816158,167.4633986480613,166.5004112310698,203.58972397960443,186.92051904413967,199.848000196226,168.54311242831204,192.70159623271715,199.04649112191277,191.93335605565028,169.97242524675985,200.04349869002058,202.8947908256919,187.57910291612305,200.07865376280753,187.96697398890737,195.76705236504569,207.62966930859147
152.75208519116256,195.59848616519474,182.32455830944085,162.8148437336029,158.957285317285,205.25903215046958,174.72781163368722,197.59042794247193,166.27288239534752,184.1472641843028,194.34523975573504,182.84063642710993,162.05195595614512,183.66177217086067,197.54617354385627,180.2926672328359,179.39844503217083,166.7786538039155,184.07848944596753,212.7027569528091
154.21538047686076,199.69363080430435,180.68652914348363,164.10581497058786,149.75435789904554,195.6409487174197,175.99901063150512,190.15073798880348,169.70300084399344,185.27917827701134,187.47733833291377,181.97433481586083,143.9307285456567,186.54302349392813,196.72949929283337,185.3666226818275,174.1894778266561,157.03156992589797,173.05798179260555,204.71548142632437
147.56220483596795,208.49721854586565,178.3048100149381,166.02414081169454,141.6718951298832,192.93117188073262,185.90905951590005,181.22046005078872,179.72183897056814,178.3424828734117,182.90119147427131,176.30532256607776,149.79066455367308,186.66967381124257,194.22055705402826,180.94398631647718,169.8987861107896,150.4099644627311,164.68507098441182,191.72007303893827
132.90585798506098,234.16944824760546,173.66023714493815,163.75930336071104,134.2414412547936,188.42940938635937,191.94640486324818,171.84484638979916,176.14862588804988,186.89469550493425,187.13080900251947,181.73011238654738,149.42468942210425,184.2978457277621,199.20242343290766,189.28193817385397,182.00874222201517,142.8027493276434,168.36920267958143,188.41106350966817
115.45522462661066,269.2621384796504,175.15235476356432,178.4915916382722,129.9435454815429,192.45334738014395,190.25905903404328,167.9319528127305,190.78327461882466,184.095874361258,186.65869128816567,192.4288156192169,145.1673532262133,181.38124510664116,201.0434390917795,197.876013435937,185.47742013091852,156.8448707864602,170.8288276772492,199.65616287403296
109.43450844619706,292.3655579694974,166.28590760752195,176.54744867760058,125.76017069771056,190.9927473613497,201.01043134970746,161.63000368467624,191.82626352015794,190.2838286933285,190.9955633558274,195.25415394678578,153.26129537960225,179.30924424987492,205.62351239776646,210.80474920313995,188.81035676353906,174.65608303801125,165.2336507134477,215.75150763580208
102.61314125142411,292.39774073240324,150.23616474049132,174.35589111720213,125.32587621740178,183.24175138557592,197.209249503294,152.81515695981875,201.47864902351893,176.64771825634574,190.98748012043234,201.6914253636344,149.3889044098774,173.6225673553996,201.5790956512318,201.2312148349293,182.22943004232852,189.47038311791994,163.62938898105105,217.09620048137685
96.31929806116166,289.30458747908284,153.71953188356767,179.99435752291072,112.374410095493,166.73589163456487,186.73257846299595,135.3265313557962,216.0917328861823,174.91886179572268,183.20429097322358,203.61909784458356,138.88218139250176,164.3159709003796,194.35579241128647,179.46365426590657,177.53152891192323,217.35491130248383,153.19159327107536,219.4964735900437
105.48044560648599,260.01505382726,142.50688642745422,175.88876214828522,102.33345418328103,164.89818183990593,181.38352086860436,120.95668300205003,211.24672940862416,152.53025092410562,179.29983184376331,193.31494512410572,116.8767998617381,149.45238471448957,169.70449258484774,159.5610861951761,172.8108974497571,224.4048318245311,164.67938696063075,216.69936742364953
101.67942744925939,216.5707682283676,136.14233977094557,162.03103531990612,93.55513853037866,154.0574807556819,166.8332252801368,107.99785108633375,197.96448765532986,148.95873125741625,170.11056869882876,183.62334994428352,113.79472131406145,144.2879503144154,165.14711939463004,145.45841175481385,165.18416802749206,228.2443494336144,173.19995424112574,189.02919213014624
115.64904891076158,181.89700163955476,134.68160334114393,157.2162319298658,91.8265831384162,148.90014947124592,159.69827270063539,111.81289973523441,192.61160258083018,136.46672944504203,160.023519038864,171.4286434489605,112.09377821367535,155.29477118940025,158.9998877015833,124.88953377294735,153.14800892581053,209.629502499656,177.6791958193513,172.03013039930931
128.74751871117977,145.23926438528355,149.72713226604552,158.4488089319519,96.13360928572364,135.93903341662946,145.9172602216039,106.96172295607929,174.8761213496527,138.07065349704925,159.90177434132053,155.6480367743264,111.20287479877977,145.06406164596743,154.19457593274598,112.95109839198722,139.7903247874109,210.29330134942367,192.64865157006273,160.21971985666164
151.6047726143247,128.53484203517132,151.76931770749698,168.23354689052607,114.25039055632591,144.85086109479982,142.6262476673369,122.14614188798703,169.97488167584802,152.59000901081723,143.71658974831945,178.46091945371498,126.82846308621656,152.12783338897486,149.96080981561988,115.71182004529308,139.69907456930284,214.94867037630905,203.83382924902224,155.4371674461928
162.0919258390667,137.29600337409337,177.55331913217853,164.61048858747537,154.46144453620107,147.6325775860353,146.7552885742844,136.1187103345136,175.42063855068312,166.718753433521,158.76253093101744,188.02694167689677,139.4260319801903,169.1284220718361,155.38913535200706,129.92874862286862,154.81557001600814,220.18797320247026,210.88034577399293,166.92044822633264
177.04885710969577,152.85765350121125,194.1740316306801,167.13294929754122,183.41098613629455,161.49958366288857,169.6483868158727,153.94998603883695,188.84730011204547,177.16920278714468,178.939730813641,193.02244185333817,156.63096522889174,180.81175805601015,166.87529606344953,154.47594025627842,168.59817179268805,228.50645431333675,215.82545823377905,184.76350250019541
195.63868418033547,168.23131757660894,213.09850839751428,181.6055978743409,197.74492430388187,177.26272294743046,182.73325471225138,191.20043473816855,208.74818556824252,197.7250131400386,193.4305045604133,213.39673176288548,170.7015081531557,187.4129528333366,177.69758473812178,176.15925262092372,182.88041465966393,237.80633929470545,223.67245021298254,199.6771449900039
193.28499040353208,181.30206571568095,225.7589003709205,189.38679053900327,209.82524391271446,194.27646476053937,193.95495238603795,201.861003960047,215.61558339004247,204.0869617194483,208.95609667048367,213.5553953086569,191.643551872333,190.90163611376377,188.90653130912557,188.5096497031237,194.50484623820086,243.1818598994129,230.06693235689704,219.32378841437549
191.93988882988026,205.61672881663324,225.1150062982425,188.205474296239,217.2168184022272,195.88443067526484,213.0849304556791,206.71830942638525,221.0430618120894,213.44220891199703,214.13730057348593,218.93814206340429,199.57467132616281,208.53285905705349,215.5552028464711,203.44419720934482,199.37495216925805,244.3186882469336,230.18218402640127,223.09008407950614
194.0022721335733,209.42881266068886,201.93643381587535,199.50670377941313,194.797016324171,194.0661573204756,215.9463047157075,205.60027659247095,232.33777992996,215.6127109438558,224.235966467057,215.82664494776398,197.81115596589743,207.7760241381166,221.53929548219082,209.3289208777516,199.8606369610848,232.81257332086696,219.2633386519247,220.25773223577966
180.71389090234177,209.90728804266865,200.17517920278132,193.70086121283978,189.85027396352638,184.34644600482753,209.4448908308283,201.23575695826014,221.97726170940538,203.38611975881875,211.18868381684027,203.92891812400762,187.61495772359356,209.50767998025717,212.60041547500504,213.23510428318696,199.36414330149688,215.10904261865699,216.00185645457387,227.51991011221025
160.7887226732862,186.24868082357187,191.0919604827909,189.61470147099232,168.65039711937484,183.3989393757894,192.96848763761912,185.4162394519335,203.75784837591155,183.06666413963586,189.73082147347736,186.8314415490405,179.1024265092856,196.5969955872235,188.14963194072638,191.70340710420888,176.89927319376844,196.49840290783106,199.56774535039656,211.11127713625908
144.2936877218841,172.4250984632527,163.84752072725223,174.81856435973017,159.01569071382804,169.255228817127,174.72711709575754,159.93329250632888,187.52871819797062,164.6904556195712,177.11819301246,164.13702080647525,168.23084186386336,181.1544913651326,166.31697597121877,180.91124484264873,145.50355560522664,177.90421397422256,173.0246527303971,193.86636040077775
132.8161677231488,167.4900884377445,140.29248859548943,156.44060004904227,133.08848399047955,155.9348655661356,149.92379216116495,143.87713484121963,165.66079593612693,132.44796031066943,145.30871096199996,145.55593961655282,150.45348501533013,163.3362331972989,146.99499941517325,158.1831328678151,122.14116188092473,153.375292331747,155.30676379507938,164.93134829944583
111.21839974513325,141.25025481536682,120.42171458874913,154.77375076809875,116.71889668236743,133.97961456322548,137.9744654023492,133.34132867394646,151.83564066656328,118.68735534756847,122.30265887874233,118.85157809853997,138.79914820816745,147.2898507368348,129.1250354644555,145.05090125738906,103.08714615728621,140.2922180308206,136.96611897574925,140.17968796619775
105.91315687631071,133.05212071445655,103.77897619036881,135.90716476973577,102.34889524442478,124.81067046576207,128.47694093083834,122.96907041027316,148.71724392643412,117.61313427237883,106.97608812427706,121.87764804582474,131.39012365044456,135.13918431414547,117.70891122349138,129.1573366217865,104.62748373054967,127.53681151772794,121.99212726927168,108.07393445039192
106.18211125234028,122.74426078194303,93.04460787088027,127.65350077235145,82.33370299834074,119.19255358456196,131.02845431195925,109.48116266127258,148.19037732083788,122.53918685692888,111.82097753085661,136.90214752868872,127.64541752552053,119.49126879348574,122.46820421443364,131.27273890008684,111.16086428316454,117.51707432174341,113.85070881690848,100.17630360263279
116.72651036058116,125.60518482287152,98.36937663611201,138.41930484006127,86.50924644723796,135.83793371860457,136.6029584765434,124.32442998124958,160.46048870882012,127.29092750732592,123.16267912091067,157.4007341200787,129.1810526554513,112.43310886684658,131.57324693694807,145.5997572291364,119.71560583302926,120.75149395272182,132.50940411125706,112.95751749874019
121.40107935058184,132.41230816640888,126.00489524774522,143.06612162781872,98.56966236557736,153.72883229207173,139.1205770488141,135.56902106336474,172.4426201330047,143.30352988140098,141.89247982725064,169.696915444039,151.17209844028469,117.72879479460707,145.89624937668108,152.80170210671335,139.55744502073708,134.53798535391869,153.53829830992026,131.93763835836066
138.486542651212,144.87725288113106,141.359307466885,163.0087700737728,112.47649211595221,174.3503115033382,158.4453707648591,140.7387823709774,185.7898985231961,160.80678653119645,159.82425912557363,176.61866417373398,162.63880671681477,141.25171480335658,162.18546495493717,174.0420927693683,159.71059765179305,155.47042172838073,175.4322095854449,145.60694439601858
153.4751741490868,158.28405547440101,161.65456950547036,192.7178730997491,133.0868375276206,188.15952739382737,161.2290609045628,172.7006088917343,198.97506670288277,178.16124887114412,173.02855406469723,190.2119961866108,189.34351555534099,158.37327007742172,179.8780282997797,186.76752181750746,178.55807375960453,184.01739386104367,198.4931295767829,170.06947744117755
170.62149740262112,176.39797854097085,181.4928126635204,212.19112326459108,160.84744987330595,195.03769242626052,180.55177171174657,190.7543187990718,205.60251765025694,190.0454782193672,195.27466270258546,201.1509503512674,194.5919924814394,173.73883814851783,193.24646886298098,206.56215569136762,196.52037093456045,198.25994302518686,211.73626300806936,187.62695371292432
208.72389644315953,194.27622051080692,198.5437937720615,226.08930525128247,193.98866690077196,215.7092019739961,200.3047382005018,190.588041483524,219.33317786399977,201.11411163834504,207.66329541254638,199.55223073305228,204.76048735784434,194.77847381850754,206.11547787233866,223.8831562217365,207.67654806805237,209.29191047655408,217.6349872064555,202.7442064086971
212.83164093849865,201.40364168277492,209.88743702889303,224.67580669283947,204.06524235474754,219.67079163487176,205.38661087041754,198.78016221922536,221.4487754799791,210.48055576387128,218.92408816489552,203.52960404125665,214.05455450227586,205.51609507826402,217.92261691529984,237.31045930780797,218.9155009466187,204.6941196110816,223.1043358464665,204.5401900221674
216.7357314875243,210.33591930793534,214.79210993478335,227.531740364166,206.26598615913431,217.44227763400468,207.40641084874127,207.63566056126535,215.8714220348609,209.30261021647317,219.75504707367455,203.31355632195482,220.73178978101248,207.94518785806366,219.3968086369976,236.2096748306843,216.1710823709428,208.68978591242808,230.99328050295736,216.82999023364533
200.12844046719474,209.03432578191763,209.84570248256458,220.30502369599293,209.6158418788963,211.68107701607758,207.7193324928062,209.917282748269,216.0674469547583,208.9084372286006,217.22463804813557,211.95749100348021,208.00850159576723,209.412644734911,209.72942128906035,220.59240266572058,212.08663713021693,200.3961604948632,223.00277263282106,218.13760391007978
188.89254648991732,201.05785487749938,199.79637550403703,210.22461368132198,197.17324277666162,196.96537559638674,201.08288307420713,194.7958803846249,208.08074572465688,201.7850594285901,210.18943072251182,206.0419605771141,203.06653094653996,198.9233127027267,204.83956629594078,210.6389518180524,206.43232667862563,192.7141136555738,216.0501444032653,197.84754484122436
182.51321351824626,196.43657194487105,199.7413904997769,200.49453920150484,194.0393203507754,183.41765879214083,184.46588730376735,180.70186562143866,206.32529112827592,206.69181457819724,204.79598323560126,210.3250387399913,203.89838534027078,189.04355253640958,200.0370148383781,198.51386982195027,206.41605378530133,191.37792786794986,205.57678295978545,188.11527490395463
