0,1,2,3,4,5,6,7,8,9,10,11,12,13,14,15,16,17,18,19
158.325983332848,158.16553257483156,159.78889539896508,159.75270917275222,158.83634246550582,159.16052161409536,157.97158271771286,158.12768376353498,158.36717845575015,159.5118512031522,158.0753432186315,158.5725806066642,157.1676511414998,160.22750983575574,158.19043199973686,159.7202899911606,157.02725658657437,158.16971906706218,159.81425189039172,158.5634615574582
140.32001093655833,139.5665768566213,140.8773197285427,141.54430768570748,140.7617979149011,140.62316102842442,139.56076999519215,140.52260203734764,140.34272386190355,141.688364897235,141.08268223614647,141.40944476019928,139.77496577923324,140.55637388001517,139.88935141138623,141.60123577873844,139.4502664373901,140.54431093817772,141.00857196329264,140.60062564822218
124.82604932646791,124.1214136335005,125.14157850036256,124.4911805841736,125.30688493184007,124.64362073790275,123.89473440902945,124.2027686489055,125.56146002757663,125.80520796193771,124.50422936737245,125.00177241761752,124.59278158888615,125.57767346653739,124.10117204673675,125.24284763155825,123.24782277207137,124.43244347534763,125.65331595035066,124.96553810143455
112.67338838313923,112.44640803698984,113.6068580231744,113.85038358817587,114.10453487672054,113.75443600125044,112.0166557871094,114.14703329608551,113.91044415198459,114.12453016462172,113.44665435730317,113.39584276168861,113.23693560595639,113.81183512828352,113.01884907639763,113.94841161479746,113.04036577671027,112.54146582234407,113.42946831557768,113.61978571971179
108.45852130821584,108.24420346241654,108.18644528031648,108.255171793738,108.09579392817025,108.18794385432322,107.42749471497196,107.85300321290474,108.28123458987056,109.50480161160996,108.1658255262765,108.67059979731926,107.46427746506512,109.08419165239252,108.7531582367311,108.07374759919047,107.77751207599506,106.94024949397195,108.3434944544284,108.12262793712344
108.71928973282978,107.39459550974222,108.15945773328941,108.05990861691426,107.93801070837733,107.84294445164205,107.59217234648811,107.31527035259508,107.30089089758447,109.11542013551093,108.0005298590257,108.41695016063548,106.36520202314266,108.02817820669318,107.51300274921799,108.16104663020865,106.87835829738958,107.20761162047744,108.31957720696104,107.75436244233846
109.49442380535345,110.12326155922563,109.99336393062256,110.33990463001032,109.44519629453433,111.13341410219081,108.97972983832689,110.57395839374647,110.18683806260034,110.74614594894466,110.09844940375794,110.54881737633534,108.3519734866123,110.72974792139186,109.71581120042019,110.36797105100013,109.27409068725913,109.4826739491831,110.83289796887492,110.15160152489412
108.98762961764542,108.5122726423079,109.75968854484182,110.0910834856928,109.94671057331874,109.74128080204277,108.8892614454077,109.24220831152147,110.73865283620012,110.89081172794306,110.07918457038033,110.75962383266285,108.26954836809863,110.0873610663723,109.29719815985261,109.81209480229384,109.41020831516789,108.08020408502239,110.11845991213588,109.59309844235993
108.9136341476097,108.62698199662394,109.59290093671288,109.2796716277074,108.9878022623347,108.85378748613775,108.22511049273409,108.83637848367911,109.40774798498134,109.98408235814776,108.7254702622834,109.24890579558271,107.71846058811768,109.63615860226864,107.8579722693985,109.86268350810282,107.86878863211251,107.82123933247159,109.88336107162218,109.32234658149545
105.16618496242022,104.24040307986952,105.31735935772143,106.08717881367838,105.0721565517818,105.17265272625585,104.51116611426228,104.6202858911068,105.64049541455093,105.7734352062632,105.2824705576539,105.38538842091434,104.25642885512194,105.26100807104453,104.63627529828835,105.62221412335143,104.46939000191398,103.83596124931734,105.2688586534183,105.69906617127934
99.08009603968166,98.7500651631383,100.0931936486499,99.95006628777146,99.46654489224795,99.45932681921067,98.69716800679257,99.19987166965126,99.95611235545275,100.8668462023451,99.32511309419563,99.27971751405389,98.2821580494862,99.99425418579763,99.16605275739462,99.77478663118498,98.99910663711215,98.69089483141931,99.6369233372764,100.40726009059131
91.62274501417981,92.18243995981287,93.18533422224868,92.55035925282299,92.255209254462,92.75969043198697,91.74373923764533,92.19383207673211,92.41875949918783,93.43236161407127,92.20795557304503,92.35791888444068,90.85837353625784,93.085876728895,91.54568441541713,92.82893497538386,91.40255770069888,91.2936811875843,92.71033934760763,92.52656093844922
84.31746239727539,83.82524869704089,85.59717936080125,84.71441895987508,85.12795556585733,84.55819875798389,84.12756809647806,84.54797068345562,84.38642301831825,85.87968416888486,84.33036266313243,84.74350589736396,83.32048694562891,85.19029950555668,84.3567321700481,85.25286161910083,83.13017104535162,84.22253618768924,85.35600551769153,85.04628395765855
77.82253067592029,77.5436035411863,79.10177495414926,78.34029666012933,78.56226970068496,78.76268974014245,77.53728366858742,78.1725027442318,78.74241163481717,79.0767007796901,78.58170668022207,78.62967995341604,77.38623461864923,79.15359560081676,77.9885268262944,79.02566966939173,77.54397269645406,78.08629330250622,79.44504214489926,78.53427860877511
74.96887726405004,74.34943757419275,75.26041457636389,75.38359112742667,74.66890207144657,75.26071732270029,74.15383662562796,74.54098224433417,75.27832366196395,75.80137325155465,74.57263913035139,74.84738324434115,73.86099695546444,75.58089700582397,74.14660719865716,75.36216257851198,74.7323963113219,73.8289414137808,75.71834087940762,75.43151081900422
78.41674767204978,77.88725494884054,78.99948270850177,79.094696586064,78.56503316902145,78.69147048460478,77.33409665093616,78.85744321057362,79.49097564349991,79.72433137836344,78.79984830804078,78.56897784725892,77.21747391254237,79.10973210973702,78.10380744251529,78.91212385123542,77.86156485516341,78.04271792899004,79.24716448860724,78.93260274649458
84.41054978571371,84.54529420953436,86.03824884658434,85.79938515354063,85.69878956436378,85.5515000348276,84.19787208047295,85.2488798654274,85.56915281988924,86.44218272558109,84.78037609784104,85.98014010530237,84.36527849609325,85.75659289159115,84.99870272820769,85.71029245492868,84.61349026170608,84.46780163407877,86.08452320847799,85.6956848557452
94.29304790063803,93.5360251039709,94.74248380566179,94.55989282876213,94.34948393777425,94.71271278008396,92.7172018298627,94.59088284190227,94.93860305170483,94.92316992373281,93.81573689223228,94.30329243927171,93.32959474805403,95.14511903022421,93.36493100941023,94.61239854448678,93.84900332593037,94.04461099506554,94.51230274157888,94.6600370784702
103.24088390304765,102.80234015412351,103.35223107377011,103.62955511979004,103.01052434118346,104.27845587412955,102.0806426974341,103.48446129683336,103.50952455221356,104.04004914055923,103.52270621464001,103.21326342512428,101.97527116050773,103.80936860345132,102.62056203332133,103.40141059495464,102.48173326226723,102.58439351166341,104.11650788856566,103.84671622210311
110.21284304669484,109.8749928986069,111.40002097338761,111.53638781633903,110.53448319949852,110.77557517018154,110.09386570156035,110.80412382277038,109.9679262558487,111.39596658671299,110.51834396971425,110.63833400413502,109.21237990434452,110.56251280996564,110.25580325773802,111.37432207591324,109.95991773661245,110.2545004197217,110.9991936319185,110.72989861360915
114.21991891761175,113.19869645399002,114.49030349707587,114.86321791750422,114.79440524590717,114.88964477264314,113.40171155796324,114.71909385334109,114.6217268132959,114.94125698381818,114.622161730905,114.20493541224126,113.01911807811962,114.87871288523675,113.75634242089778,114.96464350345327,113.24995847965577,113.55573828475414,114.07011467395117,115.17031089338666
115.21612079645402,114.05000075676746,115.32799606631922,115.53540316188226,115.55663859303574,114.87957875824915,113.164307572201,115.20082438447093,114.6670589524799,115.75964783976852,114.95360198165648,115.5080724347462,113.53648480411654,115.98100508793777,114.21974075677613,116.02860450607545,114.67079257114493,114.74811808609545,114.85408511320809,114.70501679663234
113.29358712786325,113.13371943005775,114.21419990142049,114.36957357566307,114.54767810413183,113.27221696181542,112.65524767452034,114.09954415131709,114.13788146994814,114.71013338246908,113.07517558109276,114.40824951471667,112.51654455375552,114.5351156652797,113.34474806073781,114.81307896163244,112.82299092674468,112.77290828244823,114.08742377436165,113.98118777648843
109.73048470618993,109.85818106971723,110.3025159406234,110.48688108305689,110.33615961578191,110.37367335812476,109.0206792669095,110.13144408481222,110.55693738601464,110.99273711835998,109.64934148259924,110.54410696036963,108.84707739847342,111.42954082950452,109.46238228484023,110.64166459843082,109.20552103508318,109.52560363329648,110.06655128265983,110.28465620479854
107.4616648036015,106.71813016339478,107.70780410764223,107.96824509922772,107.72377516394575,108.1015756212743,107.26120189448349,107.41396237720308,108.05812394911072,108.2809891856765,107.78026834093309,108.26710625358315,106.58135811814992,107.78704852494687,107.14975477226255,108.19735508573805,106.88410485415537,107.54390919851679,107.87553531726337,107.93459427279556
105.5392358847449,105.11110576362796,105.74035732804714,106.31761926515173,105.6276776657263,106.07791649997176,105.10631561251918,105.71144984560988,106.55702715643659,107.00667850399294,105.58919587949592,106.0708536547244,104.59303988539557,106.55724671731338,105.09520713690146,106.6369625505488,105.08659628255164,105.2225211515999,106.6914869780722,106.03255266542534
102.7441144893366,102.89518650110784,103.5396774671967,104.15920399732126,104.1518180109311,103.99102663007002,102.82794579156716,103.70912105179784,103.73314917163486,104.89684184980501,103.75105524487539,103.75427778988391,102.89644012600698,104.53444829230659,102.9871036468496,104.36445526237401,102.77881277160353,102.97442663738612,104.21955154851419,103.91895687563091
103.08238028920874,102.60563449046151,104.2656186372412,104.05204837525439,104.14366338335108,104.22590200382015,102.66472138249114,103.94166496731283,103.84683876307408,104.94724186849784,103.243633536885,103.98717639689167,102.87021653840392,104.15472613485133,102.65119256482352,104.23499402991948,102.29454687778929,103.56317284737167,103.91884160370608,104.30366733928419
101.97817329706614,101.81389096320095,102.22731037700628,102.34300143896505,102.33404292465069,101.97502909738832,101.22572923037215,102.65912005762593,102.12559382779332,102.82274424621713,101.69376090176151,102.17697710560061,101.39114173548019,102.69111908739293,101.3525856978867,102.63181190935279,101.04419981962923,101.8373978754402,102.23150280419956,102.50829525426103
100.78216744424793,100.46671925269364,100.75215713822135,101.03254543395813,100.97997675475052,100.64026935794226,99.78632442570986,100.82509798987442,100.67708474157165,101.78349872241893,100.65206059473564,101.07364733013628,99.72145740700529,101.47405304896654,100.3735491783274,101.30638952619543,100.28684036975267,99.91068843666362,101.07528800532711,101.3231594209706
99.75927277881529,99.21627451721251,100.51685571848348,100.3154638273548,99.68439793304273,99.56494376905458,98.60401408687204,99.69240426399553,100.20157156282092,100.78241966573682,100.11039453572155,100.18746914606061,98.77363112510616,100.84710882153603,99.3221181415895,100.34139470593902,99.255198370338,99.48846094650418,100.52555352620712,100.12905562268918
99.99951750764768,99.34157057856856,100.32583496139534,100.08377773393634,99.58916452403852,99.92682802453372,98.43741571567259,99.79603362017787,99.4911546201184,100.85592656525985,99.54119547314255,99.49809297762044,98.57625386508221,100.28443544319038,98.86624312660344,100.04672419493531,99.14754159929872,99.02432700318867,99.69524178581385,99.55700717404318
99.38805878964004,99.13682534303439,99.72926321122273,100.3150882883133,99.52201153846998,99.90186240898365,98.48732035815388,99.84056730001835,99.32352781360767,100.23626253005638,99.28805659916787,99.98760966096518,98.36131363962647,100.20099043697748,98.9623860297126,100.58866070465243,98.4960354053422,98.83981692818124,100.04420401777467,99.8835595048909
99.19639543234325,99.17526043849648,99.48244442076425,99.62720772514054,99.27463431136826,99.42486451272849,98.21181010951211,99.90806979761952,98.97966049820768,100.02235476851509,99.15439824335421,99.98900832011087,98.36192831782564,99.61732121151934,98.95571491513256,99.81954541505108,98.72537575181437,98.5821164198031,99.84337562173621,99.97287854511482
99.0091158187219,98.68844763574636,99.45111928972271,99.65585683008452,99.4778132683536,99.76239547969833,98.26011983729073,99.61188903584845,99.36038202276042,99.98780536292996,99.37199636878694,99.89680804918089,98.25040009351927,99.54952008187696,99.25562262273064,100.14057055926665,98.64474800637261,98.686123607725,99.49194600444297,99.48744546568935
98.74957399340704,98.4840637775596,98.66249363359765,99.25132995719842,98.66360392216639,99.0453258017923,98.03227641085547,99.11442485634177,98.84905056519224,99.40935162043816,98.87919076489396,99.05659792607113,97.67470176942788,99.46527951251014,98.19979434399136,99.52825092036544,98.08007746948014,98.15262014515612,99.27224513307293,99.12403576369296
96.96129717492462,96.86616553908131,97.46452620581522,97.7772843516827,97.2063554750971,97.36855108907277,96.54111235345309,97.43851136394711,97.15117825661369,97.61661704919763,97.29420354909908,97.41985116982752,96.01449630089074,97.71153212695937,96.9757002229856,98.07044131711378,96.60201989824047,96.31854051996137,97.85241011187676,97.58970365974176
93.59909522928501,93.54581538677681,93.76194465997857,94.18904322870425,93.74734169657137,94.35548970384237,92.5696578677306,93.55060121504832,93.53688233446306,94.31246564124697,93.52423867349316,93.88139237206653,92.71171880256271,94.02104446105841,93.1962919975707,94.13237071912545,93.39271903184687,92.99668662222444,94.28619218310024,93.5400264716937
88.39371975180177,88.04475825353462,88.71297427510599,89.08415285380075,88.41578081692397,88.58032244201961,87.57127408610228,88.39985638430815,88.44582252722755,89.03861934588981,88.03832286831471,88.37795661669979,87.44796902224621,89.2830793163592,88.08540202722727,89.44215600963867,87.50819677923441,87.48753851394173,88.49915708103686,88.98962340285559
83.08121307453567,81.86676679855678,83.28456119995417,83.30594322604324,83.12454297254632,83.23686627790033,82.39146175950401,82.73101556834014,82.99713471708519,83.1336892195973,82.68660955962541,82.92630619875438,82.08914879071519,83.15383396466753,82.39522209362816,83.35942591382933,81.79496670447132,81.83226457442966,82.91559524530922,83.44656058257387
78.37727709928613,77.86757482796479,78.62612238302205,79.32152321525787,78.3481675231514,78.63914088970922,77.19392823156541,78.62871420222095,78.34337636365743,78.96036910030034,78.16512420323467,78.62197594325005,77.19521818446246,78.97456797756247,78.04779321431288,79.0327471965887,77.36876091018046,77.7733988838835,79.35539074754539,78.69861946117999
73.41161191217648,72.86603279061083,74.6938458486306,74.21887251321203,73.72459721600373,73.9351030213955,72.25908142167413,73.91261383344052,73.94164161675901,74.67189834696329,73.40910210057463,74.25208374734594,72.36120098283841,74.36674024118412,73.32609667940531,74.65552808038336,73.19039895613402,73.44790791285918,74.3711453222263,74.08557726366627
70.36371110193986,69.54177088616487,70.77501947667457,70.90902305385353,70.66276367686163,70.76800022569694,69.0578290096734,70.78299827290503,70.56926436113508,71.1777672075667,70.2674608929418,70.86595008698785,69.48276228660124,70.92437718446934,70.2256735672568,70.97521527906731,69.86267496784546,69.8779932718265,71.06563998217892,70.7168391851481
68.77138226373073,68.51636127703213,69.1643394611977,69.54849928195975,69.11760618252053,69.23813206310889,68.04914665271735,69.50587830591888,69.44493533546822,69.778628861215,69.05901409059467,69.53854474004504,68.18169827901438,69.93202026548961,68.45421481967512,69.94754138137947,68.8232211210907,68.65181861330771,69.997080987946,69.23215538432487
68.68623083160482,68.08779519468483,68.96518315108368,68.80346883127693,68.64614905109906,68.94227114269128,67.54529782119438,68.7308988160501,68.4554768431492,69.01726536792795,68.39114062988588,68.95295541821932,67.62278747295935,69.45126133227502,67.92853812416608,69.24983602595687,67.96068812298002,68.16429425005882,69.02819005594637,68.70399801106228
69.07049393975345,68.9723567195737,69.51817460720244,69.80176296409597,69.41963925876571,69.77654344687186,68.46117960333471,69.72873213363494,69.60719662224386,69.75371458843185,69.06465967386993,69.6149394633991,68.45426856512111,70.16336292010025,69.10186722739356,69.95640536158473,68.70229513477679,69.02619960180246,69.76167380477075,69.86512646900638
70.69277720808418,70.43761362654814,71.06287594847497,71.37075481726916,70.72791573200234,71.46206726648163,70.07795997910851,71.14463369116866,70.77746673783302,71.79383143031028,70.58190859283484,71.16381707516028,70.20397141291201,71.68167418454604,70.74112474510885,71.4731850255341,69.96152935375589,70.08211171487146,71.48431603672887,71.20076351310163
72.87515771095605,72.93457114271928,73.74259835830993,73.82287353196756,73.0964879440932,73.59232074829974,72.51910382610941,73.85190472198377,73.49582311062737,74.41581861893499,73.19853500500066,73.33814197934275,72.5813891541174,74.13546730542829,73.15663956362616,74.04605906342651,72.75672803005591,73.28748680314959,74.00752825299146,73.61606825333212
76.6247035829794,76.16360498722777,76.98769296987828,77.12900269301052,76.7648171209286,77.10261613788538,75.66145155341572,77.1123851765381,77.14360837296704,78.00323320994981,76.59240814750996,76.97055423884068,75.73172708438136,77.57999029290089,76.26114119031742,77.49490806582531,76.12764404572417,75.91959489248656,77.42599917413587,77.04794243746746
78.89249268794728,78.44389375049987,80.0028042321108,79.90081440896583,79.34097840348926,79.62923465578447,78.12348840142019,79.21359174403996,79.25557611807164,80.00336653073711,79.07962997318673,79.56279642267558,78.22425428309283,79.85555884875765,79.28065071071407,79.86015365485932,78.64952782524828,78.33910248747473,80.01519358754959,79.25849512506697
80.32625870472356,79.87839849208642,80.92092236965954,80.91237049046926,80.36119465484441,80.69201333741394,79.43598124148299,80.12637163064004,80.4229562652364,81.16111595027938,80.17070116413561,80.31011698154865,79.42533632810573,81.0865671138317,80.1445414764909,80.95266046598415,79.45747428459235,79.75803111092958,80.88162420092964,80.41460824211298
80.81416020261237,80.38987224924038,81.06501737323117,81.5434260779684,80.71027866786409,81.14116808131779,79.97890256738134,80.73166973979428,81.0294657963942,81.57190061215151,80.69670775862869,80.9418503363068,79.7688672147087,81.59392739714133,80.5050866649267,81.23191950836193,79.64354403526964,80.04951434538842,81.35938445249276,81.03991113828349
79.98711331701799,79.98543699491597,80.46888584720801,80.86037602403368,80.4036475730539,80.74813888200653,79.45550260182999,80.31185968710132,80.72676600276145,80.97640073237133,80.30475852017919,80.86130137385909,79.20156555863339,81.2189517546039,80.25803256369723,81.09851006722009,79.35583271428374,79.5621670897971,81.0972190597122,80.69504276817416
81.94504020316904,81.41475054397759,82.6398904929468,82.49296748087934,82.12819598129897,82.25482082803862,81.54564402142718,81.95600760289335,82.5799139470084,82.7985652721022,82.02091226390881,82.49774012028284,80.83995937000766,82.91030735663398,82.10656248779284,83.31122770174562,81.38830991673633,81.63318529557915,82.8967999235276,82.22292975383904
84.31275190994427,83.26023552371714,84.37041852210666,84.43357215569701,84.04892003803869,84.31898744470489,83.2695884460131,84.08312582104436,84.53800540204053,84.93850165670744,83.98929112666202,84.59691523124833,82.92835892359452,84.84099386210313,83.84735661743638,85.23462035546018,83.2827006669317,83.57380596465806,84.74505482281553,84.53342145688079
86.33258805839978,85.0896852570454,86.07771513723102,86.5190609665498,86.48656725383991,86.38772991817225,85.57513017255467,86.21202460916561,86.16306677492364,87.07862041844524,86.09945421154002,86.6688663165584,85.16996025306481,87.01338140258811,86.24915652532391,87.19439366825208,85.25708624762834,85.58856392514723,86.84078744748253,86.52368944671967
88.78807331112283,88.38417681844828,89.03921635140267,89.10545465527527,88.87489278805415,89.29963042378324,88.12477918919798,88.76156296851539,89.17666970113952,89.34563810670417,88.3119054187444,89.7324703523913,87.67376822914966,89.7964611504116,88.40687192141414,89.4947260261209,87.94238228243847,88.14172968907867,89.01304240307067,88.78637123282579
91.37222339555538,90.59489710211291,91.5252017257416,91.44103444532212,90.8372817673369,91.65266021042795,90.37259638186254,91.26079565658823,90.81929415137908,91.95830209841317,90.97247703369196,91.55017674361234,90.1554142391623,91.87521151714174,90.58389903803901,91.96985563816261,89.8067841573514,90.43141446445773,91.61451789985793,91.28536984469694
94.79051007176881,94.07665417525413,95.20203894185526,95.52132947626885,94.75378900230693,95.18157809218592,93.81581017207702,94.76954599830833,94.39431464606784,95.229546181396,94.80990271883051,94.69978596653557,93.1643038599267,95.27108631697955,94.06776743748014,96.10270118290266,93.63954025600673,94.10192415193818,94.92540106100346,94.9219089856418
96.92914059360741,96.35080478341388,97.28262576016766,97.33294742285311,96.49449045129975,97.32126491079943,96.66267420293218,96.8310499094249,96.43784853065243,97.5344523245809,96.76918559207328,97.59784481780319,95.84119649058971,97.19491770065642,97.09491636535257,98.03055804460494,96.5117933128474,96.1998940353034,97.1730179636061,97.34174518670606
97.95499080347803,97.08423933334703,98.12458008930102,98.34191419860379,97.19708473392292,98.35288380686087,96.75164408086913,97.76721961114463,97.1074975041912,97.96890948906834,97.52550978046092,98.08274606726154,96.4925454607449,98.02011232846021,97.03104199418122,98.61807223655757,96.46560712681213,96.75791188411371,97.86204655394518,98.0427495994045
96.53180996446453,95.8455123391184,96.79821939473044,96.95934544577851,95.90697351786062,97.28468388500694,95.54192158842635,96.52089717125781,96.49199693537236,96.58440879618568,96.23993774444631,96.37765808795147,95.50214791290354,96.9440860534478,95.63406573175905,96.99644426799648,95.28571367628608,95.5567431745817,96.6906785658012,96.4563702635185
94.42844084102484,93.60149297694151,94.79085764984309,94.86280648802209,93.73356056120575,95.2929347956776,94.022389697755,94.4029878381295,94.07931517297773,94.73370325649672,94.08105008308215,94.63349655889584,93.34370986196832,94.81249659317788,93.47448990596182,95.19948603265557,93.37305981691199,93.24500988902778,94.51209177020283,94.90839280610226
91.48871991431777,91.22275509827256,92.34135290927638,92.25768812377798,91.53896394751214,92.86125602676285,91.3691903133252,91.66017422689939,91.64175888544189,92.72097203923242,91.01191075245626,92.05109019819628,91.00656545583357,92.38247555647466,91.14890842201623,92.27536273350162,91.02611240398755,91.06630249248774,92.13679050729408,92.63113890577279
88.26104695178005,88.05324294140661,89.18537867349934,89.04182115022131,89.13666267455254,89.69935882052613,87.63040863048718,88.28865242147943,88.42796215287777,89.13731300442842,88.53141267419274,88.59217720001021,87.89436692655703,89.04325548313703,88.35538651339986,89.49512071755987,87.45644099971545,87.98047943498095,89.16021218212857,89.2726839196396
86.84204067119995,86.47701190658682,87.81016263221242,87.3927967852236,87.13536961098492,87.63362012048329,86.08435547667524,86.7891643819113,86.65150044881318,87.86915679840006,86.76484927601622,87.19111626820968,86.23311120598326,87.25511069342491,86.375213647279,87.6003255741057,86.07999900512071,86.44870776429312,87.68631113299637,87.46041227063903
85.7350187677642,85.37491638573606,86.74707535088272,86.53435529851245,86.355552173781,86.34744364346878,84.97504525117682,85.89108829276213,85.68135340154141,87.17584744248398,85.96550247485642,86.31854333909767,85.21355561040795,86.58448689240716,85.60276309413807,87.11883531051525,85.22710321946673,85.64908066481539,86.98931145612808,86.49600334929654
85.63373980548903,85.41269470123181,86.03933990310814,86.37045572379499,86.0826106265643,86.34774368371555,85.09767912454241,85.86833435448978,85.75995350588266,87.01795475686248,85.59053285975581,86.43924289804427,85.0776823746773,86.09506617296906,85.59590997983919,87.12051572219721,85.35342251360234,85.63333440359379,86.80910422597148,86.1353990694821
86.78552407509935,85.8940384403645,86.97819962227416,86.83571134081545,86.80702895411439,87.08396637844889,85.83877850822819,87.09209000891613,86.59843595355804,88.06480562933909,86.58101762829705,87.01383224495326,86.08537309759916,87.03252223233743,86.46292133389298,87.46096932716759,86.24130084766547,86.39385907564352,87.37774154218336,86.85840024626552
87.9681310193138,87.1712603270144,87.86021809236206,88.13263207271049,88.09690372460771,88.05073507984912,86.88580336568934,87.83470689514789,88.06290201518318,88.78593943454342,87.443658755064,87.86648233273591,86.95525373954705,88.22042777868992,87.35588134115989,88.57358899373148,86.76407043731811,87.15295943146884,88.34509086674228,88.13283439436692
88.25087380538251,87.66607141846772,88.58639305393002,88.51526013229945,88.35798201562925,88.45334177350276,87.49048725727299,88.40190935387413,88.39713816915771,89.03253291064927,87.96168817119349,88.39832781979216,87.48860492573006,88.74179242182804,87.81140739993484,88.80081340853373,87.86697653292603,87.72026843115806,88.75329321858253,88.7514294113074
87.67259195556716,87.2495383472425,88.21225066146393,88.17741585551892,87.96443077147829,88.29647673252406,86.98961348095179,87.97004150531589,87.95498015232721,88.86982300023179,87.50715549040623,87.92461963068243,86.66441493349619,88.50824191486532,87.73921540194735,88.70472352044183,86.93542446804626,87.35933703112515,88.3159680551034,88.18073380483654
87.84774819491399,87.39796989341758,88.72811638946777,89.02292402105437,88.16003751369497,88.96000606592112,87.551545843157,88.18663971475283,88.36603632587274,89.23447174027451,88.09223007330515,88.2142625131933,87.17761905861944,88.96890317111237,87.84633989819972,89.09520323359885,87.77040864035652,87.71860927085092,88.63782534224522,88.83140792554322
86.85841375551918,86.04984255302786,87.22753546081955,87.15337876435956,86.42068297120474,87.46630998092073,85.94233831142692,87.15558265477091,86.95356602847777,87.59153913027603,86.88459883360177,87.18259033361052,85.66790373088527,87.54300786251963,86.36556955057372,87.43542144531425,86.25370342287722,86.25224338262385,87.05616033148105,87.45210621369945
86.36460543103605,85.15889842713514,86.49353251022022,86.45849655305297,85.95215329929152,86.34173968466274,84.98243331685295,85.93903382290206,86.31563157304294,87.28386325507765,86.1715633738508,86.17174313334785,85.36220479509691,86.48396187681347,85.32795358149062,86.79095936139748,85.44066438402581,85.75412258182722,86.92476106926762,86.39635129638225
86.71346499594512,85.98620299107642,87.36453501324262,87.30088062338906,86.91824732119649,86.72909469086186,85.43717286827629,86.56543018554606,86.99566867073395,86.94704446170077,86.93354359898201,86.70689558094642,85.59147393920398,87.09655333612034,86.19846442810211,87.49435890355663,86.08088343890462,86.25405379722055,87.23575767822783,86.74615744365833
87.79278758761666,86.91704175204738,88.54153391620126,88.5996883301852,87.74337052651164,88.03793077847986,86.75803500793292,88.17723590507097,88.22352024975925,88.56815667686243,88.22987550736761,87.93436583647943,86.82470791734998,88.38852651372255,87.09530037862481,88.76413528887075,87.14776645924597,87.12505730544919,87.90004414027261,88.08405240573413
89.13947649527756,88.30494693700423,89.81623500594723,89.49531888030786,89.08376294921139,89.30114340663917,88.08438116059227,89.05520007318182,89.27937739774791,90.2241397144123,88.99092349689957,89.30293126303017,87.91259049239851,89.75993357097508,88.27980608303284,89.76203728604798,88.30878887000372,88.07187672697295,89.5198318012714,88.99053247733234
89.73489889345879,89.13957720015657,90.13006776771144,90.34306317239277,89.82079087762557,89.81979965557048,89.13297644028792,89.8625693961155,89.65022090402154,90.45038824800183,89.21533244581585,89.83199161723289,88.99455103816284,90.79430405985107,89.17651963026393,90.53778709823352,89.08499855504355,88.71375723849525,90.08138054189548,90.08011997941624
88.11431592069971,87.70295907091759,88.5686023237213,88.74774826623921,88.65548348437022,88.54693804896051,87.6045250080936,88.57641079465365,88.24301525357528,88.94941056696801,88.08601342450807,88.42508603789004,87.40974506036974,88.8046010004802,88.2632574769133,88.63247944822183,87.00689021985912,87.49627280976144,88.98701424594194,88.67456910588972
85.50665787803071,85.21311874124837,86.4381593746442,86.29464812526854,86.10433929876825,86.37024096503185,84.8724373914712,85.83690352052064,85.89762755425822,87.00018657596446,85.56443559848924,86.64157787252891,84.67803848165178,86.66983474469966,85.33837217545046,86.43601986529272,84.90408140928312,84.75260543019128,86.59814535805376,86.47885308105785
83.99616980229304,84.08939897102276,84.82279725016727,84.86149575180956,84.29088698192395,84.53827508410626,83.48656243644935,84.3662070739545,85.15895601830422,85.29686949676744,84.26296603183285,84.8910474701791,83.81718807823727,84.88869245856856,83.98861829031615,85.38678013692794,83.33426404668474,83.7162485898687,85.27851907939201,85.0301566008793
83.55738197950289,83.98071908546196,84.54429654354682,85.0978255375559,84.4413880565271,84.33937132814582,83.30368088189516,84.3722466961894,84.46924412248246,84.85828762032546,84.04716107797921,84.5758591016123,82.87323271336938,84.63073058434276,83.96564236294738,85.08916812462428,83.70884227072635,83.53980618657658,84.6126559926372,84.78234480034007
87.77658733735362,87.78206266811334,88.36200452372965,89.08877098069719,88.00358091816251,88.44798211781315,86.99240145601242,88.38584232579825,88.37876282426464,89.26638766599163,88.03160814017944,88.73698757537115,86.6381889388527,88.17515976752834,88.19164554097263,89.03559246892846,87.81972391601009,87.98628089114668,88.71173579474748,88.52957801541007
96.50639691762723,95.92662472319692,96.6926560270736,97.10087637090612,97.11920087060767,96.09571247994155,95.54487631995684,96.22609546320943,96.40563889939857,96.33999153989402,95.7116852241068,96.55816931898902,94.91849019629655,97.21655019795874,95.88514567589245,96.9775416099447,95.38938999856336,95.47236070772287,96.55515523850427,97.0562111002806
104.91819171709831,104.90414771047959,106.71196941583739,105.88879789410004,105.75319935395598,105.53161957827169,105.05528307183893,105.72765683052485,105.61791359041541,106.14977493255469,105.27009377001873,106.37085391997003,104.29901223812917,105.59418811193245,105.165668125077,106.36954677990336,104.55093196400475,105.1169334235942,106.82392336312914,105.94446951549614
114.95237048504164,113.75733957135913,115.59405653274183,115.22996292998458,115.25633571874044,115.24089428610306,114.32029045377216,115.16487953566555,114.37283878888584,115.70106242777575,114.60794221444783,115.49054861405347,113.21252069634077,115.64351626440548,114.31862073269953,114.97310288480733,113.98857971752793,114.51799600768433,115.44560735449157,115.09914263835888
124.326828640993,123.70054567737682,124.8517966705876,124.8748152369817,124.57254358319997,125.08087378607145,123.68060306409522,124.5382648022342,124.67468752928215,125.00009314908878,124.38997430471957,125.06104499211408,123.14969659830196,124.71473799468333,124.17731098464527,125.67008220433173,123.63777693831254,124.13144671887999,124.71592462375033,124.67576778889547
132.98844401133067,132.54546482273378,132.9102556732888,133.46134722220728,132.8680373005519,133.58992188932518,132.42011674728755,132.9335741659464,133.16259018718455,134.1029054378451,133.01128707576635,133.0620725799005,131.3658363362301,133.26628356221795,132.74774546646827,133.6207975059939,132.08147078587737,132.43307293691302,133.3054074026376,133.25103991984574
140.96478711118647,140.36285656319902,141.0899820070168,141.78438797722887,141.31851558007537,141.4935064593139,140.34640360114304,141.0786923056519,141.04325915889444,141.78023563878043,140.51913288294304,141.20553154610127,139.7939996342155,141.18388984264507,140.43053641382917,141.22202266073444,139.55153363975373,139.85624445872787,141.17168593304058,141.18421766461455
146.96252883690167,146.31834069270036,148.0254515399377,147.97185148538338,147.31028772735687,147.27167331200906,145.6967267930977,147.6842395648881,147.37715016259818,147.69554574554152,147.00901191017198,147.36828205624812,146.20744768473492,147.33213640825903,146.52164901318062,148.00831487955,145.74214010558904,146.71202891272156,147.2511277817437,147.1348873911494
152.3006432598732,153.13790920937586,153.72493392983762,154.1171916785154,152.82001566447815,153.40377577852746,152.031849749347,153.71303929366584,154.0121307835951,153.94762734751765,152.54557485109618,153.23044654412544,151.12948875800546,153.74941542428897,152.78861580311374,154.07431599909737,152.65593407945914,152.78186802472686,153.52557497013564,153.01847798760141
158.90912188815608,157.74336139758282,159.29358557652677,159.1715747180864,158.9346247665572,159.15978163526609,158.01013605623928,159.04116192609783,159.32772381159165,159.7570629379795,158.07875157711428,159.04713707846722,157.91263391837285,159.38094946650514,158.8740478290081,158.76018186434408,158.72393139531277,158.18640667854913,158.7716617482114,159.03960487713275
157.53604988848917,156.78937884832894,157.74838753545964,157.97016308959599,156.94853760664782,157.2589147211196,157.09879400243577,157.59025046254771,157.9909631432516,158.03657106466534,157.49467556216018,157.79390544034894,157.16880813780722,157.82399937975566,157.44328217821905,157.86743593803862,157.46669526456117,156.64806570497336,157.7043340753379,157.9212412731549
153.3917702137766,152.79263790207608,153.52712435858675,153.38862353409434,153.76330633991907,154.00975615933814,152.35466018334589,153.61240549777355,153.38778462205445,154.0236129022677,153.03388732811106,153.50234997349844,152.12224051412815,153.4337861747945,152.7521426608801,153.47061115831116,152.48627263480876,152.41220987247584,153.54025380141005,153.6316328586027
144.2211431812148,143.51504538374746,144.9512831731685,144.32189863632883,143.99992484266366,144.12075281630422,143.22222411575856,144.56478041190982,144.26291930555675,144.9082549223289,143.72670375411542,143.44965328639734,142.42705443761835,144.35728978828047,143.94686671009572,144.25953654400752,143.1894021054377,143.38731163649805,143.9004913432823,144.40051927987417
134.24262004664567,133.26219075273175,134.20178128223128,134.56664008122243,134.74844036692613,134.21713105342576,133.25470615277374,133.87631822986285,134.55893790672445,135.57247703301957,133.39612813496473,134.28154290371887,132.63749594069023,135.11227785963686,133.55254458288323,134.17076283210585,133.04045545597455,132.70119497178416,133.6698228711462,133.7831517182943
126.12218561506272,125.67776500773893,127.66081950866753,127.14078821257891,126.98261805072495,126.3254711643102,125.02584195118854,126.7053028106796,127.05132839954251,126.93178885794103,126.31140561398722,126.8415071331643,125.62742689687138,127.59610137874938,126.89553162526842,127.52364421286302,125.82343386716238,125.097814171498,126.83398597719646,127.25377354401266
124.24959955063775,124.25851331654552,124.80870729056669,124.49904373028149,124.49358686882972,124.70319602455321,123.36378532178867,124.517097471341,124.33888007033437,124.7913994454851,125.07647918644321,124.06159362738022,123.48425714841916,125.28856026085276,124.31232151030234,124.50849817914809,122.61756916895325,123.83675534834921,124.95548862136333,124.96578242959056
128.7747792907482,127.63510405423465,128.05510809211793,128.90343744902697,128.82950383266288,128.92393598195315,127.96740882967919,128.23636527493062,128.97931656085265,128.83334837297468,128.0237490960981,128.5221576009053,126.78437540757339,129.1145411969561,127.86263766639568,129.38302615977798,127.24113884018695,128.1690504821364,128.02963040102296,128.59558250008146
135.7906614223866,135.9786642346353,136.44659424685847,137.18106782570396,135.8182055866123,136.80572959798445,135.2478820500899,136.45575761915714,136.91762064120985,136.27893113043805,135.93546969898415,136.12402085866293,135.20090212803643,136.61540170651423,135.44641437630258,136.3563709932257,135.82790189006062,136.03768016479577,136.15049462480482,136.54465138771383
148.83568177526368,148.98142761238495,150.65992261288383,149.58992328615088,150.241935747692,150.1303750729769,148.44496313957453,149.69767288329427,148.75719165877337,150.04898639891138,148.73989949624257,149.67463009042098,148.4075699750098,150.5812273601351,148.799206862412,150.57018613800355,149.05137494026502,149.3486184720213,149.51216923681943,149.60310055425356
161.1894017413172,160.89495608596366,161.6168171000607,161.78445549081417,161.97997211736762,161.49460170701602,160.71024928433965,161.4679064853215,160.55965631886627,162.91461298546986,161.34573796976738,162.15692733480012,160.03392725338543,162.8853951835806,161.17185193110464,162.2725595387693,161.02405870254105,160.6715294677048,161.17355156604594,160.88973999229216
168.21396980111132,168.50046737474295,169.6000948686096,169.46160947914572,168.9000683162809,168.58574945543373,168.56037899490676,168.69936644377776,168.84932307938186,169.7839762951436,168.9852520106705,169.21596948735626,168.26800559934685,170.08091225816378,168.217384172068,170.3028526780847,167.1708759359566,168.3422241616112,169.62757527650743,168.876184598202
173.02955517804014,173.1620301900791,173.46687436308977,173.9447924558868,173.56745228889716,173.66490861225347,172.9040976713816,173.30105637897526,173.04676188064536,174.9738125069466,173.7671723542322,173.43203783650458,171.91564753902927,174.75902297064553,173.02250588489454,174.16324889449268,172.63405697835555,172.69759531801458,173.42697598556344,173.7219702582025
171.908747166197,171.86666553558734,172.35236320929204,172.66581250149457,172.70640872391166,171.90613812641595,171.96140643807988,171.82600061540967,172.3622496281007,173.0359397492168,172.5050617006913,172.18194186449287,172.00418452692873,172.64712506784642,171.38792939866804,172.3758197558192,170.70988346217868,171.69661953533972,172.43257980968218,172.69288127897664
167.0438670975033,167.6564004007239,168.10296984521872,168.36655738116326,168.3060625691375,168.73866603291108,166.62177005616647,167.106552433939,168.59908753376988,168.9478026259586,167.660125315544,167.97068305816765,167.34553760138127,168.60741145814893,167.8209341902929,168.01983811169936,167.0322907595267,167.38522131524343,167.7868216296491,169.75763736498158
160.35570175017017,160.81008556044839,162.25812784067764,161.75868788090554,160.73154384724955,161.42824627520014,160.5605041978555,160.77870530738306,160.3434451008832,162.05329572363212,160.48195868882706,160.08129306917988,159.83101337494855,161.03659536653535,159.79485415233665,160.7255873977448,160.25228912852654,160.31311230108764,160.71921135486036,162.17117998178517
158.7179783428471,158.69448966913623,159.5847270646899,160.04563920280694,158.64250358923775,160.05539907382658,159.2004283415928,158.8657096486019,158.85176915190135,160.8059714027121,159.91324462715855,159.28145826797615,158.14920386669044,159.17528846664723,158.90798393981476,159.7774196740516,158.2906001872568,158.4062180982472,158.77359766080977,158.80306030290143
160.1999535106674,159.90826687264305,161.61516643652374,160.7741586213671,161.62441509834764,161.17360214001934,159.91019096969544,160.3329110075084,160.60633769580514,160.91053948680363,160.83782947739397,160.61035658878816,160.0662528501569,160.80495484041853,159.68372757214158,161.04830505457232,158.86226260410953,159.99177579810083,161.30797018534994,160.22749585156944
167.0247487147503,165.03541430864522,167.20706308870754,167.21901477580198,166.92679357880314,168.06256512396837,164.9547633483799,166.62009088786456,166.1535403900818,167.9631905290275,166.5650256347367,167.1032514946239,166.70287618421693,167.51198702103596,166.56981152796828,167.16163917726504,164.75102824039482,166.2831756354393,166.5795145310464,167.01068682686147
177.59274208474196,177.79568208359595,178.85891757896636,177.77328857954586,178.35044908646424,178.55791025393975,177.53006865164252,178.27071965377323,177.54798916186706,179.2568574306834,177.0405471632068,177.75388089329687,177.21736289186921,178.57307367712104,176.86776328245293,178.56213429967636,177.9216529799853,177.7998185508475,179.1576559962293,178.17178746764648
193.17609645867466,193.00792225842548,194.5336014380662,194.05459090716428,193.53301760411176,193.96693720641892,192.7031677731438,194.72362991408605,194.40647347404433,195.54112399331203,193.6970837188147,195.00685778060316,193.72524433051925,194.75646047431337,194.15965015193933,194.8455582186319,193.82732886241703,193.24392142705972,195.04095914935937,194.67025127061967
210.4733897966862,210.43957276432536,210.7601101829716,211.8594809981239,211.09466847777904,210.23597186713292,209.1614955938043,211.5335779585721,210.21967230634692,210.89957371464362,211.21229905877507,210.74195440509476,208.32438464349178,211.63359687039548,210.72027798091082,210.83863958552843,210.16114665653893,210.9183788261026,211.2479953797356,211.26143444678127
229.81150983806407,229.19482967833179,230.08283625783497,230.1955685648775,229.66088272691658,229.33860275267173,229.22832334172168,230.15635502543446,229.75296351504002,230.6036989398095,229.99408407511987,230.09404988115298,228.30012795598296,229.82063277004454,229.16567190519328,229.82548765294183,229.13764699459293,228.92961617581992,229.8444248592822,230.14299700360206
247.76328887939758,246.25618857386252,247.3340167037854,247.76987333516723,247.04596886928204,246.9956187446688,246.39820053202425,247.3776694139987,246.95437358155792,247.9928473493709,248.33881361719963,247.33408560775328,246.6425503370701,248.1941354385375,246.61109823637514,248.01816678354203,245.97788025321034,247.4285828064978,248.31604192942768,247.66106763940925
263.8406754322891,263.30947661785143,263.84982390992724,264.55033140870813,264.36655855824466,263.93517834835524,263.44820891212186,264.2897209005729,264.18707274143947,264.9952325815435,263.91466325268397,265.3185983673625,263.16524510785854,264.1280394222665,263.57026882220873,264.15569759232005,263.8497149123978,263.9278853289499,264.29939616711687,264.6412682641657
279.7350758782736,279.37658456290956,280.22536999135093,280.25706821685515,280.15033724323195,279.50572620668686,278.9045511572696,279.6209987197866,279.38906824897407,280.6550857917675,279.88519679727506,279.709293583389,278.01696682583287,280.68219037458886,279.6415970163804,281.30142116869325,278.5936017865241,278.93469886611143,281.09652054440306,280.46818489467705
295.20268865704224,293.2368812064517,294.8997950992521,294.6574264588077,294.40756254405466,293.9236278881974,293.75893108907513,293.67714387253454,294.3633283265631,294.0407516170986,293.2675115617572,294.0873379040787,292.86648915571567,294.2830845964054,292.84987449787974,293.47165191994765,293.60382517854424,293.1244152072373,293.2451468936168,294.1857266768559
305.70100997309424,305.8441864424247,306.2518376576854,306.2560908942671,305.84766710499053,306.77180305919103,305.174519609861,306.35342454994617,306.98855594613354,306.7333953872327,305.9864466308098,306.31424378175853,306.2878828570121,307.131439553212,305.55236171556265,307.84220845006524,305.07196035021644,304.51603031119777,306.52656868986935,306.83590551204856
308.8067437963337,308.1308673890136,310.64797696255357,310.6637982820925,309.69356599726285,311.11792439124565,310.6973575815506,310.983405225092,310.4516274948359,311.0365634479365,310.07114318210216,310.26990002852295,309.07045644520906,311.3651026238506,309.714586930685,311.572899708503,310.4996599808298,308.482860348516,310.8328729253451,311.2436256627657
311.5024479040814,310.85034206750424,312.5305658368316,311.05744546891196,311.2772012769462,312.92041069124747,310.3495108919401,312.967960991152,312.2062145682379,313.0568043093192,311.19288532607834,312.14139846329283,311.0839180314525,312.58918574962695,311.3389325538927,312.5485386186039,310.6519973875438,311.56026887641826,312.241960047297,313.280761256121
310.1203829780045,308.84787168561706,309.7116857188508,309.79564273523084,309.07834846137604,310.6197745417422,309.02050124186,310.45421558389717,310.18819815793233,310.67132220835896,309.27379446064174,310.19507874875427,308.24983025876026,309.3440902461325,310.0380804879849,310.5992968632357,309.1071419948069,309.5237951693052,310.1806801542817,310.01648839153785
307.1126376331604,306.8729908345421,307.87457912016424,307.94920149281484,307.55641412123305,308.27707473847795,307.3227430658416,306.5675636039447,307.0134776909851,307.5786341619089,307.2682283838184,308.37115882945034,306.47415504638974,308.35290180954763,306.6933817298163,308.4019472494878,306.64112756864546,306.9056660100518,307.84947087460216,307.8425328608351
302.4140910998188,303.2166715566026,303.56703015873893,302.9391232093709,302.6694729380557,304.252283853693,302.64678134153235,302.7432109054956,303.3512250492273,303.42339331065085,303.7440320417752,303.0478809870048,301.91450580542715,303.5972733093385,302.70953491765886,303.423837277596,302.2232341425083,302.09620900411505,303.69075270526,303.08807218258266
297.35311963565283,295.7575240738504,298.37789588480626,298.2506196620845,297.52058597365175,297.4647084802874,295.99895001297483,297.3088563617788,297.59796255524947,298.49813759583407,297.3804554354402,297.48656041531507,296.1821184769618,298.59850364734154,297.51538563130117,298.2990292042178,297.4702293988568,297.77806292717025,298.9620014041481,298.5037701763264
296.15325971174616,294.6537901334645,296.0794578996335,296.66790179192895,296.3477095449501,296.7749096090387,295.36451817348075,295.35241975251716,296.0183377522303,296.508769763382,296.51151848237726,296.2757611234181,295.0307515376877,296.4637403682506,295.7939437825025,295.9348515965942,294.5026451125638,295.5924545120003,296.70824724870954,295.4919802133507
295.10911509539625,295.5642797817134,294.8797805012705,295.49694918988996,294.66677051431714,295.3549384764376,293.7404393781494,295.4108115547948,295.69698844995577,297.0069960615164,295.2577053654423,294.90603425263953,293.99660271804134,295.4436537161775,294.49250627498105,295.902554917587,294.26468486615045,294.0264305788551,296.1940405954262,295.2837476492518
298.0750882839409,297.7656051965059,299.0429194017827,298.91122702168997,298.3976169019951,298.75190192045125,297.66597955431394,298.2338444470139,298.46860009130194,299.9034856939201,298.8301136991218,298.9113029438696,297.13663967234044,299.1086398160145,297.85147450124947,299.80907324648524,297.3300000127277,297.81816502973965,299.50241922582245,299.77401564522245
300.6419821236759,301.8536137487622,302.337875744616,301.98710863682584,301.7322399557208,301.3877126670068,300.23588649774223,301.7474866074179,301.30732481845223,302.69775046923957,301.87608513319867,301.1707914421563,300.18239881974824,301.76268179733245,301.25127591132144,302.4528356213196,301.69633797742176,300.15110555418204,302.22336018662486,301.78863998453494
307.8123616246153,307.15073543729847,308.49575632492844,307.88890898638164,308.478680650089,309.132505327898,307.7802961462117,308.95032929522887,308.5955244358911,308.4570561120253,307.39551113955514,308.1852495531073,306.77258258724714,309.09532932792035,307.6879316584522,308.94629092781423,307.45395532091067,307.88017614973313,307.7700844416686,308.8495674015905
316.74568024514866,316.6347770111401,316.23050068958855,316.1548870192671,317.8932307873151,316.6485027544025,316.40045944493835,316.31777037712004,316.76380649288706,316.90308260676176,315.9223553043708,316.91817176428816,315.99933779405467,317.6939276016258,316.15179989152386,318.06453223130774,316.22893366326264,316.6844963124474,317.3952254645856,316.6039270996063
328.22877455703355,328.56401794717596,328.493346525006,328.76932052059993,328.5573361734308,329.64207998715665,328.7390813892033,328.74893614184987,329.05998226326113,330.01915266774637,328.1833228193882,329.5297589939496,327.2016543277189,329.5382620195804,328.5108926568504,329.5590317141129,328.3630134977434,328.2890025523402,329.3572183468437,328.65642521403174
338.86007880074345,338.59882752207136,339.09844833187105,339.30754267143504,338.6953912626719,339.86512330154324,337.900083769716,338.83434027780413,338.6148436650661,340.25012133437684,338.874322466598,338.8901258859395,338.0526978124005,339.2439223630305,339.0153385926851,339.84081323935897,338.8071381400957,338.144723995164,339.82510457915157,339.28728406747837
345.2932718042027,343.5034665324809,345.1734693614619,345.65680019606765,344.80290902580185,345.2744631624331,344.27925989553006,344.8114335401772,344.82705508527255,345.4940145004187,345.51308699339637,345.13890128095267,343.8853504317464,344.96448136899954,344.5476422052802,345.1702047785497,343.7993945845089,344.4738714486909,345.283386038335,344.9253638053341
348.56889106452746,346.6969641827203,348.13974279051394,347.8504513109793,348.4824620523314,349.5544575477431,346.98615997923196,348.2361691745657,348.26374517944447,349.6195841831548,348.72320497104033,348.56041184387783,347.4326098861972,348.88525533619185,348.1036896171958,348.6043958704761,347.47412404716016,347.9750391178373,348.5728880372476,348.61326807709855
349.9350726765035,349.20717471023215,349.57476886951997,349.8165297051118,348.75238647732965,349.32389965062,348.0451532467139,348.95577732762837,349.7036973772889,349.98843266720326,349.2575494451783,349.9290111736023,349.02767266111607,350.1425431862235,348.6738185297976,349.91575244849855,348.20810228640823,348.81790319824984,349.85587209958834,350.0727617365726
346.4176663334106,346.39622293678974,347.33688305797125,346.94267230824767,347.09209731934845,346.3970415993566,345.56391853857747,346.9397252776092,347.10145337058447,347.3517508774587,346.23758694728224,346.55347182669885,345.8949162797016,347.21597766653014,346.08398600283397,347.2589502201896,345.64936844920754,346.29656616596156,346.74730372843123,346.87134204808586
340.30709075108626,339.68578451748795,340.85250301517783,340.70743113524173,340.72318105838957,340.9042881495203,339.7686663881325,340.5306440041358,340.8424466500359,341.62916746801613,340.524150768885,340.7634380581497,339.4999726494827,341.18051455455117,340.61751752976704,341.34560744010844,339.58345544517994,339.8755047725444,340.85963878506647,340.4247313544861
335.3373158645723,334.72807843006115,335.6230315348838,336.4282298580373,335.1252336148902,335.61302429763833,334.68328052517865,335.6740467127197,335.83223480628135,336.10877482896336,334.94473422943696,335.8168336828488,333.9081911630563,335.6225181305,333.97860256320155,336.78940253071835,334.09382277075264,334.0406599717739,335.2875577734881,335.51074811571794
334.21601347865726,333.64255777036306,334.0116927591682,333.79762069369644,334.46981598554737,334.4005854791017,333.70681437112603,333.6512642345331,334.2897450176024,334.9843175919424,334.5320511830811,334.3589885432775,333.56301500379016,334.77408547645103,332.5584318404135,334.42652611991133,332.775886360503,334.03561606214936,334.70519975176074,334.74589585113057
337.64313393700314,337.72215812986485,338.35418799579946,338.33258265359484,337.57495618757343,339.0003674711863,337.0356510419566,338.36565782321196,338.2378145993091,339.1994609401149,338.7939514286174,338.5776545085865,337.04850767223735,338.23023715654034,337.63896958989795,338.63758972410403,336.3618877124348,337.5289990589289,338.2041075219969,338.3052556528924
344.5995213011275,345.0421185660983,345.29363798293156,346.0491586913777,346.04107782541746,345.93663298215205,344.6587160554012,345.89853012248443,344.6691302063805,347.02210492081974,345.7334689212149,346.1524375557909,344.9465858627174,345.90931497875124,345.97380677588063,346.20653229314536,345.9960252896626,345.1803832604894,346.4503436946939,346.19410625686567
361.7497992190532,361.2890246901137,362.300431186392,362.82215043656254,362.17539123933386,362.73107712881244,360.7804169214301,361.89057880404727,362.09844207960623,363.0696728817689,363.21497363721966,362.05677386905916,360.95372779273407,362.950471224815,361.85591623244875,362.4282070005656,360.8660269316364,360.9813881862901,362.4815442437316,362.1760500004815
379.9539981062911,379.10956569269183,381.14270086854447,381.1262072655999,379.3708767713012,380.70703599807433,377.9470395718305,379.96207771308985,380.25866118363444,380.64058015426735,379.2849470488758,380.78312729560656,379.02305977522565,380.20774152100523,380.3073773710551,380.35140457697037,379.6731240072786,379.5446348752573,380.0931232290247,380.26264711450557
397.63726037366183,397.87826297674667,398.67493460444575,397.7081307059324,398.0830983042998,398.28225989220516,396.24089558921537,398.17702686126415,397.9808331076782,398.39432195085067,398.1388384925886,397.5577543604177,397.34949072098505,398.5664000475467,397.66156285639505,398.92630998683416,397.39258058087387,397.2595077999217,398.58281089274476,397.7552980856324
414.7129076580171,413.9045815438199,415.41896914137834,414.756712658417,413.63657695104246,413.8331713520931,413.6445923060643,415.13041298624444,413.42936935378214,414.54073495544816,414.55823509571286,415.5475901290573,413.65334410444234,415.28178242168696,413.9869053290472,415.42747918671284,413.8916268047756,413.7941278565218,415.4902625683376,414.35369916096073
427.5323979495711,426.15649570693415,426.6145612780734,427.35842436362867,425.67202887646386,427.22830231032873,425.1037119772685,427.58539674703985,425.2077306316256,427.370603377606,426.2898686448261,427.4392502472126,426.3188862842818,427.98756055278244,425.7948028043506,428.34677469119634,426.9084488484354,426.2909547468803,427.7281199909137,426.41517142952193
431.8855364906375,428.87617759599334,430.59057891904143,430.68989238436535,428.82745532171356,432.3495391958744,428.2128475385589,431.8532108884395,430.6974207322646,432.4720074377978,431.59465769351567,430.5384275913358,429.1900830034969,430.7351528582366,430.8156615035238,433.45745022209803,431.506577377493,431.28118864866263,430.45402271095213,430.400341325357
430.3333106040547,429.28220540200766,430.08647060685433,430.6072520331144,426.65009306206923,431.68441212161105,427.3309864186987,431.0405423346733,429.4345125260139,429.5076058402933,430.4604051060877,429.3460490277622,428.1453627782764,430.37287712507504,429.6332074839366,432.15949246605635,429.34507716143384,429.42234791801343,431.6042643142915,429.6036903200629
422.98998482758026,421.8126217869472,423.98016875098824,423.7327002637888,420.4371891544754,423.91581347910625,421.39482753524425,423.78534892347835,423.4950204285234,423.814836199577,423.13888553167726,422.076305609196,420.7210601036819,422.56390320390796,423.492321925821,425.5010514845588,423.7116172768302,423.30194217801534,424.59951043007754,423.4357327226568
408.9100695465889,408.1756124963788,409.84787975418567,410.62290201980545,407.4639555304431,410.99115888658173,406.97879764696813,411.25422911118636,408.9954284856464,410.95980792550023,408.7516936057787,409.7190372525063,407.9918193464768,409.81428261631254,409.89165208393354,411.53988635041145,409.43647657883184,409.51172920246495,411.3691002775559,410.0177260007587
392.3163209777808,391.7295827046331,393.36038089056814,394.23198183047185,390.36586017570005,393.5533077690341,390.2968736030714,393.14647834891827,392.65131273157914,393.79777163231495,392.78043736743604,392.24960443222096,391.33035669290666,392.5007813548413,392.4376833037731,394.671189019103,393.16373039871905,393.0210041318823,394.44323842638033,392.2403600492164
374.08942150140973,374.15376417130585,375.953493866806,374.50367137375343,372.04397241948686,374.0879673674793,373.25250871006364,375.5799597508984,373.1209896090678,375.1306246920913,372.9512706536379,374.8555959857148,373.7953519229128,374.6142377212245,373.5089905686174,375.2671824455204,373.92602652327344,373.63089440286126,375.5228336529413,374.8075104287306
361.36494720809276,359.73453480176494,362.4325440225313,360.4615030540236,360.238337579826,361.2918042969374,360.39990292626186,361.6928234455958,360.7395977449616,361.5296088967139,359.7326082868914,361.2039628668739,359.5694248067052,361.99605428628246,361.09112256756464,361.8430625655204,359.71097250602884,360.9178852000189,361.32370881856343,360.76802733620184
348.7331757743346,349.3959033784753,349.65989525620773,348.8302955642643,349.2018452411813,349.36567326907414,348.05624186283444,349.4301479925299,349.12160290457155,349.77969188007773,349.31488764629046,349.87819159427244,348.5630532309264,349.88509756299135,349.56126930703,349.6650705894459,348.03501224658487,348.8172473542212,349.39319589390743,349.49950443266437
338.89121744900103,338.9773936019674,339.5563360669594,340.2358419274432,339.2222179363902,340.0146967173771,338.3509411325472,340.4266084792205,338.5422317910991,339.2581156414004,338.77961073227124,340.6315329296393,339.5134227429454,339.83637814435696,339.1960155522307,339.4414991868681,338.3282953169719,339.23350028817407,340.56100516324403,339.545896497649
333.3125522278925,333.68530205461803,333.70255404678613,333.77198762340964,333.0561145490799,333.96946724276575,332.87762168682445,334.23624686517803,332.71644226488604,334.69043027078135,332.97808316714537,334.77163313723247,332.79086947057505,333.0212648636846,333.30246822401756,334.1420169559156,331.5071822206173,333.49052247289137,334.37349024189604,333.5808934246181
328.5943921644795,328.5786979694177,328.94940158765223,329.0676011215703,328.96204247792565,329.6236426408489,327.06590407011316,328.7946863704492,327.760693890363,329.8823414587284,329.2091108089406,328.66235311697795,328.73035659105864,328.05585319757535,328.49073369834446,328.2031910537547,327.4861321875203,326.8305398185352,329.03203668699825,328.9774765176212
320.1376712865458,320.36197674170324,320.99167095590315,321.5009631632062,321.75702600350303,321.17446166416914,319.23928057755995,320.31857464878664,320.71973819860074,322.45911117006864,321.186212757281,321.5680136105765,319.8865020652365,320.57597201564585,320.5714840598944,321.8133445675239,319.43310388235915,320.6617119326202,321.9136596656647,320.4303028331769
311.7643937740426,311.9833045092673,312.5849772647366,312.9202671224516,312.7616172750256,312.0109662064171,311.2677277067065,311.43587494029026,311.5622524599134,313.22526550134,312.3488759280416,312.7764228220479,310.6229608736529,312.80397709655034,312.670644537342,312.73273460305285,310.9148759483317,311.41830219462724,313.16765936156855,312.25876692537844
299.9827236871896,299.7368030406539,300.67065173923595,301.38178127975465,301.6536927699122,300.11300411759066,299.06596962387454,300.6387836399602,299.6017380680139,301.4799359333965,300.8580498505051,300.51570661907687,299.13902635586305,300.975841336515,299.9295944115259,301.0278135585875,299.5082080660276,299.42884700883957,302.2181141737761,300.731446538834
288.40868949401425,287.96066930475376,288.9940018756378,289.31968197432207,288.9304435029974,288.8494593110338,287.7476199627754,289.20908342047267,289.47554021681725,289.8217360110713,289.0073471584433,288.7092126178627,287.54403935411005,289.8910918890824,288.1897622459209,288.97461333469124,287.5928829884997,288.21469367245163,289.5619254120727,288.4919666889928
281.31466074310856,281.8703771119507,282.3654001354605,282.61520249133855,282.3182779614991,282.7348078047667,280.78111539756844,281.8582731902946,281.8301365337126,283.55183996903486,282.5785443237083,281.9334505326895,281.7575176395561,283.6563838713947,281.4447211921921,282.98333567766184,280.50644806381774,281.5140365805227,282.5611572355078,282.0246756222706
274.0122386300498,272.501808168904,274.48750974323866,274.5184225215221,273.5301245044718,273.520945964423,272.0040611659122,273.99157850589745,274.10134483917324,274.18695434695985,273.8744179843044,273.79672886953205,272.9619216392095,274.4338179738935,273.4814507753986,274.3042829345869,272.33527253920147,272.9479072407825,273.9371737268401,273.98481956424956
266.9989895045729,265.3330992368249,266.49062598506583,265.9895109980457,266.25259226445615,267.06798814678245,264.8901018276394,266.24625354693046,266.8485459226218,266.8678138233516,266.8165250764401,266.06043361285487,265.1253706449078,266.83215920039925,265.41126911361675,266.4653889528709,265.00142356011287,265.34635045492854,266.3657916944769,265.81695108541714
263.8212196762049,263.6444220428704,264.5051730401364,264.38197615506203,264.7922388365603,265.2717350190555,262.7723215296303,263.9188367819739,264.3686565326201,265.6941004380439,264.3536946189561,264.2725006199166,263.5483219220295,264.3888623360008,263.9912773831301,264.637940229187,263.4747054639679,263.52139331510733,263.9548008899162,263.4814002172612
263.60392285211265,263.02840657794803,264.156315038972,264.14360829867843,264.03512158506965,262.9638522371639,262.40792239270377,264.58385806521505,263.56831218813034,264.79683738377577,262.51515236975285,263.5975667229339,261.9683644847129,264.16672461905534,263.06492726823546,264.35831703022393,262.63437184293673,262.95798476593677,264.03299216412887,263.89840710507355
263.0239838422661,262.26554824420367,263.0788011699867,263.28358431219874,263.336163446056,261.7648601409416,261.70879790624014,263.62080351261045,262.6567246252585,264.72406222110925,262.99950752560596,263.1388036698058,261.9969714565308,262.89869586808044,263.12288401580156,264.4421641803182,263.4102022340477,261.7422096330484,263.33548167162854,263.2714594251457
259.2038059471581,258.328431355824,259.9585527463195,260.0899894504045,258.9647914773332,259.2207695249154,258.2402441696768,259.16400234393683,259.4610391376016,260.73290869344714,259.1638236239999,260.1575060273806,257.9148982251873,260.4492748805563,258.7379140861239,259.92230978846413,258.58087088648443,258.81542008669226,261.5285572933296,259.11877214779565
251.8822216944879,251.42222947096417,251.1901671788865,252.08239255618992,251.38061456226606,251.56810472073363,251.083511604426,251.32944956517196,251.3097284835708,252.33959396275438,250.71896881620648,252.17045614572055,249.9121762932499,252.45834132737778,251.16226751216027,253.26562555665222,249.83612334248815,250.87324403881718,252.2120245465522,251.8675871280771
245.37056431388294,245.11408406517222,245.54836234750837,246.20087732319408,245.35253954924315,245.0585601498958,245.42075722770088,245.71548542368276,245.51210165830105,245.75161648428337,244.53925566504202,245.75966573355726,243.52342038376773,246.23883923926098,245.82867857178576,247.01260294390855,244.01603328307237,244.82010686267046,246.6418843214599,245.47345483739284
250.7275107468438,249.51262162341257,250.8759091401869,250.5111266294008,250.35345223760558,250.91216376638138,249.0204455979317,250.90486569656304,250.3608527613228,251.3207654342204,250.43377522316453,250.73370264419776,249.44437604763732,250.9148172077721,250.13404575615706,251.47761280656576,247.13160365133925,249.22984464758537,251.0446387988824,251.24329509517588
262.51691035137657,262.25500755925685,263.05853581928903,263.3285497205434,261.52372704999726,261.02496149352254,259.73604565026903,264.6117603907467,263.38848100299083,263.62641812529915,262.1678564669247,262.94435034689167,262.58949741593074,263.10644532888955,263.8015719773326,263.7741699413726,261.4134842426221,262.7724458794187,264.0008457354092,263.13206838828233
284.58568915585664,283.30508320710186,285.27695420524066,284.89903836385486,281.3303146601801,283.6043223890028,283.7621719961138,284.119376856742,283.93813691469154,284.280742663491,282.8383051485166,284.55250157044753,282.4352402360763,285.2211149349322,284.41991694131076,285.18235238984533,283.2560652272546,284.8529244893882,284.62223523466577,283.9335507713316
308.2071445059137,307.17327728816724,309.6162493609047,308.18248129910455,307.8073494994003,308.63640954457446,307.30610280319627,308.0238874512357,307.7301438515521,309.9621210795987,306.7039685492367,308.98701143281204,306.1042797440748,309.72996268291126,308.4872164659256,309.55613385785,309.1820768266977,307.9019462263275,308.93179899936587,308.6601207710515
337.0054169678781,336.3029633194193,337.25070315527745,336.78633043939084,335.7912969956669,337.39120465538093,335.69371114872433,336.83585287870875,336.391521767997,338.90060165276367,336.077386379079,336.5481261665899,335.5715282301867,337.0979404765592,337.4001379996028,337.72936934762606,336.0504953942985,337.45006621254817,338.5487424728455,337.03846069431825
368.2142235880194,367.4879235043273,368.95771421225334,367.0235973059659,368.2102565226892,369.59709512779244,367.1791041024268,367.7225609501893,368.30247915612256,370.0990444290918,366.0827890495703,367.71265363917354,366.80000841351625,367.75085187542106,367.4951137170258,368.19065622647554,367.20304314630005,366.6216829412517,368.87074576440676,367.1574077103387
393.4217335597762,392.4065097826239,392.50739480540057,392.3363571853151,392.4980507082003,392.84013861437,392.2821305666102,391.6741896717159,393.086615664101,394.08533246221725,392.50381880102486,391.03105018146545,392.2135449178348,392.9074001463579,391.7678995005333,392.23657381212894,391.4398488208033,391.71266816939476,392.72708841833105,392.14629995154763
412.69514711997004,411.7515138715948,412.1743591221913,411.92359266858716,411.86764729944616,411.84887173248063,410.7705987249256,412.1493684093767,411.98155366467034,412.76201073228884,412.9574123381693,410.6803991359262,411.83780886951234,412.6997357472525,411.1227996443698,410.48173790577243,411.34310840638483,411.2797096036008,412.03712009016107,410.6536778934858
422.56835754357206,422.9393067695791,422.9552393172361,422.92055962868415,423.3089823844093,424.7617942027943,421.8686215961781,422.82876581129904,423.5133684589743,424.21640990976977,423.1605502354947,422.23463874502653,422.4108437796827,422.34301406943774,421.97321331998825,422.18366668169404,422.3022029405844,421.75306625348185,423.5188754673049,422.44605075935493
420.4514506336993,421.04296535106135,421.84830784185675,421.43470751179797,420.85016695375225,421.9781239036843,419.71978878176776,421.5689188941261,421.36700232797523,422.13398302580146,420.6974297219588,420.92173948161036,419.76948468035584,420.3350335427294,420.3508146659823,420.7174825455713,419.91847596703616,420.27569897556236,421.41209001005984,420.58256104579976
410.7211002377981,409.99513658137585,411.3753098286286,411.8356556260897,411.2677276235993,412.07704240924147,409.62135793609923,410.86747195255845,411.2734320764749,411.61316291428085,410.17053425454657,409.32509170343246,409.65377735745716,410.46646234382507,411.26528383013476,410.26590560508134,409.47674445576416,409.5143671836711,411.5061224585949,410.3369422953062
389.54873911519803,390.6954481889265,391.34355500202565,390.3735995827727,392.0317906894934,391.5550495297929,389.6777480203587,389.8521661379662,391.0194372965395,390.30713157866586,389.3618393156594,389.0609883896161,388.23424285766777,390.0580559401113,390.67633084122974,388.4282337490184,387.5607003422443,390.0910064200449,390.84969387941834,388.9304796486371
368.77778988099067,372.01557662632274,371.9177599715966,370.74489069784,373.08046952303823,371.3434229820398,370.3855647670291,371.23438873797977,369.5948033665531,370.95531652294636,371.9329284431546,371.5244601712702,369.12147431514916,371.152584248066,370.2244049385989,371.04182726409414,368.59906359226505,370.2659574513335,372.55029473551014,369.818015899364
342.1247642646365,342.63831842429585,342.62655441077015,343.7623083431495,343.7012865659094,344.7359275563536,341.9757801360612,344.00622679638525,342.9855605630979,344.493733180824,342.163879656864,345.26181497885733,341.4769918951926,344.97778447324845,343.2535494648492,344.2989393136857,341.5416394343355,341.67390099857477,343.6710662513916,344.4845815964887
313.33234435793787,313.63689688785354,313.8409732411724,314.1163941573194,314.76153694453006,314.2621449201675,312.6366509115866,314.7812680402483,313.2048039681193,314.30915868109423,313.59116810750453,314.0458159228632,312.893909627806,313.2315963129985,313.3647638289856,314.34814829314394,310.7835341124709,312.8991375655305,313.08411671666835,316.20330598965006
281.8448827798584,282.6590935165134,282.94562806096513,283.6875890095033,283.3516533006494,282.66170650406485,282.48697458945645,282.2019139069832,283.36376221348036,284.0301726800705,282.7273106558248,284.32579549556954,282.4512811432758,283.6333959712055,282.76133688270545,284.1535158437096,281.81059269760294,281.39601072404304,283.6004197557781,284.1844320422972
262.6473539526031,263.4306876290732,265.47003499598355,263.45416599007405,263.4107581133996,265.7665144266618,261.46454317633163,263.19491514481365,262.8703710533512,263.9827266500262,263.07944918665453,263.41167768052884,262.73469725178376,263.79164755192613,262.80891271194554,264.59856271584107,262.62526267780123,262.5622101807827,263.74160442881515,263.43493151041054
255.48117724319613,256.38797614798943,255.84421167520676,257.23067827580314,258.40487359406274,256.6302723547404,255.1633580147895,256.79651466156463,257.2105478502472,257.3441023498615,255.99111597798154,258.0090376852327,256.0638525273903,257.18984441866866,256.08968719824026,257.26857104338507,255.300907653893,255.65508986753693,257.6931988095754,257.47700609710336
255.0188964783214,252.64271317821132,254.31434080404736,255.02106776090878,254.464587197885,254.18542300494497,251.68651325997746,253.70644387361725,254.4403931583812,255.49641796286684,254.05470929895884,254.25798144272798,253.116996464411,254.12995010325784,253.3528209542936,255.35154303353252,253.33450781641844,253.95595173068503,255.89957249562386,256.0132981304882
264.20445930750157,264.2793581948332,264.8074847295652,264.89467043316455,265.5618879122809,264.20796740354956,264.41499882516155,264.7539766649682,264.5198943670399,265.17751353219484,265.5660560277806,265.50765541201275,262.8903064074039,265.33901776919697,264.4711500531479,264.2829110516008,263.29817126338077,264.25673542545456,264.8725170970762,263.9232613655373
282.28067524872466,281.1767572478912,282.44993786705317,282.4234346072953,282.10013178977994,282.68757371204254,281.4710542626362,282.4367718010362,282.20723550156833,282.85181165409233,282.65263155410094,282.7730923795735,281.22201769177406,282.4331703009028,281.5010089099086,282.1695207767587,280.8978474925484,282.38557017956384,282.5294233437517,283.3082274001237
304.6677324467758,303.6499402370351,305.1597561831369,305.3737540965243,304.7098890295573,304.4516615726239,304.7475362561328,304.9195439815693,304.8226635763931,306.146229559653,304.8287636450113,305.3158097120347,304.7729206690788,306.49176974568206,303.91048397823914,305.175969201167,303.7645871067994,304.495784555437,304.925260599927,306.586574061399
323.2029314646008,323.1377868470429,324.0704577761601,323.7306866979753,322.8949493506108,323.20039776262945,321.62993295990424,322.08027167393357,322.63859170766625,324.828522584142,322.83552853560224,324.79583198342453,322.40437902723363,323.6322700593151,321.97125846047436,323.46453170532607,321.711839506659,323.2863354120478,323.74475177127835,323.2340304243502
335.75281784675445,336.07184854942,336.30907743177124,337.5250735400829,336.87256994403793,336.3695232274655,335.85197046748925,336.514139337194,337.5393983654886,337.615565011843,336.1494857009257,336.9187458886374,334.93293451701453,336.78575545252454,335.9863497704251,337.2426395972246,335.31819166222067,335.3994851586633,337.4171215416686,336.80438759207533
342.09502493729326,342.41401564657184,343.5668833001897,344.87818942743803,344.5597216429911,343.68403353594846,342.1645540043232,343.3435720678165,343.27109519329946,344.00340188880494,344.1120624839946,343.81672518407873,342.8034370995302,344.32092966908607,343.15090917725894,343.6710226185758,341.9227974571108,341.4413390403725,344.71093742463813,343.9122697704512
343.34496800260075,343.54125290295497,343.78905501838386,343.1543812275783,344.09296213957657,344.2989628398845,342.51869239047284,343.6818691954679,344.043015843127,344.9066672503614,344.26355803826283,343.90797153645724,342.4550843226838,344.00587483485185,343.3867593542874,343.8634176750246,342.50110171779863,343.6412262475421,343.88987312177636,343.0460577879669
336.54600783124584,337.24149018918877,337.82691831102414,337.2995725191719,337.2617032144019,336.6899916727095,335.025500848806,337.3370701178609,337.24841412671196,338.3844012950308,336.08847945751586,336.57038161899163,336.4996775521053,338.27615878808393,336.86839664905676,337.751999193076,336.06174657711193,336.62535738604464,337.7579740946605,337.7849697310646
323.6807092095207,322.8823000497792,324.17140859262946,323.78550103141345,323.55784725766046,324.65888586410273,322.63183772584847,324.33401053411643,323.87035729751386,324.7832025407898,323.7204106679687,325.1519013835518,322.71888756485157,324.90576519426276,323.98476004019835,324.3422481528043,323.16676694284706,323.252819430358,323.75641169704977,323.0030663254916
315.7444224908536,315.43458380049657,315.47111034744717,315.4118563154214,315.2405837725657,314.77874943427656,313.670942843033,316.1887465523318,315.49844998957064,316.2242875220031,314.5469965800174,315.2733665244167,314.8773540974209,316.14668326304337,315.0834671975845,316.2743651050443,314.3008271585679,315.3699110272668,315.6855938200671,315.42115855221306
305.4049041532894,305.56025570015015,306.7559528589637,306.97655626317305,306.48454412780103,305.3125043437142,305.7613360648858,305.87153639354807,304.73078684680416,306.17425372555783,305.49784090110467,306.14202771882725,304.8390224161331,306.1056787992134,306.4064651825588,307.8044300050556,304.58546578023754,304.5449913552193,305.4013952425886,305.7568598783603
301.8886688918847,301.7083580585945,302.8814534837946,302.1465627199408,302.4357891767435,302.4491178158101,302.03665134948216,301.37466108336855,301.348613229877,303.6308413603207,302.47740150203305,302.24928970991414,301.633903263033,301.7296858132279,302.13098480260606,303.99807216530877,302.3468714304114,301.9564513423728,302.9594828970393,303.16235289631754
300.3702796436684,300.9371085967559,301.92865379439996,301.81358044741614,301.770052471406,301.88403214317833,301.4196047491395,300.8964993298484,301.8181427868456,303.506565787158,301.2195443968058,301.89814671982975,301.31817839959785,301.76462251419406,300.8562851159779,303.4699815733297,300.87006570441713,300.0303555277908,301.8182878971697,302.1077908758651
303.61496244061516,303.56117856172017,305.4598655433808,305.2700749251305,304.5700635319903,305.023776555421,304.38180840480516,304.98649677070557,303.94339096249564,305.4363026362351,304.482485979521,305.03310831637845,304.4017588220956,305.1352521200084,303.98758320510353,305.113552699295,303.2628707020826,303.56015329098847,305.4348526352649,305.2453612345177
306.00570916741884,306.4632918697012,307.8460441096905,306.6975461372119,307.19729592680153,306.7799242237387,305.8084621321566,306.0268573375262,306.5869247523733,307.7373170606433,306.37754093925906,306.38780153241345,306.3058167617006,307.23391832707756,306.3740295673386,307.0955968751632,306.04735331665927,305.8174978305006,307.8935563067152,307.02044902952315
310.9564295593285,311.5843740513157,311.84444047583924,312.13118306968283,310.6632674577515,311.4692134042555,310.68625861082444,311.70120757261515,312.0489902768491,312.62043882923683,312.3621891110509,312.1885348117973,310.7260074052242,311.9943311157541,311.0628055175181,311.7043629182059,310.66206244398586,310.60534327005047,311.62026203407146,311.34620128411865
316.60438855764284,316.26663731934025,317.03495878913674,317.2558319437823,316.84458232809357,316.2268486884928,315.80688382111293,316.5135021621252,316.0810729340018,317.182112902717,316.02563107211245,317.3980897763582,314.9464310628165,317.2811959340445,315.4946755742862,317.2326493930896,315.06546825650537,314.8511119610317,316.7971720909773,316.16390345066077
318.5816505499466,317.42678068292236,318.443686440096,318.74607545523645,318.2675434036855,319.37324530539377,318.358235213704,317.62449928048653,318.2062082326079,319.0465530298648,318.07070944334373,318.54958749475696,317.2088293431537,318.2633895530854,317.68228028037726,319.27060771443587,317.1774693161886,317.2242777395076,319.1930123328363,317.75194225360406
315.84601893147413,314.62194338256296,316.3799722566406,316.4463559790184,316.03552637509785,316.7119673727774,314.56543769216785,316.3760194353028,315.18273612426407,315.5076458899272,315.6601766507497,315.7513630715995,315.7290500241003,316.38930023615893,315.83323198030746,316.9063970194841,314.91763881157004,315.33067889813924,316.0213492381986,316.19320507324835
310.4106478698205,308.7925746552838,309.7543895171255,309.97073385920135,310.3700006069339,311.1602379748303,309.43970839823834,310.4813397750977,309.94131803825053,311.05800420455404,311.083092882086,309.97552273224187,309.49632740202526,310.19869971751615,311.30391758762096,311.04475356792005,309.7798609033729,309.04063532690606,310.9480644050378,310.41154587630496
297.3169829650925,296.32729729573884,298.1188506827579,299.0898538952556,297.73232771000323,298.2192569702108,296.14141546250914,298.6230866271198,298.5561215425646,298.8510845367516,297.88529183510997,297.9803332012945,296.5789193934701,297.5133092534914,298.18180480331756,298.8790277915154,297.9480380429313,297.4960936505618,297.88286312107476,297.3254475062482
279.89809965783076,279.8655606648313,280.9918019165488,280.8142373206223,280.00608689527945,280.7457219193277,279.1841810983165,280.9677185972167,279.98770387963685,281.17392656351973,279.915197868882,280.3987225779474,279.32890916627633,280.61431704943993,279.9170768131315,281.7569857642138,278.9367778830615,280.4881393199019,280.80785484272724,280.68966135196393
258.57118884695103,259.20742260644124,260.5710310352912,261.41261107986077,259.0277606034229,260.3495579575191,258.77498308817883,259.64113262735947,260.24062403956395,260.47048433707306,259.76316418349404,259.7319272370172,259.7081232028062,261.05504203691873,259.44681366612457,260.35087306625707,259.34430798503263,258.68845009540485,260.05377093564977,260.3062027380263
239.17278369448053,238.631017778778,240.32044584864687,240.0561900625767,238.51714093825356,240.23523940109453,238.09704033132604,239.17752600659261,239.21736126633493,239.05356615532529,239.3070983704225,240.15591285565307,238.83779252525554,240.39181302467853,239.159695511326,240.5675142114897,238.1833647189844,238.33473684444806,239.69954562067926,239.50670944892647
225.7735788581625,224.52793470131684,226.36524937806186,225.15717882787865,225.3215873323933,227.3755116907638,224.326216651529,225.3241545369386,224.2982670236553,226.5508906984096,224.74306521353734,224.75891250159674,225.02640661105912,224.82110939718558,225.55435603397734,225.3220748876454,223.2877867153168,224.42213097249424,224.72073231524303,225.4867190464037
223.79159683081235,222.5624284039098,222.48714369853028,222.17240703716269,222.20223037101303,223.6119664802895,220.47304047647881,223.45003547877573,222.28389547953094,224.12682935501604,222.58132172283766,222.13836137764042,221.48304238892223,223.2432953009175,222.42982661490043,222.29655024027016,220.961645622293,222.29664273738172,222.86130396740546,223.0341280557523
230.39853595615025,229.96146327775975,230.05958936323225,230.31233939440372,230.54792476815655,231.92741637279266,228.79818854182088,231.3389162604419,231.32541929586094,232.95533018209463,231.040979166918,231.71787944049328,229.35042878091423,231.42601458781013,230.15647729063443,231.38939391919706,229.53263125953967,229.62486993618174,230.86265378194292,231.01264964563495
245.86125186336182,245.60504944594337,247.6221125737855,246.92318377881347,244.80220183023968,247.1853959716091,244.1809596896245,245.97258197095672,245.38233624951246,247.53456746084376,246.31941200527442,246.4251101558375,244.7389486599362,246.6803176361592,245.10289488875503,247.64515991029617,245.9509299488486,246.08685362518483,246.73163721309854,246.49786444179313
270.73375139633487,270.69541393273516,271.399036076955,272.0016973222999,271.50505871523706,271.2066880504496,270.83717108812135,270.5593778734184,271.6250161926076,272.81150317766236,271.21254227935276,272.2006025740566,270.3412855780292,271.92848379137575,270.80971618641524,270.97057289307514,270.10096280917406,271.0192698345499,271.15129654142487,271.714795305497
297.64341246501937,297.05041301484295,297.608867110907,298.11786171579087,297.5636300005683,297.84318939283844,297.0431180978295,297.68593296238015,297.94886556563785,298.13579074551643,297.1197221758298,297.6852669012141,297.3299062041977,298.4073136515027,297.94077866665975,298.5919892640236,295.8292637252745,296.8703819253761,297.9911718312932,297.53491306028195
320.6076622810527,318.4629431002454,319.9600133821301,320.22958997663653,319.04759327341026,320.13441291118005,319.0384312952689,320.105607568965,319.3778473157545,319.9164604637298,319.41538929207366,320.6630177932415,319.6330663053304,320.4311246625106,319.04979071799784,320.45211158555963,318.34657878790887,320.0603914387155,320.2424724520295,319.5106629254858
331.03642208894854,330.56181904592665,332.2143409774427,332.46674852850975,331.72980481615326,331.25412952064306,331.4233985660591,332.38364524459774,330.95291127932484,331.76801338579503,331.4519641738933,331.0134601548266,329.7795674452987,331.5962282823578,331.4278440212821,331.0525000840218,331.4379194263849,330.6879023460293,332.0772420256321,332.4470326148396
333.5690287226685,334.0232508529483,335.9464911248686,335.00117459971233,335.3043386599171,335.384437535086,333.9169805894974,335.81049677111554,334.6356587420883,336.33984784797576,334.159442637581,335.66145861460797,333.25011867461615,335.8511721084602,335.0235040941328,334.969280415289,333.592374765872,334.2554903520335,335.517836456698,336.03950079991375
326.3851377078459,326.89579503901933,328.6263360955686,328.516724277478,328.4676576156487,327.8795209989345,326.7316138870666,328.6815120542812,328.71055030518903,328.01803802734923,327.22486884905095,328.75082093369406,326.0133510679798,328.45826783408586,328.44117554915266,328.64680699816165,325.91037071061686,326.9726670213162,327.38456057134226,328.20540130409034
311.42319011898695,309.12121713368487,312.02048887393977,311.16843967528587,310.97722323719904,311.805314801626,309.9881864048976,311.9890201885975,310.85389208126327,311.825543362177,310.46295188773286,311.0123205212735,310.808555941534,311.730349621413,310.95577587575,311.21255208330086,309.6759802768865,310.97624847499327,311.8271281507348,311.7839955662012
285.051931038165,284.33218259493225,286.23838377326587,285.8407230180945,284.39126216458357,284.7673640573204,284.57253652464465,285.59515883836883,285.3297760725929,285.8232434286267,283.62848135914123,285.62971847657616,283.5740870658441,285.3082682712667,284.0858937447048,285.636290491818,283.1404414030078,284.4169954848763,284.9412502514655,284.20757179772056
256.98798683880267,257.0042273243856,256.4338634509757,255.6082676374678,256.7699441999924,256.49556884919303,255.78504459520448,257.77619158571116,258.0946472255999,258.3287883338468,256.7196813372887,258.13126292439904,257.4919944954998,257.0977327173365,257.5376597743635,257.61315485781444,257.53702282038796,255.53815889382534,257.71356774219873,257.96936484506455
232.29542800900126,231.53035863143816,233.13828489338914,233.71210713789498,233.54818325055774,233.31015018060143,233.07684741951172,233.12312148222006,233.35114138311667,233.26038550916758,233.10034897088732,233.61785895003152,231.48874483991224,232.70308773592868,232.2835692623312,234.01847611752902,231.60844116985535,230.27835643351614,232.40523169724824,232.50176811426385
213.40509134721714,211.5828476825812,214.07371944305618,214.17335287617854,213.58658294557748,212.93229671789905,213.78650332381295,213.18851851885074,212.47750814576676,214.02281430381845,213.4703217848494,212.58248782916777,212.22822653711856,214.20393752711772,212.90504768627858,213.97924844674623,212.42353811689262,212.79688139398124,213.6545877172338,213.85700061677116
202.20843482711464,202.37144357611805,203.56887390336237,202.99223509118914,202.26477320919608,203.26300453624484,201.46769734877213,201.1034982922568,201.0622135966271,202.5436575238531,202.24669546589612,201.15376006547191,201.41623749662256,203.27241823287392,202.35409668029476,203.35495152745494,202.5722073510537,202.4808196473517,202.26248775817388,202.92255260727794
205.58617423867724,204.87871710143963,205.3739332436164,205.47124137380592,205.60005148842657,204.90983395890044,205.32660733265251,204.64447027295188,203.6802320241815,205.44972220304894,203.70770897869204,204.98082909453953,203.72646227779356,206.03502302146234,204.17381875107415,206.314684973777,204.84767261713452,204.1440441270593,205.26187344822404,204.9476307006497
213.57813679719777,212.1285649172172,213.75969154058666,213.5115994857054,212.81629688870066,212.34612148677422,212.1890766560403,213.2348854918573,213.31456153291558,213.9717659373587,212.52005977258435,212.5026426191841,212.03007535443314,212.79779119062016,212.36548569504347,213.7872094434951,211.880998966826,211.360946035948,213.9207212689538,213.19323221132666
219.72335455105537,219.74174215472507,221.26564873865811,220.40869814198015,219.86194562551887,220.0209260541001,219.46008458286497,220.09717950965555,220.12973184194047,220.43297828975054,219.46362001611558,219.93677950149763,218.05555221692646,220.11539505515654,218.93406629952167,219.98827363467453,220.1217314852792,219.50270890717007,219.96964283269324,219.8724275802548
227.30184865406915,227.6570479817061,228.09180979928436,227.7915906069316,228.68198411690483,228.3134606844368,226.88286130633088,228.25207146918797,227.10340505815373,228.37456346298603,227.56236927724203,227.95813469326268,226.94011379604916,228.40574875756346,228.16920470291478,229.28609431815178,228.00225445104914,226.68385803733293,228.1278972084113,228.4468239911345
231.51730088873518,231.37288924596737,232.2384159650213,232.63721416618836,232.21405305257258,232.46035142035723,231.08283506535724,231.71819854834595,232.5786739446239,232.444299177526,231.55677605928815,233.2048986637302,231.06823307810097,232.3520574989624,231.322751420121,232.57699933041005,231.48452239305365,231.130097461597,231.37717072178654,232.45402088066442
233.58586931953343,232.20843171730212,233.06461904440386,232.89374511531443,233.19020499036927,232.83462379058986,232.33469936661024,233.6771506962921,233.63898513806663,234.37503499268604,232.39936333742193,233.24697681948103,231.54822874742322,233.0783729598166,232.91565660131226,234.92913825340963,232.19616968697224,231.0335561209872,233.1306788322649,233.19527463905476
227.64193899185028,227.23362219716057,228.69007545948685,228.50317854019113,228.16557816008188,228.12022195456265,227.56186301704994,227.95811845349567,228.8372454653767,229.40492386661944,227.35516486349815,227.3060908689115,226.81144660875,228.05172559565364,226.5391492188514,228.47054761291267,227.0176173081548,226.14954020653963,228.06366156553474,228.61719252354928
219.5838762749573,219.52073092106434,220.01831928604815,220.14886469595425,220.2518856032966,219.92408181163182,218.5156078694789,219.99457321326275,219.297778370027,220.1037334642458,220.30919848611197,219.1570688037315,218.71451797813938,219.93226863505328,217.594543976291,220.54450124156617,218.49101183837118,218.2332854974491,220.4904960354993,220.00955607475484
210.43728278639296,210.73232309976177,211.49667741377914,211.68326025656378,210.71151986743325,212.23498614719728,209.61812902294145,212.55765248768608,211.50192079151083,211.3499336750907,211.4395287688359,210.55988409222033,210.49501456302474,212.45933942422326,210.617445208316,212.4955261871637,209.41624255919615,210.2037476620098,211.71386591789263,211.7461631926469
198.28043724311715,197.62935570763295,199.11504329474806,198.38314500917542,197.95200669504513,198.33383005941369,197.3456833433679,198.02469531457464,197.9565251246915,199.24064791652665,197.14096160810377,197.78891100427506,196.74895344623098,198.78045780586086,197.5673347109841,198.60131991486827,196.85865452613416,197.12061114116307,199.11277466358075,198.5626537145547
187.6408480382581,187.87722764383315,188.8002183012186,187.9568955134632,188.01262777912578,188.28331710566104,187.41681190226956,188.39973620248315,188.77930689402282,189.39448043888794,187.89795165800493,188.24876053446016,187.16251667366848,188.77712922776735,187.3299631823004,189.29629001098,186.99848312837037,187.91444488518258,188.83423798991245,188.48152486819745
178.48204092278942,178.001926789658,178.94921367604303,178.59966576983294,178.39311442283022,178.23770577502475,177.60394725583373,179.03012849858567,178.40789007558288,179.30639550983085,177.97389003324741,178.622715276119,177.5623592046742,179.77291434594352,177.70623829250644,179.11006857709205,177.56190025258098,177.64586572155926,179.71841242575803,178.77417107002603
175.1965446827013,173.88663701559128,175.633695853244,175.1944921193551,175.07570221988323,175.93481916951285,174.30151659572323,175.6800641136336,176.10750303093263,176.17245315930367,175.4078013253152,174.93975235771674,174.9534757255488,176.34690826247925,174.94116012247542,176.20919269411877,174.60537081419355,174.4382084183172,175.97319712179325,175.37449369570433
176.4821668385431,175.3461133636441,176.91451930735775,176.4075402673617,175.85029044053812,176.62661210593734,174.92633333733573,176.83381901257437,176.78368621675565,176.85569845168658,176.38516140976233,176.00435677756528,175.78266196169906,176.75305872333388,175.78570636483786,177.12837016389273,175.37232908859656,175.11107438457583,177.2594273384158,176.6578931184575
179.68586806050376,179.7150377401613,180.2207247248222,180.70462279367794,179.9256052350905,180.06354232331174,178.45326638980018,179.739150707968,179.5524293962764,180.84462413700734,179.9641216105476,180.1009345080049,179.5282938216972,180.64438233185814,180.23550786059502,180.69619044531663,179.64362522243346,179.39081567098856,180.73841014896354,179.9129565594452
186.5731150068085,187.033781994432,187.42463881807006,187.0685628281725,186.9900684155918,187.2535990027966,185.66095221459577,186.8194701347612,187.55507944900586,188.0713853837813,186.27930100263512,187.39144776951605,186.00978382290117,187.45290715244622,185.9448969717562,186.2200306281368,186.0756019867145,185.99193796058987,187.0149659720421,187.24057453679683
195.2647786932984,194.16194696045198,195.23461935424965,195.3924619933394,195.45741879328807,194.85960306492717,194.8737031999876,195.8849597825677,195.43374084888438,196.38407881638946,195.5090165174229,195.484606481428,194.495574353142,195.62386231250352,193.77176196923992,196.38251014448815,194.44196273612982,193.92987626192092,195.9183577674423,195.3531404699132
198.87642036726885,197.89187247041707,198.83049896682738,199.94566033825234,199.43043396216294,199.2114504612954,197.72569202451103,199.86134077672918,198.69725658750352,199.9130101291552,198.19736758880285,199.17304713422538,197.56125040302658,199.33100191113482,198.66695923012696,200.08853087439417,198.46027256275025,198.8050808508137,199.8559634238235,200.3761521862874
196.2136241056803,194.79393711215454,196.23172750288867,195.86456923985943,195.53828479760512,196.3349396259305,195.0413784401117,196.0545927713544,195.62371672048013,196.7005152241346,196.264564771877,196.42024086552706,195.0971848149572,196.24074643125346,194.98700577871264,196.16185666892576,194.67929927082415,194.9705851885685,196.71408630317669,196.32531324844166
183.44368243199517,183.10696011296017,183.81619291120995,184.10328824907853,183.485955394462,183.4672255031022,182.36330439310808,184.3588218854891,183.91998176344742,184.85326637493122,182.97945357599917,183.95754501521887,182.68118465901998,184.4649746621849,183.7370377739417,184.22103843644004,183.12777816508654,183.4611077531625,184.55876691336613,183.82098878424014
171.30362659279396,170.467550301539,171.55647972560166,171.9730810525845,171.4281153812568,171.4547354654399,169.72507254034144,171.00972433010298,172.02325211911327,172.3943940109243,171.28343183502733,171.995748197607,169.55735788602914,172.37913675555203,170.91428415682398,172.40517423527552,169.52707677841207,171.07809141349915,171.90620720826732,171.93572942091077
156.72236563995253,155.57926375037056,157.79656920757412,156.0919150456273,156.68955389059505,157.07903596000014,155.6171905679875,156.25725511688444,156.86898917808966,156.94486296911057,156.85619731456913,155.7319722193705,154.5948256736933,157.7414511295691,156.05228868112465,157.1553682952789,155.32484584142153,156.24590247166597,158.00048193026777,156.87170153218563
147.64665583401253,146.5845973642213,148.63749624070468,147.9880142473402,147.79900367633087,148.14021018955762,146.89498592019808,148.75219452488673,147.8847080675753,148.57852717120312,146.92730816381172,148.34950540460926,147.22178271248458,148.55486158124074,147.55686938091816,147.87304221350774,147.60730987016444,146.44298105761538,148.0946510773118,148.8906920950724
144.08169617330896,144.15293099664353,144.08618700877173,145.06738421782558,144.7246521711698,144.61475064704524,143.40246092725587,144.829265138611,145.07295470599718,144.68085929816615,143.6414236253946,143.76977778506483,143.85594876191797,144.08885982595956,143.7519870416093,145.11835835743074,142.7672700639036,142.72467609423575,145.23250124584393,145.0075940597563
145.21109690463626,144.89780904205108,146.12443074443243,145.85856476872357,144.65603329630844,145.29444422609646,144.05151307467077,145.72174930551162,145.08526174767752,146.50799444272965,143.71203730283108,145.11670419620378,145.08950006693303,145.63671974132475,143.70072872257543,146.36931838930394,144.6487480375117,144.9215836284799,146.0764979223969,145.6444776763119
154.60793140920092,153.8157075505476,153.47798670729173,154.99005255673703,154.35565531972497,155.14298524116478,153.7689045509173,154.22681794645388,154.34954479468348,154.8093659288084,153.85026834273944,154.41168088952125,153.02974714151276,154.3063283270478,153.57480533204003,155.76799060435334,153.59103851619201,154.60374731643088,155.25229513341048,155.19720915971286
169.48861355235408,168.61234873027843,169.62706482804182,169.66229434349765,169.1719640329341,168.5374759814857,168.7431809488345,168.84931210975296,168.9056192363821,170.15469759704908,168.9771227958135,168.99912424714603,168.45468764483027,169.5178333840863,169.76299629586748,168.78347407977964,167.87250279539205,167.80336122392256,169.37698291958574,168.7573734850186
186.55207581079824,186.35077757282096,187.6087474420963,187.55010702739543,187.17921123350956,186.7266200274418,186.07502069429393,186.7455887265874,186.46686829833078,187.48252150498735,186.5863614529804,188.12283377105865,185.37151202779714,186.474843749352,186.837706473303,188.01466109902822,185.8621642598751,186.55124138517306,187.2405446342978,187.36311883921593
200.90478717297336,201.02363896022152,200.92273596601513,201.93784508844863,201.72724809476344,201.7239575766922,201.13049827772448,200.50753832829722,201.68503171048604,202.32196065168105,199.94116778848164,200.6702030011199,199.983033716074,201.8693747256831,201.17989510863754,202.33860502576835,200.41135779826342,200.88822707225597,201.57581033312565,201.79359284351017
211.6303468465941,210.78337074424158,210.78490718111806,211.29921823810506,211.2429603784395,212.5720435481872,210.12263697434295,210.93168768430564,211.61525010539702,212.59785231327103,211.3903070340248,212.31408802096198,210.25548846121004,211.97845463001534,210.93592831517134,211.59467930692855,210.07868432029636,211.506166027293,211.611610705525,211.48620461641892
214.0103790365978,214.0057393324383,214.47917736610418,215.74677921965824,215.28542512344256,215.49071823977698,215.01274038046077,214.65326285560786,215.1224616410728,216.33530201024837,215.38769500377742,215.3937388155571,213.60018055463763,215.1865181237134,215.0823782530424,214.74512919327017,213.53826295492317,214.22134289833286,215.490837416746,215.05330639158066
207.76152543725277,207.03155528951993,208.4311296416158,209.40669714596717,208.594076408135,208.63999967488405,208.22549780034254,208.96071013272757,208.42924314772563,208.90617790724164,208.42500922417528,208.87107012772827,207.42264861858038,208.9043063241337,208.14731608473195,208.96694384499102,207.73649020681898,208.0947709649801,208.8588242241214,208.37055100545803
193.7718405491198,192.8599986984106,194.03796059249194,194.39990226233488,194.4338789039887,194.42811519171298,192.5806907402471,193.86348001260123,193.75685432631332,194.30292801869217,193.35465365615866,194.47390701323573,192.98516765270463,193.85382084452132,193.81464928208337,194.84301272989256,193.1660710766865,194.25535770976566,193.69932314644115,194.28922169652657
172.64861819743854,172.3560337132543,173.28844957794774,173.33590784280705,173.30636859690833,174.15036129944264,171.72790645291113,173.6163419818153,172.9108817193683,173.55040914562733,173.51730554473363,173.90028128306662,172.34518942839875,174.1168970444332,172.4683317488188,173.28173125825066,172.15578206374806,173.11063621519594,173.7218796371008,174.10044598359937
153.8582214658078,152.27575794315555,153.03307845911948,153.35002310803745,152.9280369198357,153.47502487663522,152.6167130506934,153.1095807138034,153.66262475105407,154.06915296148279,152.74210017203882,153.5707176019716,152.3567531761012,153.90868596278182,152.8247121939116,153.69969003357113,153.2766815693384,152.60746931817263,153.91115755538627,153.26969247230463
133.14199237499147,132.26288820096156,133.4112100774255,133.1056816481631,133.62786103133266,133.17216487904017,132.6307466678539,133.31899008338198,132.9242240461076,133.66018936049997,133.41348009772835,134.14959793618254,132.54818255435177,133.81563657915981,133.1403337022295,134.23667627795504,132.38761356978264,131.4997952514434,133.63380767603965,133.10621418172903
122.76407978858197,120.62212751689925,122.83362114957049,123.03053241305754,122.4160282459137,122.37627360492148,121.30703279575656,122.55480265908338,121.56359943848189,122.8125912299565,121.74410251167748,122.20627893494843,121.7120542503417,121.52536132697718,121.15248528448659,123.25098622543675,121.40303008482894,121.88673614091705,123.12763854295822,122.87617127249577
121.18302025661077,119.67102026386817,120.97944275797883,121.09547357312123,119.86180331850247,120.53949805275845,118.42764728221012,119.50973244461593,119.73723150409825,120.47502868476087,119.51544065754615,119.04364327363443,119.23979354530788,122.47144272740417,120.25219481714839,120.4924018360613,119.96790350017888,119.81019804822391,119.81649650919334,121.24061595616607
128.8673012330412,127.20426645294926,128.7765861134639,129.44097736650525,128.90814923269883,128.54856834462475,128.29127526394535,127.94157514911328,128.4968788121308,128.8254883252847,128.7149039324257,128.10729110248306,127.8359068004326,129.77054607470436,127.67810652063427,129.35027436625117,127.83579082316837,127.69526967220378,128.6386114762989,129.15270023101272
143.52510632868086,142.5133165772264,144.11453635103763,143.34342747984917,143.61524193939323,144.0116412626978,142.528994136174,142.98519301259242,143.04854738192859,144.20896168764472,143.74774816177077,143.635991944883,141.91867609843234,144.05885858382285,142.42068104151696,144.32390156173471,142.39504416209482,142.98213957026297,143.9875412508283,143.47561685737145
162.59006276127147,162.1672415128532,163.58890515505232,162.68437220417843,162.57529780779262,162.74001679917356,161.76394950545077,162.5262859926398,162.59702117618795,163.3139224560653,162.53522391412983,162.56297375089736,160.90290525052802,162.84594777906705,161.7660905203296,163.3750655750494,162.32328878330472,161.5792531877887,163.52349509570166,162.87875075698832
180.88190334775655,180.61523612885696,182.07060804500313,182.1089500675137,181.19980824867758,181.26440947424499,180.33662032570945,181.0961856221443,181.7965777907406,182.6469788666379,181.14324808543358,181.28162818881592,180.42096861220398,181.78754984524423,180.46103556281545,181.63155188232912,179.67328703770096,180.24386102623694,181.92192545432212,181.49615408267394
197.3275012767627,196.3927668624612,197.8880781874156,197.28971379764403,197.16825335440078,197.09326357154984,195.71587531221792,197.07617181308413,197.5147422546271,198.0323352217625,196.61888950671351,197.23955904252634,194.68866202180516,196.87279459759063,195.98267329180473,197.12371501183605,195.71355897488573,196.79049778788652,197.44836503784146,197.025867257927
207.48542958092497,207.18571995307647,207.88792019445398,208.21288264565027,206.9448949325465,207.119855465236,207.05463987376345,207.47127290803797,207.2034813001882,208.55116907158774,207.54672516591498,207.5058504693634,206.26639909261084,208.46549082557988,206.87413465295631,208.06116619010535,206.21975687701624,205.91502101089029,207.77551128681304,206.67788226413325
212.436153530782,212.03661046694617,212.26671368340195,212.2379662749194,212.8073957925917,212.9984886461119,210.7071317000734,211.43322975626756,213.09883806091946,213.1131628825043,210.96598490987665,211.96778530501842,211.0848974910966,213.5291098432589,211.73625745056344,212.36134114560036,211.5719598871744,211.02894805419365,212.3584975739586,212.24366079789144
209.9514400535287,210.47722594726872,210.61012261790418,211.14166825265372,210.12100183239843,210.43253386076148,208.46928745634995,210.6999906564926,210.61589406176338,210.9192289564938,210.05200099331964,211.98968747366536,209.28875858677853,210.81392795899023,209.41970532828813,211.61990769119734,209.0043765545138,209.47360762905762,210.53513124762375,210.14669920567326
206.89448289715943,206.86181452665636,207.65199870693982,207.65526604362654,206.63446407265613,207.2594730921671,205.94030398894355,207.13391396838063,207.08390422716406,207.61523313860675,206.62650394095363,207.2669442774207,206.26454559697612,207.5038761863065,206.79901511147108,208.11976807613428,206.23110882442435,206.13537399456138,207.63543275990654,207.67181421662363
199.2157396598003,199.59095823699602,200.58848303122554,200.91219618484803,200.0673888913632,200.05771346154586,198.91366045290306,200.23830489656413,199.64283270676611,201.62244302954932,199.33497593638714,200.80379847706428,199.20779578848496,200.90025832094094,200.5117426027228,201.16519419531912,199.07849388083605,199.28407379425093,200.58685141479836,200.3826381868705
190.98848383804005,192.1380050229909,193.08321979954002,192.53572982290166,192.4328276855489,192.01909670836744,192.29828409453114,192.80370599087826,191.27764004820168,193.7070575863231,192.66634290371618,191.8916427647175,191.2839895063544,193.27938406684316,192.1213600931285,193.15741604555333,190.68857596333234,191.48031069282717,192.6178137139361,193.02799892492183
