0,1,2,3,4,5,6,7,8,9,10,11,12,13,14,15,16,17,18,19
156.88875763801283,156.9014783452857,156.97476870739973,156.90147834528568,156.81546727589873,156.89594855626345,156.89594855626345,156.88875763801283,156.88875763801283,156.89594855626345,156.97476870739976,156.9747687073998,156.98195962565038,156.9014783452857,156.89594855626342,156.90147834528568,156.97476870739973,156.89594855626345,156.89594855626342,156.81546727589875
142.95045330941878,142.95045330941878,142.95045330941875,142.95045330941875,142.95045330941878,142.95045330941878,142.95045330941878,142.95045330941878,142.95045330941878,142.95045330941878,142.95045330941878,142.95045330941878,142.95045330941875,142.95045330941878,142.95045330941875,142.95045330941878,142.95045330941875,142.95045330941878,142.95045330941875,142.95045330941878
122.87411061187939,122.76766577595279,122.87411061187937,122.76766577595279,122.76766577595278,122.76766577595278,122.76766577595278,122.76766577595279,122.87411061187937,122.76766577595275,122.76766577595279,122.76766577595278,122.76766577595275,122.87411061187937,122.76766577595279,122.76766577595279,122.87411061187939,122.76766577595279,122.76766577595275,122.87411061187939
110.98303502397081,110.98303502397084,110.98303502397084,110.98303502397081,110.98303502397084,110.98303502397081,110.98303502397084,110.98303502397081,110.98303502397081,110.98303502397081,110.98303502397081,110.98303502397081,110.98303502397081,110.98303502397081,110.98303502397081,110.98303502397081,110.98303502397081,110.98303502397084,110.98303502397081,110.98303502397084
105.63185013146176,105.63185013146176,105.63185013146173,105.63185013146176,105.63185013146173,105.63185013146176,105.63185013146176,105.63185013146176,105.63185013146176,105.63185013146173,105.63185013146176,105.63185013146176,105.63185013146176,105.63185013146176,105.63185013146176,105.63185013146176,105.63185013146176,105.63185013146176,105.63185013146173,105.63185013146173
104.75866606985326,104.75866606985326,104.75866606985326,104.75866606985326,104.75866606985326,104.75866606985325,104.75866606985326,104.75866606985326,104.75866606985326,104.75866606985326,104.75866606985326,104.75866606985326,104.75866606985326,104.75866606985325,104.75866606985326,104.75866606985326,104.75866606985326,104.75866606985325,104.75866606985326,104.75866606985326
106.74691846429322,106.74691846429322,106.7469184642932,106.74691846429322,106.74691846429322,106.7469184642932,106.74691846429322,106.74691846429322,106.74691846429322,106.74691846429322,106.7469184642932,106.74691846429322,106.74691846429322,106.74691846429322,106.74691846429322,106.74691846429322,106.74691846429322,106.74691846429322,106.74691846429322,106.74691846429322
109.21937627688769,109.21937627688767,109.21937627688764,109.21937627688769,109.21937627688769,109.21937627688769,109.21937627688769,109.21937627688764,109.21937627688767,109.21937627688769,109.21937627688767,109.21937627688769,109.21937627688769,109.21937627688767,109.21937627688769,109.21937627688764,109.21937627688766,109.21937627688769,109.21937627688766,109.21937627688769
111.49795488948168,111.49795488948168,111.49795488948168,111.49795488948168,111.49795488948168,111.49795488948168,111.49795488948168,111.49795488948168,111.49795488948168,111.49795488948168,111.49795488948168,111.49795488948168,111.49795488948168,111.49795488948168,111.49795488948168,111.49795488948168,111.49795488948168,111.49795488948168,111.49795488948168,111.49795488948168
105.35333659498127,105.35333659498127,105.35333659498126,105.35333659498129,105.35333659498127,105.35333659498129,105.35333659498126,105.35333659498127,105.35333659498127,105.35333659498126,105.35333659498127,105.35333659498127,105.35333659498126,105.35333659498126,105.35333659498126,105.35333659498126,105.35333659498126,105.35333659498127,105.35333659498126,105.35333659498126
97.40615204280165,97.40615204280165,97.40615204280164,97.40615204280165,97.40615204280162,97.40615204280165,97.40615204280165,97.40615204280165,97.40615204280166,97.40615204280165,97.40615204280165,97.40615204280165,97.40615204280165,97.40615204280162,97.40615204280165,97.40615204280162,97.40615204280165,97.40615204280165,97.40615204280162,97.40615204280165
89.66308164913778,89.66308164913777,89.66308164913777,89.66308164913777,89.66308164913777,89.6630816491378,89.66308164913778,89.66308164913777,89.66308164913778,89.66308164913778,89.66308164913777,89.66308164913777,89.66308164913778,89.66308164913775,89.66308164913775,89.66308164913777,89.66308164913777,89.66308164913777,89.66308164913777,89.66308164913777
81.57920466920521,81.57920466920521,81.57920466920518,81.57920466920518,81.57920466920515,81.57920466920521,81.57920466920521,81.57920466920521,81.5792046692052,81.57920466920518,81.57920466920518,81.57920466920521,81.5792046692052,81.57920466920515,81.57920466920518,81.57920466920518,81.57920466920518,81.57920466920521,81.57920466920515,81.57920466920518
80.05330443591544,80.11083288545933,80.05330443591541,80.05330443591541,80.1108328854593,80.05330443591544,80.05330443591544,80.05330443591544,80.11083288545932,80.05330443591541,80.1108328854593,80.11083288545932,80.05330443591544,80.05330443591541,80.05330443591541,80.1108328854593,80.1108328854593,80.05330443591542,80.0533044359154,80.05330443591541
74.62439452926218,74.62439452926219,74.62439452926219,74.62439452926218,74.62439452926218,74.62439452926218,74.62439452926218,74.62439452926219,74.62439452926216,74.62439452926218,74.62439452926216,74.62439452926218,74.62439452926219,74.62439452926218,74.62439452926218,74.62439452926218,74.62439452926218,74.62439452926216,74.62439452926218,74.62439452926218
77.79302824896878,77.79302824896878,77.79302824896878,77.79302824896875,77.79302824896878,77.79302824896878,77.7930282489688,77.79302824896878,77.79302824896875,77.79302824896881,77.79302824896878,77.79302824896878,77.79302824896878,77.79302824896878,77.79302824896875,77.79302824896878,77.79302824896878,77.79302824896878,77.79302824896878,77.79302824896878
82.73316178030952,82.73316178030952,82.73316178030952,82.7331617803095,82.73316178030952,82.73316178030952,82.73316178030953,82.73316178030952,82.7331617803095,82.73316178030952,82.73316178030952,82.73316178030953,82.73316178030953,82.73316178030952,82.73316178030949,82.73316178030953,82.73316178030952,82.73316178030952,82.73316178030952,82.73316178030952
94.77257591099487,94.77257591099487,94.70150779214106,94.77257591099486,94.70150779214106,94.77257591099487,94.70150779214104,94.77257591099487,94.70150779214103,94.77257591099487,94.77257591099487,94.77257591099487,94.77257591099487,94.77257591099487,94.77257591099485,94.77257591099487,94.70150779214106,94.70150779214106,94.77257591099487,94.77257591099487
102.07782836628577,102.07782836628579,102.07782836628579,102.07782836628577,102.07782836628577,102.07782836628579,102.07782836628577,102.07782836628577,102.07782836628579,102.07782836628579,102.07782836628579,102.07782836628579,102.0778283662858,102.0778283662858,102.07782836628579,102.07782836628579,102.07782836628579,102.07782836628577,102.07782836628577,102.07782836628579
109.79396406513219,109.79396406513222,109.79396406513222,109.79396406513219,109.79396406513219,109.79396406513222,109.79396406513219,109.79396406513219,109.79396406513222,109.79396406513222,109.79396406513222,109.79396406513222,109.79396406513223,109.79396406513223,109.79396406513222,109.79396406513222,109.79396406513222,109.79396406513222,109.79396406513223,109.79396406513222
115.5291357704255,115.52913577042551,115.52913577042551,115.5291357704255,115.5291357704255,115.52913577042551,115.5291357704255,115.5291357704255,115.52913577042551,115.52913577042551,115.5291357704255,115.5291357704255,115.52913577042551,115.52913577042553,115.52913577042551,115.52913577042551,115.52913577042551,115.52913577042551,115.52913577042553,115.52913577042551
113.13609068722623,113.13609068722624,113.13609068722623,113.1360906872262,113.1360906872262,113.13609068722623,113.13609068722623,113.13609068722623,113.13609068722623,113.13609068722623,113.1360906872262,113.1360906872262,113.13609068722623,113.13609068722626,113.13609068722624,113.13609068722623,113.13609068722623,113.13609068722623,113.13609068722624,113.13609068722623
112.34950120376847,112.34950120376848,112.34950120376848,112.34950120376845,112.34950120376845,112.34950120376847,112.34950120376847,112.34950120376847,112.34950120376848,112.3495012037685,112.34950120376845,112.34950120376847,112.34950120376845,112.34950120376845,112.34950120376845,112.34950120376847,112.34950120376847,112.34950120376847,112.34950120376848,112.34950120376848
109.59346067537646,109.08340300653435,109.59346067537645,109.59346067537645,109.59346067537645,109.08340300653437,109.08340300653435,109.59346067537646,109.59346067537645,109.08340300653435,109.08340300653434,109.59346067537645,109.08340300653434,109.59346067537645,109.08340300653434,109.59346067537645,109.59346067537645,109.08340300653434,109.08340300653435,109.08340300653435
107.93531906391507,107.93531906391509,107.9353190639151,107.93531906391507,107.93531906391506,107.9353190639151,107.93531906391507,107.93531906391506,107.93531906391509,107.9353190639151,107.93531906391506,107.93531906391506,107.9353190639151,107.93531906391506,107.93531906391506,107.9353190639151,107.93531906391509,107.93531906391506,107.93531906391506,107.93531906391509
106.41799840480007,106.41799840480007,106.41799840480007,106.41799840480007,106.41799840480009,106.41799840480009,106.41799840480009,106.41799840480009,106.41799840480009,106.41799840480009,106.41799840480009,106.41799840480009,106.41799840480009,106.41799840480009,106.41799840480009,106.41799840480007,106.41799840480007,106.41799840480009,106.41799840480009,106.41799840480007
103.6998025716017,103.69980257160165,103.69980257160167,103.69980257160167,103.69980257160167,103.69980257160168,103.6998025716017,103.69980257160167,103.6998025716017,103.6998025716017,103.6998025716017,103.6998025716017,103.6998025716017,103.69980257160167,103.6998025716017,103.69980257160167,103.69980257160167,103.6998025716017,103.69980257160167,103.6998025716017
103.31540351717926,103.31540351717925,103.31540351717925,103.31540351717923,103.31540351717926,103.31540351717925,103.31540351717926,103.31540351717925,103.31540351717925,103.31540351717926,103.31540351717923,103.31540351717923,103.31540351717923,103.31540351717926,103.31540351717925,103.31540351717925,103.31540351717925,103.31540351717923,103.31540351717926,103.31540351717925
99.94455512383801,99.944555123838,99.944555123838,99.94455512383799,99.94455512383801,99.944555123838,99.94455512383801,99.944555123838,99.944555123838,99.94455512383801,99.944555123838,99.944555123838,99.94455512383799,99.94455512383801,99.944555123838,99.944555123838,99.944555123838,99.944555123838,99.94455512383801,99.944555123838
99.08834238182698,99.08834238182698,99.08834238182698,99.08834238182695,99.08834238182698,99.08834238182695,99.08834238182698,99.08834238182698,99.08834238182698,99.08834238182698,99.08834238182698,99.08834238182698,99.08834238182695,99.08834238182698,99.08834238182698,99.08834238182698,99.08834238182698,99.08834238182698,99.08834238182698,99.08834238182698
98.7523752754056,98.75237527540558,98.7523752754056,98.75237527540557,98.7523752754056,98.75237527540556,98.7523752754056,98.75237527540558,98.75237527540558,98.7523752754056,98.75237527540558,98.75237527540558,98.75237527540557,98.7523752754056,98.75237527540558,98.7523752754056,98.75237527540558,98.75237527540558,98.7523752754056,98.75237527540558
100.50308109254843,100.50308109254843,100.50308109254843,100.50308109254841,100.50308109254843,100.50308109254841,100.50308109254843,100.50308109254843,100.50308109254843,100.50308109254843,100.50308109254843,100.50308109254843,100.50308109254841,100.50308109254843,100.50308109254843,100.50308109254843,100.50308109254843,100.50308109254843,100.50308109254843,100.50308109254843
97.02998562630637,97.02998562630637,97.02998562630638,97.02998562630637,97.02998562630637,97.02998562630637,97.02998562630638,97.02998562630637,97.02998562630638,97.02998562630637,97.02998562630638,97.02998562630637,97.02998562630637,97.02998562630637,97.02998562630637,97.02998562630637,97.02998562630638,97.02998562630637,97.02998562630637,97.02998562630638
97.37208085014056,97.37208085014056,97.37208085014056,97.37208085014055,97.37208085014056,97.37208085014056,97.37208085014056,97.37208085014056,97.37208085014056,97.37208085014056,97.37208085014056,97.37208085014056,97.37208085014056,97.37208085014056,97.37208085014056,97.37208085014056,97.37208085014056,97.37208085014056,97.37208085014056,97.37208085014056
96.92756077538601,96.927560775386,96.927560775386,96.92756077538598,96.92756077538601,96.92756077538601,96.92756077538601,96.927560775386,96.927560775386,96.927560775386,96.92756077538601,96.92756077538601,96.927560775386,96.927560775386,96.927560775386,96.92756077538601,96.927560775386,96.92756077538601,96.927560775386,96.927560775386
93.87104454079953,93.88068732500315,93.86032104194392,93.87104454079952,93.86032104194392,93.88068732500314,93.88068732500315,93.88068732500315,93.88068732500315,93.86032104194392,93.87104454079953,93.86032104194392,93.87104454079953,93.86032104194392,93.88068732500315,93.87104454079953,93.86032104194392,93.88068732500315,93.86032104194392,93.88068732500315
94.26093320040505,94.27057598460866,94.22279194178063,94.21671433705872,94.22279194178061,94.27057598460867,94.27057598460867,94.24435935861771,94.26740613993114,94.22279194178063,94.23788641909161,94.20204983859854,94.26093320040505,94.22279194178061,94.29482389969995,94.26093320040503,94.24703985687192,94.26740613993114,94.22279194178061,94.29482389969996
93.45472338224317,93.48861408153809,93.44083003871005,93.41487549735224,93.40328683195047,93.46556730022466,93.48861408153809,93.44876619664717,93.46994618867421,93.44083003871005,93.43167660092975,93.40142004266407,93.45472338224317,93.42008793552796,93.48861408153809,93.41655560771,93.42216214584617,93.48861408153809,93.44083003871005,93.4718129779606
87.38638226830504,87.43707407117745,87.38721581803121,87.37126127508527,87.37041471445372,87.42027296759996,87.45574196404134,87.42027296759996,87.4601208524909,87.41233680966285,87.40505016116894,87.35174682158983,87.40505016116893,87.38721581803121,87.45574196404134,87.3880623786628,87.37248892477191,87.45574196404135,87.3685479251673,87.4433197489134
80.70365402652803,80.75266571904268,80.70280746589644,80.703654026528,80.68413957303254,80.75266571904267,80.77133361190657,80.75266571904268,80.79251360393361,80.70094067661003,80.70365402652803,80.68413957303254,80.70365402652803,80.70280746589644,80.77133361190657,80.72045513010552,80.68413957303254,80.77133361190657,80.68413957303254,80.77571250035612
78.76595673841955,78.78669884160165,78.78462463128344,78.76595673841953,78.76595673841955,78.78669884160162,78.82048772768528,78.80181983482139,78.80580462331046,78.76595673841955,78.78669884160165,78.76595673841955,78.76595673841955,78.78462463128344,78.76595673841955,78.78275784199704,78.7810777316393,78.76595673841955,78.76595673841955,78.78900351973297
72.78413913944942,72.78413913944942,72.78413913944942,72.78413913944942,72.78413913944942,72.78413913944942,72.78413913944942,72.78413913944942,72.78413913944942,72.78413913944942,72.78413913944942,72.78413913944942,72.78413913944942,72.78413913944942,72.78413913944942,72.78413913944942,72.78413913944942,72.78413913944942,72.78413913944942,72.78413913944942
68.8404047144384,68.8404047144384,68.8404047144384,68.8404047144384,68.8404047144384,68.8404047144384,68.8404047144384,68.8404047144384,68.8404047144384,68.8404047144384,68.8404047144384,68.8404047144384,68.8404047144384,68.8404047144384,68.8404047144384,68.8404047144384,68.8404047144384,68.84040471443839,68.8404047144384,68.8404047144384
69.43510158299989,69.43510158299989,69.43510158299989,69.43510158299989,69.43510158299989,69.43510158299988,69.43510158299989,69.43510158299989,69.43510158299989,69.43510158299989,69.43510158299989,69.43510158299989,69.43510158299989,69.43510158299989,69.43510158299989,69.43510158299989,69.43510158299989,69.43510158299989,69.43510158299989,69.43510158299989
66.83398502915912,66.83398502915912,66.83398502915912,66.83398502915912,66.83398502915912,66.83398502915911,66.83398502915912,66.83398502915912,66.83398502915912,66.83398502915912,66.83398502915912,66.83398502915912,66.83398502915912,66.83398502915912,66.83398502915912,66.83398502915912,66.83398502915912,66.83398502915912,66.83398502915912,66.83398502915912
67.53342358233625,67.53342358233625,67.53342358233625,67.53342358233625,67.53342358233625,67.53342358233623,67.53342358233625,67.53342358233625,67.53342358233625,67.53342358233625,67.53342358233625,67.53342358233625,67.53342358233625,67.53342358233625,67.53342358233625,67.53342358233625,67.53342358233625,67.53342358233625,67.53342358233625,67.53342358233625
69.10252950981871,69.10252950981871,69.10252950981871,69.10252950981871,69.10252950981871,69.10252950981871,69.10252950981871,69.10252950981871,69.10252950981871,69.10252950981871,69.10252950981871,69.10252950981871,69.10252950981871,69.10252950981871,69.10252950981871,69.10252950981871,69.10252950981871,69.10252950981871,69.10252950981871,69.10252950981871
71.40340276853013,71.40340276853013,71.40340276853014,71.40340276853013,71.40340276853013,71.40340276853011,71.40340276853014,71.40340276853013,71.40340276853013,71.40340276853014,71.40340276853013,71.40340276853013,71.40340276853013,71.40340276853013,71.40340276853013,71.40340276853014,71.40340276853013,71.40340276853013,71.40340276853013,71.40340276853013
72.60811126927142,72.60811126927142,72.60811126927142,72.60811126927142,72.6081112692714,72.6081112692714,72.60811126927142,72.60811126927142,72.6081112692714,72.60811126927142,72.60811126927142,72.60811126927142,72.60811126927142,72.60811126927142,72.6081112692714,72.60811126927142,72.60811126927142,72.60811126927142,72.60811126927142,72.60811126927142
74.4198906821943,74.41989068219432,74.4198906821943,74.41989068219432,74.4198906821943,74.41989068219429,74.4198906821943,74.41989068219432,74.4198906821943,74.4198906821943,74.4198906821943,74.4198906821943,74.4198906821943,74.41989068219432,74.4198906821943,74.4198906821943,74.4198906821943,74.4198906821943,74.41989068219432,74.41989068219432
74.05069759559298,74.05069759559298,74.05069759559298,74.050697595593,74.05069759559298,74.05069759559296,74.05069759559298,74.050697595593,74.05069759559298,74.05069759559298,74.05069759559298,74.05069759559296,74.05069759559296,74.05069759559298,74.05069759559298,74.05069759559298,74.05069759559298,74.05069759559298,74.05069759559298,74.05069759559298
77.99400863494961,77.99400863494961,77.99400863494961,77.99400863494961,77.99400863494961,77.99400863494961,77.99400863494961,77.99400863494961,77.99400863494961,77.99400863494961,77.99400863494961,77.99400863494961,77.99400863494961,77.99400863494961,77.99400863494961,77.99400863494961,77.99400863494961,77.99400863494961,77.99400863494961,77.99400863494961
77.93536910272435,77.93536910272435,77.93536910272435,77.93536910272435,77.93536910272435,77.93536910272435,77.93536910272435,77.93536910272435,77.93536910272435,77.93536910272435,77.93536910272435,77.93536910272435,77.93536910272435,77.93536910272435,77.93536910272435,77.93536910272435,77.93536910272435,77.93536910272435,77.93536910272435,77.93536910272435
79.03840488913164,79.03840488913164,79.03840488913164,79.03840488913164,79.03840488913164,79.03840488913164,79.03840488913164,79.03840488913164,79.03840488913164,79.03840488913164,79.03840488913164,79.03840488913164,79.03840488913164,79.03840488913164,79.03840488913164,79.03840488913164,79.03840488913164,79.03840488913164,79.03840488913164,79.03840488913164
79.02985295594428,79.02985295594428,79.02985295594429,79.02985295594428,79.02985295594428,79.02985295594428,79.02985295594428,79.02985295594428,79.02985295594428,79.02985295594428,79.02985295594428,79.02985295594428,79.02985295594428,79.02985295594428,79.02985295594428,79.02985295594428,79.02985295594428,79.02985295594428,79.02985295594428,79.02985295594428
83.62012477710661,83.62012477710661,83.62012477710661,83.62012477710661,83.62012477710661,83.62012477710661,83.62012477710661,83.62012477710661,83.62012477710661,83.62012477710661,83.62012477710661,83.62012477710661,83.62012477710661,83.62012477710661,83.62012477710661,83.62012477710661,83.62012477710661,83.62012477710661,83.62012477710661,83.62012477710661
84.1122030303747,84.1122030303747,84.1122030303747,84.1122030303747,84.1122030303747,84.1122030303747,84.11220303037469,84.1122030303747,84.1122030303747,84.1122030303747,84.1122030303747,84.1122030303747,84.1122030303747,84.1122030303747,84.1122030303747,84.1122030303747,84.11220303037469,84.1122030303747,84.1122030303747,84.1122030303747
87.89591037727428,87.89591037727426,87.89591037727426,87.89591037727428,87.89591037727428,87.89591037727428,87.89591037727428,87.89591037727428,87.89591037727428,87.89591037727428,87.89591037727428,87.89591037727428,87.89591037727426,87.89591037727428,87.89591037727428,87.89591037727428,87.89591037727426,87.89591037727428,87.89591037727426,87.89591037727428
92.232984390542,92.232984390542,92.23298439054199,92.23298439054199,92.23298439054199,92.232984390542,92.232984390542,92.232984390542,92.23298439054199,92.232984390542,92.232984390542,92.232984390542,92.232984390542,92.232984390542,92.232984390542,92.232984390542,92.232984390542,92.232984390542,92.23298439054199,92.232984390542
92.75013669265073,92.75013669265073,92.75013669265073,92.75013669265071,92.75013669265071,92.75013669265073,92.75013669265073,92.75013669265073,92.75013669265071,92.75013669265073,92.75013669265073,92.75013669265073,92.75013669265073,92.75013669265073,92.75013669265073,92.75013669265073,92.75013669265071,92.75013669265073,92.75013669265073,92.75013669265073
93.28107104138307,93.28107104138307,93.28107104138307,93.28107104138307,93.28107104138307,93.28107104138307,93.28107104138307,93.28107104138307,93.28107104138307,93.28107104138307,93.28107104138307,93.28107104138307,93.28107104138307,93.28107104138307,93.28107104138307,93.28107104138307,93.28107104138307,93.28107104138307,93.28107104138307,93.28107104138307
94.50103428609033,94.50103428609033,94.50103428609034,94.50103428609033,94.50103428609034,94.50103428609033,94.50103428609033,94.50103428609033,94.50103428609033,94.50103428609033,94.50103428609033,94.50103428609033,94.50103428609033,94.50103428609033,94.50103428609033,94.50103428609033,94.50103428609033,94.50103428609033,94.50103428609033,94.50103428609033
93.75973901134667,93.75973901134667,93.75973901134667,93.75973901134667,93.75973901134667,93.75973901134667,93.75973901134667,93.75973901134665,93.75973901134667,93.75973901134667,93.75973901134667,93.75973901134665,93.75973901134667,93.75973901134665,93.75973901134667,93.75973901134667,93.75973901134665,93.75973901134667,93.75973901134667,93.75973901134667
90.81507669135951,90.81507669135951,90.81507669135951,90.8150766913595,90.81507669135951,90.81507669135951,90.81507669135951,90.81507669135951,90.81507669135951,90.81507669135951,90.81507669135951,90.81507669135951,90.8150766913595,90.81507669135951,90.81507669135951,90.81507669135951,90.8150766913595,90.81507669135951,90.81507669135951,90.81507669135951
85.89756989519442,85.89756989519442,85.89756989519442,85.89756989519442,85.89756989519442,85.89756989519442,85.89756989519442,85.89756989519442,85.89756989519442,85.89756989519442,85.89756989519442,85.89756989519442,85.89756989519442,85.89756989519442,85.89756989519442,85.89756989519442,85.89756989519442,85.89756989519442,85.89756989519442,85.89756989519442
86.08668934616163,86.08668934616163,86.08668934616163,86.08668934616163,86.08668934616163,86.08668934616163,86.08668934616163,86.08668934616163,86.08668934616163,86.08668934616163,86.08668934616163,86.08668934616163,86.08668934616163,86.08668934616163,86.08668934616163,86.08668934616163,86.08668934616163,86.08668934616163,86.08668934616163,86.08668934616163
83.76369904694565,83.76369904694565,83.76369904694563,83.76369904694563,83.76369904694563,83.76369904694565,83.76369904694563,83.76369904694563,83.76369904694563,83.76369904694563,83.76369904694565,83.76369904694565,83.76369904694565,83.76369904694565,83.76369904694565,83.76369904694565,83.76369904694563,83.76369904694563,83.76369904694563,83.76369904694563
83.204615334452,83.204615334452,83.204615334452,83.204615334452,83.204615334452,83.204615334452,83.204615334452,83.204615334452,83.204615334452,83.204615334452,83.204615334452,83.204615334452,83.204615334452,83.204615334452,83.204615334452,83.204615334452,83.204615334452,83.204615334452,83.204615334452,83.204615334452
84.87809526213907,84.87809526213907,84.87809526213908,84.87809526213907,84.87809526213907,84.87809526213908,84.87809526213907,84.87809526213907,84.87809526213907,84.87809526213907,84.87809526213907,84.87809526213908,84.87809526213907,84.87809526213908,84.87809526213907,84.87809526213908,84.87809526213908,84.87809526213908,84.87809526213907,84.87809526213907
85.07146377662458,85.07146377662458,85.07146377662458,85.07146377662458,85.07146377662458,85.07146377662458,85.07146377662458,85.07146377662458,85.07146377662458,85.07146377662458,85.07146377662458,85.07146377662458,85.07146377662458,85.07146377662458,85.07146377662458,85.07146377662458,85.07146377662458,85.07146377662458,85.07146377662458,85.07146377662458
86.33250662725072,86.33250662725072,86.33250662725072,86.33250662725072,86.33250662725075,86.33250662725075,86.33250662725072,86.33250662725072,86.33250662725072,86.33250662725072,86.33250662725072,86.33250662725072,86.33250662725075,86.33250662725075,86.33250662725072,86.33250662725072,86.33250662725072,86.33250662725072,86.33250662725075,86.33250662725072
86.97137856215024,86.97137856215024,86.97137856215024,86.97137856215024,86.97137856215024,86.97137856215025,86.97137856215024,86.97137856215024,86.97137856215024,86.97137856215024,86.97137856215024,86.97137856215024,86.97137856215025,86.97137856215024,86.97137856215024,86.97137856215024,86.97137856215024,86.97137856215024,86.97137856215024,86.97137856215024
87.91903536796742,87.91903536796742,87.91903536796742,87.91903536796742,87.91903536796744,87.91903536796742,87.91903536796742,87.91903536796742,87.91903536796742,87.91903536796742,87.91903536796742,87.91903536796742,87.91903536796742,87.91903536796744,87.91903536796742,87.91903536796742,87.91903536796742,87.91903536796742,87.91903536796744,87.91903536796742
86.60399526998285,86.60399526998285,86.60399526998285,86.60399526998285,86.60399526998285,86.60399526998285,86.60399526998285,86.60399526998285,86.60399526998285,86.60399526998285,86.60399526998285,86.60399526998285,86.60399526998285,86.60399526998285,86.60399526998285,86.60399526998285,86.60399526998285,86.60399526998285,86.60399526998285,86.60399526998285
86.03636907568357,86.03636907568357,86.03636907568357,86.03636907568357,86.03636907568357,86.03636907568355,86.03636907568357,86.03636907568357,86.03636907568357,86.03636907568357,86.03636907568357,86.03636907568357,86.03636907568355,86.03636907568357,86.03636907568357,86.03636907568357,86.03636907568357,86.03636907568357,86.03636907568357,86.03636907568357
87.50587009104859,87.50587009104859,87.50587009104859,87.50587009104859,87.50587009104859,87.50587009104859,87.50587009104859,87.50587009104859,87.50587009104859,87.50587009104859,87.50587009104858,87.50587009104858,87.50587009104858,87.50587009104859,87.50587009104859,87.50587009104859,87.50587009104859,87.50587009104858,87.50587009104859,87.50587009104859
86.71012670007467,86.71012670007467,86.71012670007467,86.71012670007467,86.71012670007467,86.71012670007467,86.71012670007467,86.71012670007467,86.71012670007467,86.71012670007467,86.71012670007465,86.71012670007465,86.71012670007465,86.71012670007467,86.71012670007467,86.71012670007467,86.71012670007467,86.71012670007465,86.71012670007467,86.71012670007467
87.00095789765146,87.00095789765145,87.00095789765145,87.00095789765146,87.00095789765146,87.00095789765146,87.00095789765146,87.00095789765145,87.00095789765146,87.00095789765146,87.00095789765146,87.00095789765146,87.00095789765146,87.00095789765146,87.00095789765146,87.00095789765145,87.00095789765145,87.00095789765146,87.00095789765146,87.00095789765146
88.12006549716455,88.12006549716457,88.12006549716457,88.12006549716457,88.12006549716457,88.12006549716459,88.12006549716455,88.12006549716455,88.12006549716457,88.12006549716457,88.12006549716455,88.12006549716455,88.12006549716457,88.12006549716457,88.12006549716455,88.12006549716457,88.12006549716457,88.12006549716455,88.12006549716457,88.12006549716457
87.57462389760673,87.57462389760673,87.57462389760673,87.57462389760673,87.57462389760673,87.57462389760673,87.57462389760673,87.57462389760673,87.57462389760673,87.57462389760673,87.57462389760671,87.57462389760671,87.57462389760671,87.57462389760673,87.57462389760671,87.57462389760673,87.57462389760673,87.57462389760671,87.57462389760673,87.57462389760673
88.17963752896809,88.1796375289681,88.1796375289681,88.17963752896809,88.17963752896809,88.17963752896809,88.17963752896809,88.17963752896809,88.1796375289681,88.1796375289681,88.17963752896806,88.17963752896806,88.17963752896806,88.17963752896806,88.17963752896806,88.17963752896809,88.17963752896809,88.17963752896809,88.17963752896809,88.1796375289681
84.7560994215821,84.75609942158214,84.75609942158214,84.7560994215821,84.7560994215821,84.7560994215821,84.7560994215821,84.7560994215821,84.75609942158214,84.75609942158214,84.75609942158209,84.75609942158209,84.75609942158209,84.75609942158209,84.75609942158209,84.7560994215821,84.7560994215821,84.7560994215821,84.7560994215821,84.75609942158214
84.38015900862413,84.38015900862413,84.38015900862413,84.38015900862415,84.38015900862415,84.38015900862415,84.38015900862413,84.38015900862413,84.38015900862415,84.38015900862413,84.38015900862413,84.38015900862413,84.38015900862415,84.38015900862415,84.38015900862415,84.38015900862415,84.38015900862415,84.38015900862415,84.38015900862415,84.38015900862413
87.44975862494903,87.44975862494906,87.44975862494906,87.44975862494904,87.44975862494904,87.44975862494906,87.44975862494904,87.44975862494904,87.44975862494906,87.44975862494906,87.44975862494906,87.44975862494906,87.44975862494908,87.44975862494906,87.44975862494906,87.44975862494906,87.44975862494906,87.44975862494906,87.44975862494906,87.44975862494904
94.54485458903369,94.54485458903369,94.54485458903369,94.54485458903369,94.54485458903369,94.5448545890337,94.54485458903369,94.54485458903369,94.5448545890337,94.54485458903369,94.5448545890337,94.5448545890337,94.54485458903372,94.5448545890337,94.5448545890337,94.5448545890337,94.54485458903369,94.54485458903369,94.54485458903369,94.54485458903369
102.49162862607781,102.4916286260778,102.4916286260778,102.4916286260778,102.49162862607781,102.49162862607781,102.49162862607781,102.49162862607781,102.4916286260778,102.4916286260778,102.49162862607781,102.49162862607781,102.49162862607781,102.4916286260778,102.4916286260778,102.49162862607781,102.49162862607781,102.49162862607781,102.4916286260778,102.4916286260778
112.03301427398723,112.03301427398719,112.03301427398719,112.03301427398719,112.03301427398722,112.03301427398723,112.03301427398723,112.03301427398723,112.0330142739872,112.0330142739872,112.03301427398723,112.03301427398723,112.03301427398722,112.0330142739872,112.0330142739872,112.0330142739872,112.0330142739872,112.0330142739872,112.03301427398719,112.0330142739872
120.88033337291861,120.88033337291861,120.88033337291861,120.88033337291861,120.88033337291861,120.88033337291861,120.88033337291861,120.88033337291861,120.8803333729186,120.88033337291861,120.8803333729186,120.88033337291861,120.8803333729186,120.88033337291861,120.88033337291861,120.88033337291861,120.8803333729186,120.8803333729186,120.88033337291861,120.8803333729186
129.0136662546287,129.0136662546287,129.01366625462867,129.01366625462867,129.0136662546287,129.0136662546287,129.0136662546287,129.0136662546287,129.01366625462867,129.0136662546287,129.0136662546287,129.0136662546287,129.01366625462867,129.0136662546287,129.01366625462867,129.0136662546287,129.01366625462867,129.0136662546287,129.01366625462867,129.0136662546287
137.81552090534126,137.81552090534126,137.81552090534123,137.81552090534123,137.81552090534126,137.81552090534126,137.81552090534126,137.81552090534126,137.81552090534126,137.81552090534126,137.81552090534123,137.81552090534126,137.81552090534123,137.81552090534126,137.81552090534123,137.81552090534126,137.81552090534123,137.81552090534126,137.81552090534123,137.81552090534126
144.985276929707,144.985276929707,144.98527692970697,144.98527692970697,144.985276929707,144.985276929707,144.985276929707,144.985276929707,144.985276929707,144.985276929707,144.985276929707,144.985276929707,144.98527692970697,144.985276929707,144.98527692970697,144.985276929707,144.98527692970697,144.985276929707,144.98527692970697,144.985276929707
148.55577146856888,148.55577146856888,148.55577146856885,148.55577146856885,148.55577146856888,148.55577146856885,148.55577146856888,148.55577146856888,148.55577146856888,148.55577146856888,148.55577146856888,148.55577146856888,148.55577146856888,148.55577146856888,148.55577146856885,148.55577146856888,148.55577146856885,148.55577146856888,148.55577146856885,148.55577146856888
156.493484319786,156.493484319786,156.49348431978598,156.49348431978598,156.493484319786,156.493484319786,156.493484319786,156.493484319786,156.493484319786,156.493484319786,156.493484319786,156.493484319786,156.49348431978598,156.493484319786,156.49348431978595,156.49348431978603,156.49348431978598,156.493484319786,156.49348431978598,156.49348431978598
152.82940823682193,152.82940823682193,152.8294082368219,152.8294082368219,152.82940823682193,152.82940823682193,152.82940823682193,152.82940823682193,152.82940823682193,152.82940823682193,152.82940823682196,152.82940823682196,152.82940823682193,152.82940823682193,152.82940823682193,152.82940823682193,152.8294082368219,152.82940823682193,152.8294082368219,152.82940823682193
149.41183996833223,149.41183996833223,149.41183996833217,149.4118399683322,149.41183996833223,149.4118399683322,149.4118399683322,149.41183996833223,149.41183996833223,149.4118399683322,149.41183996833223,149.41183996833223,149.4118399683322,149.4118399683322,149.4118399683322,149.4118399683322,149.4118399683322,149.41183996833223,149.4118399683322,149.41183996833223
140.1378455805083,140.1378455805083,140.13784558050827,140.13784558050827,140.1378455805083,140.13784558050827,140.1378455805083,140.1378455805083,140.1378455805083,140.1378455805083,140.1378455805083,140.1378455805083,140.1378455805083,140.1378455805083,140.13784558050827,140.1378455805083,140.13784558050827,140.1378455805083,140.13784558050824,140.1378455805083
131.38987642645736,131.38987642645736,131.38987642645733,131.38987642645733,131.38987642645736,131.38987642645736,131.38987642645736,131.3898764264574,131.3898764264574,131.38987642645736,131.3898764264574,131.3898764264574,131.38987642645736,131.38987642645736,131.38987642645736,131.38987642645736,131.38987642645736,131.3898764264574,131.38987642645733,131.38987642645736
124.68933970170815,124.68933970170814,124.68933970170812,124.68933970170816,124.68933970170815,124.68933970170812,124.68933970170812,124.68933970170814,124.68933970170812,124.68933970170814,124.68933970170815,124.68933970170815,124.68933970170815,124.68933970170815,124.68933970170816,124.68933970170816,124.68933970170815,124.68933970170812,124.68933970170814,124.68933970170816
122.51475744715066,122.51475744715066,122.51475744715066,122.51475744715066,122.51475744715066,122.51475744715066,122.51475744715066,122.51475744715066,122.51475744715066,122.51475744715064,122.51475744715064,122.51475744715066,122.51475744715067,122.51475744715066,122.51475744715066,122.51475744715067,122.51475744715066,122.51475744715067,122.51475744715066,122.51475744715067
124.5981780282317,124.49917517694246,124.43409620480624,124.55898825266718,124.61112262651753,124.59817802823167,124.44704080309208,124.55898825266716,124.55898825266716,124.61112262651753,124.55898825266718,124.54604365438132,124.61112262651753,124.61112262651751,124.55898825266716,124.55898825266718,124.61112262651753,124.61112262651753,124.43409620480625,124.48623057865663
130.8404658490098,130.84046584900977,130.84046584900977,130.84046584900975,130.8404658490098,130.84046584900975,130.8404658490098,130.84046584900977,130.8404658490098,130.8404658490098,130.84046584900977,130.8404658490098,130.84046584900977,130.8404658490098,130.84046584900975,130.84046584900977,130.84046584900977,130.8404658490098,130.84046584900977,130.84046584900977
145.36361517553007,145.36361517553007,145.36361517553004,145.36361517553004,145.3636151755301,145.36361517553004,145.3636151755301,145.36361517553004,145.36361517553007,145.3636151755301,145.36361517553007,145.36361517553004,145.36361517553007,145.36361517553007,145.36361517553004,145.36361517553007,145.36361517553004,145.36361517553004,145.36361517553004,145.36361517553007
161.29752163484943,161.29752163484943,161.2975216348494,161.2975216348494,161.29752163484943,161.2975216348494,161.29752163484943,161.29752163484943,161.2975216348494,161.2975216348494,161.2975216348494,161.29752163484943,161.2975216348494,161.29752163484943,161.2975216348494,161.29752163484946,161.2975216348494,161.29752163484943,161.2975216348494,161.2975216348494
170.58443978516624,170.58443978516624,170.5844397851662,170.5844397851662,170.58443978516624,170.58443978516627,170.58443978516627,170.58443978516624,170.58443978516624,170.58443978516624,170.58443978516624,170.58443978516624,170.5844397851662,170.58443978516624,170.58443978516627,170.58443978516627,170.58443978516624,170.58443978516624,170.5844397851662,170.58443978516624
167.93723855469977,167.93723855469972,167.9372385546997,167.7095223243264,167.93723855469972,167.93723855469972,167.93723855469977,167.93723855469975,167.93723855469972,167.93723855469972,167.93723855469977,167.93723855469977,167.93723855469975,167.93723855469972,167.93723855469975,167.93723855469977,167.93723855469972,167.93723855469972,167.93723855469972,167.93723855469972
167.5672670972769,167.56726709727687,167.56726709727684,167.56726709727687,167.56726709727687,167.56726709727687,167.5672670972769,167.5672670972769,167.56726709727687,167.56726709727687,167.56726709727687,167.56726709727687,167.56726709727687,167.56726709727687,167.56726709727684,167.5672670972769,167.56726709727684,167.56726709727687,167.56726709727684,167.56726709727687
163.4347572332532,163.4347572332532,163.43475723325318,163.43475723325318,163.4347572332532,163.4347572332532,163.4347572332532,163.4347572332532,163.4347572332532,163.4347572332532,163.4347572332532,163.4347572332532,163.43475723325318,163.4347572332532,163.12032047919112,163.4347572332532,163.43475723325318,163.4347572332532,163.05572834440895,163.4347572332532
154.78478246154737,154.78478246154734,154.78478246154734,154.78478246154734,154.40575357270313,154.78478246154734,154.40575357270313,154.78478246154737,154.40575357270313,154.78478246154734,154.78478246154737,154.78478246154737,154.78478246154734,154.78478246154737,154.78478246154734,154.78478246154737,154.78478246154734,154.78478246154737,154.4057535727031,154.78478246154734
155.5763430687468,155.5763430687468,155.57634306874678,155.57634306874678,155.4496353008474,155.57634306874678,155.5763430687468,155.5763430687468,155.57634306874678,155.57634306874678,155.5763430687468,155.5763430687468,155.57634306874678,155.5763430687468,155.4496353008474,155.5763430687468,155.57634306874678,155.5763430687468,155.57634306874678,155.5763430687468
153.45101697102683,153.57772473892624,153.5777247389262,153.5777247389262,153.45101697102683,153.2937228746446,153.45101697102683,153.2937228746446,153.4510169710268,153.57772473892624,153.45101697102683,153.2937228746446,153.5777247389262,153.57772473892624,153.4510169710268,153.57772473892624,153.5777247389262,153.57772473892624,153.5777247389262,153.2937228746446
159.78124251813114,159.68534761623218,159.7812425181311,159.7812425181311,159.78124251813114,159.78124251813114,159.41625886094533,159.78124251813114,159.78124251813114,159.78124251813114,159.68534761623218,159.78124251813114,159.68534761623215,159.78124251813114,159.68534761623215,159.78124251813114,159.7812425181311,159.78124251813114,159.19014973667592,159.55513339386175
172.47553834799228,172.47553834799228,172.47553834799226,172.47553834799226,172.47553834799228,172.47553834799228,172.47553834799228,172.47553834799228,172.47553834799228,172.47553834799228,172.47553834799228,172.47553834799228,172.44136297933485,172.47553834799228,172.47553834799226,172.47553834799228,172.47553834799226,172.47553834799228,172.47553834799226,172.47553834799228
189.44645486812556,189.32525648087702,189.44645486812553,189.44645486812553,189.44645486812553,189.44645486812553,189.32525648087702,189.44645486812556,189.44645486812556,189.44645486812553,189.44645486812556,189.44645486812556,189.4122794994681,189.44645486812556,189.4464548681255,189.44645486812553,189.44645486812553,189.44645486812556,189.325256480877,189.44645486812553
206.80305560121187,206.68185721396333,206.6818572139633,206.80305560121184,206.80305560121187,206.80305560121187,206.68185721396335,206.80305560121187,206.80305560121187,206.80305560121187,206.80305560121187,206.80305560121187,206.80305560121187,206.80305560121187,206.80305560121187,206.80305560121187,206.80305560121187,206.80305560121187,206.68185721396333,206.80305560121187
228.15229618601091,228.15229618601091,228.1522961860109,227.44601468600868,228.15229618601091,228.15229618601091,228.15229618601091,228.15229618601091,227.77343818652835,228.15229618601091,228.15229618601091,228.15229618601091,228.1522961860109,227.82487268549127,228.1522961860109,228.15229618601091,227.82487268549124,228.15229618601091,228.1522961860109,228.15229618601091
242.59626233970025,242.59626233970025,242.59626233970022,242.59626233970022,242.59626233970025,242.59626233970025,242.59626233970025,242.59626233970025,242.59626233970025,242.59626233970025,242.59626233970025,242.59626233970025,242.59626233970022,242.59626233970025,242.59626233970022,242.59626233970025,242.59626233970022,242.59626233970025,242.59626233970022,242.59626233970025
264.7446591407367,264.7446591407367,264.74465914073664,264.5301254014817,264.74465914073664,264.7446591407367,264.7446591407367,264.7446591407367,264.7446591407367,264.7446591407367,264.74465914073664,264.74465914073664,264.7446591407367,264.7446591407367,264.7446591407367,264.5301254014817,264.7446591407367,264.7446591407367,264.7446591407367,264.74465914073664
280.2063019910638,280.6764095845204,280.6764095845204,279.9917682518088,280.6764095845204,279.99176825180876,280.6764095845204,280.4618758452654,280.6764095845204,280.6764095845204,280.2063019910638,280.2063019910638,280.6764095845204,280.4618758452654,280.2063019910638,280.4618758452654,280.6764095845204,280.2063019910638,280.6764095845204,280.6764095845204
291.70214248181543,291.6631055869316,291.66310558693164,291.95165958571954,291.95165958571954,291.66310558693164,291.7258185497478,291.75118254334194,291.63774159333747,291.61374199459283,291.75118254334194,291.72614208056007,291.8635826293092,291.95165958571954,291.77518214208663,291.7258185497478,291.81421903697037,291.95165958571954,291.52566503818247,291.83958303056454
302.69806299703885,302.5207768852572,302.5207768852572,302.69806299703885,302.5207768852572,302.69806299703885,302.69806299703885,302.69806299703885,302.69806299703885,302.69806299703885,302.5207768852572,302.69806299703885,302.69806299703885,302.69806299703885,302.52077688525725,302.52077688525725,302.69806299703885,302.69806299703885,302.69806299703885,302.69806299703885
307.79191077329006,307.79191077329,307.79191077329006,307.79191077329,307.79191077329006,307.79191077329,307.79191077329,307.79191077329,307.79191077329,307.79191077329006,307.79191077329006,307.79191077329,307.79191077329,307.79191077329006,307.79191077329006,307.79191077329006,307.79191077329,307.79191077329006,307.79191077329006,307.79191077329
311.3427946659225,311.26164053639025,311.37018692209995,311.3701869221,311.26164053639036,311.3701869221,311.34279466592255,311.3701869221,311.26164053639025,311.3701869221,311.26164053639036,311.26164053639025,311.2616405363903,311.26164053639025,311.3701869221,311.26164053639036,311.3427946659225,311.2616405363903,311.26164053639036,311.26164053639036
308.166568417509,308.166568417509,308.166568417509,308.166568417509,308.166568417509,308.166568417509,308.166568417509,308.166568417509,308.166568417509,308.166568417509,308.166568417509,308.166568417509,308.166568417509,308.166568417509,308.166568417509,308.166568417509,308.166568417509,308.166568417509,308.166568417509,308.166568417509
307.768694450059,307.76869445005894,307.768694450059,307.76869445005894,307.768694450059,307.76869445005894,307.76869445005894,307.76869445005894,307.768694450059,307.76869445005894,307.76869445005894,307.76869445005894,307.76869445005894,307.76869445005894,307.76869445005894,307.76869445005894,307.76869445005894,307.76869445005894,307.76869445005894,307.76869445005894
301.47813333525085,301.47813333525085,301.4781333352508,301.47813333525085,301.4781333352508,301.47813333525085,301.47813333525085,301.47813333525085,301.47813333525085,301.47813333525085,301.4781333352508,301.47813333525085,301.47813333525085,301.4781333352508,301.47813333525085,301.4781333352508,301.47813333525085,301.4781333352508,301.47813333525085,301.4781333352508
293.9787262532893,293.9787262532893,293.9787262532893,293.9787262532893,293.9787262532893,293.9787262532893,293.9787262532893,293.9787262532893,293.9787262532893,293.9787262532893,293.9787262532893,293.9787262532893,293.9787262532893,293.9787262532893,293.9787262532893,293.9787262532893,293.9787262532893,293.9787262532893,293.9787262532893,293.9787262532893
291.5658003315544,291.5658003315544,291.5658003315544,291.5658003315544,291.5658003315544,291.5658003315544,291.5658003315544,291.5658003315544,291.5658003315544,291.5658003315544,291.5658003315544,291.5658003315544,291.5658003315544,291.5658003315544,291.5658003315544,291.5658003315544,291.5658003315544,291.5658003315544,291.5658003315544,291.5658003315544
291.2551541569114,291.25515415691143,291.2551541569114,291.2551541569114,291.2551541569114,291.25515415691143,291.25515415691143,291.25515415691143,291.25515415691143,291.25515415691143,291.2551541569114,291.25515415691143,291.25515415691143,291.2551541569114,291.2551541569114,291.2551541569114,291.25515415691143,291.2551541569114,291.2551541569114,291.2551541569114
297.0796697531709,296.99355915680616,296.99355915680616,297.07966975317083,297.0796697531709,297.07966975317083,297.07966975317083,297.07966975317083,296.99355915680616,297.0796697531709,297.07966975317083,297.0796697531709,297.0796697531709,297.07966975317083,297.0796697531709,297.0796697531709,297.0796697531709,297.07966975317083,297.07966975317083,297.0796697531709
301.89729200786076,301.8111814114961,301.8111814114961,301.8972920078608,301.7759355197553,301.8111814114961,301.89729200786076,301.89729200786076,301.6109172924483,301.7155029710909,301.8111814114961,301.89729200786076,301.68982492339063,301.89729200786076,301.8972920078608,301.8016135674556,301.8111814114961,301.81118141149614,301.89729200786076,301.89729200786076
306.5563883696735,306.54789686351,306.49962885452004,306.46898923256765,306.7789988947304,306.6352960006159,306.8579065256728,306.4207212235777,306.4207212235777,306.5563883696735,306.6352960006159,306.6352960006158,306.7705073885669,306.5563883696735,306.6352960006159,306.55638836967347,306.6352960006159,306.54789686351,306.5563883696735,306.4207212235777
312.1238506737078,311.9429277114155,312.1238506737078,312.1238506737078,311.9429277114155,312.1238506737078,312.1238506737078,311.94292771141545,312.1238506737078,312.1238506737078,312.1238506737078,312.1238506737078,312.1238506737078,312.1238506737078,312.1238506737078,312.1238506737078,311.94292771141545,312.1238506737078,312.1238506737078,312.1238506737078
324.6230734800784,324.6230734800784,324.55630605842566,324.55630605842566,324.5563060584257,324.5563060584257,324.6230734800784,324.55630605842566,324.6230734800784,324.6230734800784,324.5563060584257,324.6230734800784,324.55630605842566,324.55630605842566,324.55630605842566,324.6230734800784,324.55630605842566,324.6230734800784,324.6230734800784,324.6230734800784
331.4317153642244,331.4317153642244,331.4317153642244,331.4317153642244,331.4317153642244,331.43171536422443,331.4317153642244,331.4317153642244,331.4317153642244,331.4317153642244,331.4317153642244,331.4317153642244,331.4317153642244,331.4317153642244,331.4317153642244,331.4317153642244,331.4317153642244,331.4317153642244,331.4317153642244,331.4317153642244
340.87683985608004,340.87683985608004,340.87683985608004,340.87683985608,340.87683985608004,340.8768398560801,340.87683985608,340.87683985608004,340.87683985608004,340.87683985608004,340.87683985608,340.87683985608004,340.87683985608004,340.87683985608004,340.87683985608,340.87683985608004,340.87683985608,340.87683985608,340.87683985608004,340.87683985608004
346.9853988451148,346.98539884511484,346.98539884511484,346.9853988451148,346.98539884511484,346.9853988451149,346.98539884511484,346.98539884511484,346.9853988451148,346.98539884511484,346.9853988451148,346.98539884511484,346.98539884511484,346.9853988451148,346.98539884511484,346.98539884511484,346.98539884511484,346.98539884511484,346.98539884511484,346.98539884511484
346.08658970220614,346.08658970220614,346.08658970220614,346.08658970220614,346.08658970220614,346.0865897022062,346.08658970220614,346.08658970220614,346.08658970220614,346.08658970220614,346.08658970220614,346.08658970220614,346.08658970220614,346.08658970220614,346.08658970220614,346.08658970220614,346.08658970220614,346.08658970220614,346.08658970220614,346.08658970220614
342.5847654630258,342.58476546302575,342.5847654630258,342.58476546302575,342.5847654630258,342.58476546302586,342.5847654630258,342.58476546302575,342.58476546302575,342.58476546302575,342.58476546302575,342.5847654630258,342.5847654630258,342.5847654630258,342.58476546302575,342.5847654630258,342.5847654630258,342.5847654630258,342.5847654630258,342.5847654630258
336.3995062239794,336.3995062239794,336.3995062239794,336.3995062239794,336.3995062239794,336.3995062239794,336.3995062239795,336.3995062239794,336.3995062239794,336.3995062239794,336.3995062239794,336.3995062239794,336.3995062239795,336.3995062239795,336.3995062239794,336.3995062239794,336.3995062239794,336.3995062239794,336.3995062239795,336.3995062239794
330.381210510176,330.381210510176,330.381210510176,330.381210510176,330.381210510176,330.381210510176,330.381210510176,330.381210510176,330.381210510176,330.381210510176,330.381210510176,330.381210510176,330.381210510176,330.381210510176,330.381210510176,330.381210510176,330.381210510176,330.381210510176,330.381210510176,330.381210510176
330.3200670345956,330.3200670345956,330.3200670345956,330.3200670345956,330.3200670345956,330.3200670345956,330.3200670345956,330.3200670345956,330.3200670345956,330.3200670345956,330.3200670345956,330.3200670345956,330.3200670345956,330.3200670345956,330.3200670345956,330.3200670345956,330.3200670345956,330.3200670345956,330.3200670345956,330.3200670345956
336.0186135010931,336.01861350109306,336.01861350109306,336.01861350109306,336.0186135010931,336.0186135010931,336.0186135010931,336.01861350109306,336.0186135010931,336.0186135010931,336.01861350109306,336.0186135010931,336.0186135010931,336.0186135010931,336.0186135010931,336.0186135010931,336.01861350109306,336.0186135010931,336.01861350109306,336.0186135010931
345.21417219816743,345.2141721981675,345.2141721981675,345.21417219816743,345.21417219816743,345.2141721981675,345.2141721981675,345.21417219816743,345.2141721981675,345.21417219816743,345.21417219816743,345.2141721981675,345.21417219816743,345.2141721981675,345.21417219816743,345.2141721981675,345.21417219816743,345.2141721981675,345.21417219816743,345.21417219816743
358.9668698533197,358.9668698533197,358.9668698533197,358.9668698533197,358.9668698533197,358.9668698533197,358.9668698533197,358.9668698533197,358.9668698533197,358.9668698533197,358.9668698533197,358.9668698533197,358.9668698533197,358.9668698533197,358.9668698533197,358.9668698533197,358.9668698533197,358.9668698533197,358.9668698533197,358.9668698533197
372.3191498797899,372.3191498797899,372.3191498797899,372.3191498797899,372.3191498797899,372.3191498797899,372.3191498797899,372.3191498797899,372.3191498797899,372.3191498797899,372.3191498797899,372.3191498797899,372.3191498797899,372.3191498797899,372.3191498797899,372.3191498797899,372.3191498797899,372.3191498797899,372.3191498797899,372.3191498797899
395.1932713486381,395.1932713486381,395.1932713486381,395.1932713486382,395.1932713486381,395.1932713486381,395.1932713486382,395.1932713486382,395.1932713486381,395.1932713486381,395.1932713486382,395.1932713486381,395.1932713486382,395.1932713486382,395.1932713486381,395.1932713486382,395.1932713486381,395.1932713486382,395.1932713486381,395.1932713486381
412.1121876777775,412.11218767777746,412.1121876777775,412.1121876777775,412.1121876777775,412.1121876777775,412.1121876777775,412.1121876777775,412.1121876777775,412.11218767777746,412.1121876777775,412.1121876777775,412.1121876777775,412.1121876777775,412.1121876777775,412.1121876777775,412.1121876777775,412.1121876777775,412.1121876777775,412.1121876777775
426.17253280273826,426.17253280273826,426.17253280273826,426.06534377749233,426.06534377749233,426.06534377749233,426.1725328027383,426.06534377749233,426.17253280273826,426.0653437774922,426.06534377749233,426.06534377749233,426.17253280273826,426.1725328027383,426.06534377749233,426.06534377749233,426.06534377749233,426.06534377749233,426.06534377749233,426.06534377749233
430.4020230187377,430.4020230187377,430.4020230187377,430.29483399349175,430.4020230187377,430.4020230187377,430.40202301873774,430.40202301873774,430.4020230187377,430.4020230187377,430.29483399349175,430.29483399349175,430.40202301873774,430.40202301873774,430.4020230187377,430.40202301873774,430.29483399349175,430.40202301873774,430.29483399349175,430.4020230187377
431.53295263608794,431.5329526360879,431.5329526360879,431.4257636108419,431.53295263608794,431.53295263608794,431.53295263608794,431.53295263608794,431.5329526360879,431.5329526360879,431.4257636108419,431.4257636108419,431.53295263608794,431.53295263608794,431.53295263608794,431.53295263608794,431.4257636108419,431.53295263608794,431.4257636108419,431.53295263608794
423.3618980527681,423.361898052768,423.361898052768,423.25470902752204,423.3618980527681,423.3618980527681,423.3618980527681,423.3618980527681,423.361898052768,423.36189805276797,423.25470902752204,423.25470902752204,423.3618980527681,423.3618980527681,423.3618980527681,423.3618980527681,423.25470902752204,423.3618980527681,423.25470902752204,423.3618980527681
405.7186622433451,405.718662243345,405.7186622433451,405.6114732180991,405.7186622433451,405.7186622433451,405.7186622433451,405.7186622433451,405.718662243345,405.718662243345,405.6114732180991,405.6114732180991,405.7186622433451,405.7186622433451,405.7186622433451,405.7186622433451,405.6114732180991,405.7186622433451,405.6114732180991,405.7186622433451
387.249749857128,387.24974985712794,386.80594155614256,386.6987525308966,387.142560831882,387.249749857128,387.249749857128,387.24974985712794,387.24974985712794,386.80594155614256,386.6987525308966,387.142560831882,387.249749857128,386.8059415561426,387.249749857128,386.8059415561426,387.142560831882,386.8059415561426,387.142560831882,387.249749857128
365.809706759356,364.8632740911464,364.5560768499824,364.4234046816332,364.5079610442078,364.5040221527356,364.95176934519327,365.07381309288576,364.8521011069396,364.84816221546737,364.5040221527356,365.3658984583706,364.8045298647151,364.5040221527356,365.502509518192,365.502509518192,364.9998851509678,364.76754474436495,365.02569728711114,365.15836945546033
353.69707679512356,353.6970767951235,353.6970767951235,353.51338567489825,353.58331270248647,353.69707679512356,353.69707679512356,353.6970767951235,353.6970767951235,353.4817307067245,353.6970767951235,353.69707679512356,353.4817307067245,353.69707679512356,353.48173070672453,353.3679666140875,353.6970767951235,353.69707679512356,353.58331270248647,353.48173070672453
341.52165267407105,341.52165267407105,341.52165267407105,341.52165267407105,341.52165267407105,341.52165267407105,341.52165267407116,341.52165267407105,341.52165267407105,341.52165267407105,341.5216526740711,341.52165267407105,341.52165267407105,341.52165267407116,341.52165267407105,341.5216526740711,341.52165267407105,341.52165267407116,341.52165267407105,341.52165267407105
331.93288269187155,332.1107575782197,331.93288269187155,331.93288269187155,332.1107575782197,331.93288269187155,331.93288269187155,332.1107575782197,331.93288269187155,331.93288269187155,331.93288269187155,332.1107575782197,332.1107575782197,332.1107575782197,332.1107575782197,331.93288269187155,331.93288269187155,332.1107575782197,332.1107575782197,332.1107575782197
324.73517625424176,324.9130511405899,324.73517625424176,324.73517625424176,324.9130511405899,324.73517625424176,324.9130511405899,324.9130511405899,324.73517625424176,324.9130511405899,324.73517625424176,324.9130511405899,324.9130511405899,324.9130511405899,324.9130511405899,324.9130511405899,324.73517625424176,324.9130511405899,324.9130511405899,324.9130511405899
322.16951092565176,322.16951092565176,322.1695109256518,322.16951092565176,322.16951092565176,322.2675610703229,322.2675610703229,322.16951092565176,322.16951092565176,322.2675610703229,322.16951092565176,322.267561070323,322.2675610703229,322.16951092565176,322.16951092565176,322.1695109256518,322.2675610703229,322.16951092565176,322.2675610703229,322.267561070323
314.99668884003034,314.99668884003034,314.9966888400304,314.7386501021641,314.99668884003034,314.7386501021641,314.99668884003034,314.99668884003034,314.7386501021641,314.99668884003034,314.99668884003034,314.9966888400304,314.99668884003034,314.99668884003034,314.99668884003034,314.9966888400304,314.99668884003034,314.7386501021641,314.99668884003034,314.9966888400304
308.6373129836503,308.6373129836503,308.6373129836503,308.379274245784,308.6373129836503,308.379274245784,308.6373129836503,308.6373129836503,308.379274245784,308.6373129836503,308.6373129836503,308.6373129836503,308.6373129836503,308.6373129836503,308.6373129836503,308.6373129836503,308.6373129836503,308.379274245784,308.6373129836503,308.6373129836503
294.6057414759803,294.39447597303393,294.6057414759804,294.6057414759804,294.39447597303393,294.39447597303393,294.6057414759803,294.39447597303393,294.394475973034,294.6057414759803,294.6057414759803,294.6057414759804,294.6057414759804,294.6057414759803,294.394475973034,294.39447597303393,294.6057414759804,294.6057414759803,294.39447597303393,294.6057414759804
285.1275744188536,284.91630891590717,284.91630891590717,285.1275744188536,284.91630891590717,284.91630891590717,285.1275744188536,284.91630891590717,284.91630891590717,284.91630891590717,285.1275744188536,284.91630891590717,284.91630891590717,285.1275744188536,284.91630891590717,284.91630891590717,285.1275744188536,285.1275744188536,284.91630891590717,285.1275744188536
277.84812642843696,277.8410856543467,277.84812642843696,277.8410856543467,277.8410856543467,277.84812642843696,277.8410856543467,277.8410856543467,277.8410856543467,277.8410856543467,277.8410856543467,277.8410856543468,277.84812642843696,277.8410856543467,277.8410856543467,277.84812642843696,277.8410856543467,277.84812642843696,277.8410856543467,277.8410856543468
272.65841731480526,272.651376540715,272.65841731480526,272.65137654071503,272.65137654071503,272.65841731480526,272.65137654071503,272.65137654071503,272.65137654071503,272.651376540715,272.65137654071503,272.65137654071503,272.65841731480526,272.65137654071503,272.65137654071503,272.65841731480526,272.65137654071503,272.65841731480526,272.65137654071503,272.65137654071503
265.3596928873068,265.35265211321655,265.3596928873067,265.35265211321655,265.35265211321655,265.3596928873068,265.35265211321655,265.35265211321655,265.35265211321655,265.96125266671714,265.35265211321655,265.35265211321655,265.3596928873068,265.35265211321655,265.35265211321655,265.9682934408074,265.3526521132165,265.3596928873068,265.35265211321655,265.35265211321655
261.2569532060483,261.8585129854587,261.2499124319581,261.2499124319581,261.2499124319581,261.2569532060483,261.2499124319581,261.2499124319581,261.8585129854587,261.844546079117,261.84454607911704,261.2499124319581,261.2569532060483,261.2499124319581,261.2499124319581,261.844546079117,261.844546079117,261.2499124319581,261.2359455256164,261.8585129854587
261.0150184960654,261.0079777219752,261.0079777219752,261.0079777219752,261.0079777219752,261.0150184960654,261.0079777219752,261.0079777219752,261.0079777219752,261.0079777219752,260.9940108156335,261.0079777219752,261.0150184960654,261.0079777219752,261.0079777219752,261.0079777219752,260.99401081563343,261.0079777219752,261.0079777219752,261.0079777219752
265.65507606859563,265.6480352945054,265.6480352945054,265.6480352945054,265.6480352945054,265.6480352945054,265.6480352945054,265.6480352945054,265.6480352945054,265.6480352945054,265.6340683881637,265.6480352945054,265.65507606859563,265.6480352945054,265.6480352945054,265.6480352945054,265.6340683881637,265.6480352945054,265.6480352945054,265.6480352945054
259.4054991896228,259.01021886677074,258.59305381656736,258.45648709156205,259.4762548724485,258.63066606257354,258.63066606257354,258.45648709156205,258.83603989575926,258.66665273638563,258.82207298941756,258.9812933653292,259.01725964086097,258.59305381656736,258.87365214176543,258.8360398957592,259.0478311127769,258.63066606257354,258.63066606257354,258.9812933653292
250.01987335783207,249.62459303498008,249.62459303498005,249.66220528098617,250.09062904065786,250.05044482974802,249.6622052809862,250.05044482974802,250.01283258374184,249.69819195479835,249.99886567740015,250.01283258374184,249.63163380907028,250.01283258374184,249.62459303498005,250.01283258374184,249.66220528098617,250.05044482974802,250.050444829748,250.01283258374184
245.30669277761177,245.29965200352154,245.29965200352152,245.33726424952764,245.3774484604375,245.2856850971798,245.3443050236179,245.29965200352154,245.29965200352154,245.3774484604375,245.2856850971798,245.29965200352154,245.30669277761174,245.33726424952766,245.29965200352146,245.29965200352154,245.29965200352152,245.33726424952766,245.29965200352152,245.29965200352154
252.58906102254977,252.6266732685559,252.58906102254974,252.58906102254974,252.66685747946573,252.58906102254977,252.6266732685559,252.58906102254977,252.58906102254977,252.66685747946573,252.58906102254977,252.58906102254977,252.58906102254974,252.6266732685559,252.58906102254974,252.6266732685559,252.58906102254974,252.6266732685559,252.58906102254974,252.58906102254977
265.64561388297614,265.68322612898226,265.71438794297256,265.5954069192498,265.7234103398921,265.6190256845107,265.6330191652559,265.6190256845107,265.5954069192498,265.6968221414267,265.6219951177152,265.6190256845107,265.68322612898226,265.6330191652559,265.6219951177152,265.68322612898226,265.6190256845107,265.68322612898226,265.64561388297614,265.6190256845107
284.2800949543696,284.4550446686218,284.3938136573547,284.27483263363195,284.40866773467195,284.12920146780414,284.14319494854936,284.15570686889686,284.2800121569969,284.25196761703387,284.1321709010086,284.2984513988929,284.3626518433644,284.3124448796381,284.30142083209734,284.3626518433644,284.33087127775593,284.3626518433644,284.3250395973583,284.21174551302084
311.77711720297464,311.80643575139896,311.80940518460346,311.6528119148746,311.7866470159146,311.6764306801355,311.69042416088075,311.70293608122824,311.8833179065555,311.79919682936526,311.6528119148746,311.6764306801355,311.8779936421781,311.8147294489808,311.67940011334,311.7406311246071,311.70885055899856,311.71404292614164,311.72952427969363,311.75897472535223
339.7807227148037,339.7724290172219,339.7753984504264,339.7111980059549,339.75264028173746,339.64242394595846,339.6564174267036,339.76132217230855,339.9417039976357,339.9455340274122,339.6564174267037,339.7348167712158,339.8439869080011,339.8731155400611,339.7377862044203,339.7066243904299,339.67484382482144,339.77242901722195,339.7879103707739,339.7625802371812
364.6497669860832,364.6047972937695,364.5436843083129,364.61215474007713,364.5292917277596,364.474792222506,364.4568732404085,364.469385160756,364.7058056302072,364.7058056302072,364.42051905927514,364.48049200566936,364.5520498964486,364.5811785285086,364.47529963852634,364.41468737887743,364.4330309796226,364.5365306497934,364.5561962286603,364.5949485137288
391.85913792603986,391.5657655096875,391.4864299139012,391.8591379260398,391.79087128206373,391.61073520200125,391.9151765701638,391.7908712820638,391.9151765701638,391.9151765701638,391.8465881125892,391.5113743206462,391.55051233256233,391.8406736348188,391.9151765701638,391.59227091078026,391.5614984869999,391.5113743206462,391.9274847027232,391.8967122789428
416.22146667379945,415.8158103535027,416.0572799119715,415.6636107359066,415.46570049902,415.6636107359066,414.89890136545637,415.42214117743777,414.7038692228541,415.19633661105513,415.1025548901309,415.3227802960827,414.86945091979777,415.7973460622817,415.953515094032,416.1132455991015,416.1300829454133,416.1485472366343,414.73464164663443,414.6854049316331
421.6054968755996,421.6054968755996,420.9179973447963,421.6054968755996,421.379692309217,421.6054968755996,421.5747244518193,421.6054968755996,420.8872249210159,421.57472445181924,421.6054968755996,421.5747244518192,421.6054968755996,421.09456519617754,421.4104647329973,421.6054968755996,421.6054968755996,421.5747244518193,420.9179973447963,421.06379277239716
419.64666543198234,419.3778665337363,418.959165901179,419.3778665337363,419.18283439113407,419.64666543198234,419.37786653373644,419.3778665337363,418.959165901179,419.64666543198234,419.64666543198234,419.64666543198234,419.64666543198234,419.1541980437813,419.18283439113407,419.64666543198234,419.64666543198234,419.6466654319824,418.959165901179,419.15419804378126
407.6400198507453,407.64001985074526,407.6991125994788,407.69911259947867,407.5812865196406,407.64001985074526,407.6991125994787,407.69911259947867,407.64001985074526,407.64001985074526,407.6991125994788,407.5812865196406,407.53929118047023,407.5812865196406,407.64001985074526,407.6991125994787,407.6400198507453,407.5221937709072,407.64001985074526,407.6991125994787
385.51445347576185,385.0043958069197,385.4014625113224,385.4014625113223,385.4014625113222,385.0043958069197,384.89140484248026,385.40146251132234,385.5735462244952,384.83231209374674,384.8914048424802,385.57354622449526,384.8914048424802,385.4014625113224,385.0043958069197,385.4014625113223,385.4014625113223,384.8323120937468,384.89140484248014,384.8914048424802
371.49702514687937,370.9869674780373,371.32494143370644,371.32494143370644,371.3249414337064,370.9869674780373,370.81488376486436,371.32494143370644,371.49702514687937,370.8148837648643,370.81488376486436,371.49702514687937,370.81488376486436,371.32494143370644,370.9869674780373,371.32494143370644,371.3249414337064,370.81488376486436,370.8148837648643,370.8148837648643
346.6162633304459,346.6162633304459,346.6162633304459,346.6162633304459,346.6162633304459,346.6162633304459,346.616263330446,346.6162633304459,346.6162633304459,346.6162633304459,346.6162633304459,346.6162633304459,346.6162633304459,346.616263330446,346.6162633304459,346.6162633304459,346.6162633304459,346.616263330446,346.6162633304459,346.6162633304459
311.7975263917527,311.7975263917527,311.4153520591827,311.7975263917527,311.4153520591827,311.4153520591827,311.41535205918274,311.4153520591827,311.7975263917527,311.4153520591827,311.4153520591827,311.4153520591827,311.4153520591827,311.41535205918274,311.4153520591827,311.4153520591827,311.7975263917527,311.79752639175274,311.4153520591827,311.4153520591827
277.92134614494637,277.28479851563895,277.92134614494637,277.92134614494637,277.92134614494637,277.28479851563895,277.5068265926249,277.6993180679604,277.28479851563895,278.088939078804,277.6993180679604,277.8964476034685,277.5068265926249,277.8964476034685,277.5068265926249,277.6993180679604,277.28479851563895,277.28479851563895,278.31096715578997,277.6993180679604
262.1800988641201,261.8499257885207,261.73350686185125,262.18009886412017,261.92053020962607,261.47785716289957,261.6530793406716,261.71905703539534,262.15863855200564,261.8414926096122,261.9596131452321,261.22093716485864,261.5313899249615,262.0369491362956,261.0985015906417,262.0048766863481,261.0847979226926,261.54509359291063,261.6019943460668,261.86156300056086
253.90124667816937,254.38340807722997,254.20793047912605,254.15133652498395,253.70674987211888,254.08827002594418,254.38340807722997,254.75544942337584,254.75544942337584,254.56842607560102,253.96631852661292,254.57043142500478,254.568426075601,254.57043142500478,254.20793047912605,254.12383942273593,253.70474452271506,254.23743293077794,254.20793047912605,254.15334187438773
253.38814781495032,253.2331235381104,252.94155581268137,253.23312353811036,253.38814781495032,253.27996755262186,253.27996755262188,253.27996755262186,253.38814781495032,253.38814781495032,253.27996755262186,253.38814781495032,253.27996755262183,253.34130380043885,253.34130380043882,252.83337555035297,252.8333755503529,253.34130380043885,253.34130380043882,253.27996755262186
263.94015422243405,264.04441756212015,263.94015422243405,263.94015422243405,263.9869982369455,263.9869982369455,263.9869982369455,263.9869982369455,263.94015422243405,263.94015422243405,264.04441756212015,263.94015422243405,264.026585770767,263.94015422243405,263.9401542224341,264.0912615766316,263.9869982369455,263.94015422243405,263.8754784165695,264.04441756212015
279.64033753970625,279.7639482385816,279.86828010544434,279.59500909303097,279.9492733922824,279.706528913407,279.706528913407,279.9151241199558,279.9329559113089,279.65968489889553,279.9725434451304,279.65968489889553,279.699272432717,279.65968489889553,279.9725434451304,280.0840632655064,279.706528913407,279.86828010544434,279.59500909303097,279.699272432717
304.10064218684346,304.2049055265295,304.0553137401682,304.0553137401682,304.13630702700624,304.1668335605442,304.27109690023025,304.10215775467964,304.11998954603274,304.11998954603274,304.1595770798542,304.2049055265295,304.1595770798542,304.15413881835934,304.1595770798542,304.27109690023025,304.27109690023025,304.1595770798542,304.0553137401682,304.1595770798542
319.52706353678167,319.5971776041411,319.4817350901064,319.4817350901064,319.4817350901064,319.5518491574659,319.4817350901064,319.5518491574658,319.54641089597095,319.61652496333045,319.48173509010644,319.5971776041411,319.4817350901064,319.54641089597095,319.5518491574659,319.54641089597095,319.61652496333045,319.5518491574658,319.4817350901064,319.5518491574659
337.4689788086322,337.4689788086322,337.4236503619569,337.4236503619569,337.4236503619569,337.49376442931634,337.4236503619569,337.4236503619569,337.4236503619569,337.4236503619569,337.4236503619569,337.5390928759916,337.4236503619569,337.4689788086322,337.4236503619569,337.4236503619569,337.4236503619569,337.4236503619569,337.4236503619569,337.4236503619569
344.0430573775894,344.0430573775894,343.9977289309141,344.0430573775894,343.9293292801387,344.06784299827353,343.9977289309141,343.974657726814,344.0430573775894,344.0447717941734,343.9977289309141,344.1131714449488,343.9293292801387,344.0430573775893,343.9977289309141,343.9977289309141,344.06784299827353,344.1131714449488,343.9977289309141,344.0430573775893
343.3063851387737,343.3063851387737,343.3063851387737,343.3063851387737,343.3063851387737,343.07472179786595,343.2610566920984,343.3063851387737,343.3063851387737,343.37649920613313,343.2610566920984,343.12005024454123,343.2610566920984,343.30638513877375,343.0499361771818,343.0046077305065,343.12005024454123,343.37649920613313,343.3063851387737,343.30638513877375
333.2404242699283,332.77031667647174,332.72498822979645,333.153736450893,332.77031667647174,333.22385051825245,332.77031667647174,332.77031667647174,332.77031667647174,332.8404307438312,333.1950958232531,333.22385051825245,332.72498822979645,332.77031667647174,333.153736450893,332.72498822979645,332.8404307438312,333.3105383372878,332.77031667647174,332.68362885743636
323.0543367849299,322.5842291914733,322.538900744798,323.0543367849299,322.5842291914733,323.0543367849299,322.5842291914733,322.5842291914733,322.5842291914733,322.5842291914733,323.00900833825466,323.0543367849299,322.538900744798,322.5842291914733,323.0543367849299,322.538900744798,322.5842291914733,323.0543367849299,322.5842291914733,322.5842291914733
310.44320020271635,310.10987648008916,310.671145355553,310.10987648008916,309.89640410383066,310.4576729792945,310.671145355553,310.44320020271635,310.4576729792945,310.1908796299733,310.1908796299733,310.20535240655147,310.44320020271635,310.20535240655147,310.22972782645786,310.671145355553,310.4576729792945,310.44320020271635,310.4576729792945,310.671145355553
302.76487345267935,302.43154973005215,303.14704778524936,302.43154973005215,302.21807735379366,302.93357540899086,302.76487345267935,302.76487345267935,302.55140107642086,302.5125528799363,302.5125528799363,302.2990805036778,302.76487345267935,302.68125483624783,302.55140107642086,302.76487345267935,302.55140107642086,302.76487345267935,302.93357540899086,302.76487345267935
297.11072914631944,297.11072914631944,297.11072914631944,297.11072914631944,297.11072914631944,297.11072914631944,297.11072914631944,297.11072914631944,297.11072914631944,297.11072914631944,297.11072914631944,297.11072914631944,297.11072914631944,297.11072914631944,297.11072914631944,297.11072914631944,297.11072914631944,297.11072914631944,297.11072914631944,297.11072914631944
300.33993105015776,300.11441469337507,300.11441469337507,300.1144146933751,300.11441469337507,300.3399310501578,300.1144146933751,300.1144146933751,300.33993105015776,300.11441469337507,300.1144146933751,300.11441469337507,300.1144146933751,300.25698972976636,300.1144146933751,300.11441469337507,300.11441469337507,300.25698972976636,300.2569897297663,300.11441469337507
304.338861411166,304.338861411166,304.33886141116596,304.338861411166,304.33886141116596,304.338861411166,304.33886141116596,304.338861411166,304.338861411166,304.338861411166,304.33886141116596,304.338861411166,304.338861411166,304.338861411166,304.338861411166,304.338861411166,304.338861411166,304.33886141116596,304.33886141116596,304.338861411166
304.634067108491,304.8075273107636,304.63406710849097,304.80752731076353,304.634067108491,304.634067108491,304.634067108491,304.8075273107636,304.634067108491,304.634067108491,304.8075273107636,304.634067108491,304.634067108491,304.634067108491,304.8075273107636,304.634067108491,304.63406710849097,304.80752731076353,304.63406710849097,304.8075273107636
314.8855014986923,314.8855014986923,314.8855014986923,314.8855014986923,314.8855014986923,314.8855014986923,314.8855014986923,314.8855014986923,314.8855014986923,314.8855014986923,314.8855014986923,314.8855014986923,314.8855014986923,314.8855014986923,314.8855014986923,314.8855014986923,314.8855014986923,314.88550149869224,314.8855014986923,314.8855014986923
318.8606782069698,318.8606782069698,318.77633567278,318.77633567277996,318.77633567277996,318.7763356727801,318.7763356727801,318.8606782069698,318.7763356727801,318.7763356727801,318.8606782069698,318.8606782069698,318.8606782069698,318.8606782069698,318.77633567278,318.7763356727801,318.8606782069698,318.7763356727801,318.8606782069698,318.77633567277996
314.58688706488005,314.5868870648801,314.5868870648801,314.5868870648801,314.58688706488005,314.5868870648801,314.5868870648801,314.5868870648801,314.5868870648801,314.5868870648801,314.5868870648801,314.58688706488005,314.5868870648801,314.5868870648801,314.5868870648801,314.5868870648801,314.5868870648801,314.5868870648801,314.58688706488005,314.58688706488005
316.7576254786105,316.7576254786105,316.7576254786105,316.7576254786105,316.7576254786105,316.7576254786105,316.7576254786105,316.7576254786105,316.7576254786105,316.7576254786105,316.7576254786105,316.7576254786105,316.7576254786105,316.7576254786105,316.7576254786105,316.7576254786105,316.7576254786105,316.7576254786105,316.7576254786105,316.7576254786105
306.9476580661573,306.58209169119476,306.8256576545296,306.9476580661573,306.9476580661573,306.9476580661574,306.9476580661574,306.82565765452966,306.9476580661574,306.5820916911947,306.82565765452966,306.5820916911947,306.9476580661574,306.9476580661574,306.9476580661573,306.9476580661574,306.8256576545296,306.9476580661574,306.8256576545296,306.5820916911947
294.3781483770961,294.3781483770961,294.3781483770961,294.3781483770961,294.3781483770961,294.3781483770961,294.3781483770961,294.3781483770961,294.3781483770961,294.3781483770961,294.3781483770961,294.3781483770961,294.3781483770961,294.3781483770961,294.3781483770961,294.3781483770961,294.3781483770961,294.3781483770961,294.3781483770961,294.3781483770961
275.40016602718214,275.40016602718214,275.40016602718214,275.40016602718214,275.40016602718214,275.40016602718214,275.40016602718214,275.4001660271822,275.4001660271822,275.40016602718214,275.40016602718214,275.40016602718214,275.40016602718214,275.40016602718214,275.40016602718214,275.40016602718214,275.40016602718214,275.40016602718214,275.40016602718214,275.40016602718214
257.69426611030406,257.6942661103041,257.6942661103041,257.6942661103041,257.69426611030406,257.6942661103041,257.6942661103041,257.6942661103041,257.6942661103041,257.6942661103041,257.6942661103041,257.69426611030406,257.6942661103041,257.6942661103041,257.6942661103041,257.6942661103041,257.69426611030406,257.6942661103041,257.69426611030406,257.69426611030406
234.79024866362008,234.79024866362008,234.79024866362005,234.79024866362005,235.1724229961901,234.79024866362008,235.17242299619005,235.17242299619005,234.79024866362008,235.1724229961901,235.17242299619005,235.1724229961901,235.17242299619005,234.79024866362002,235.17242299619008,235.1724229961901,234.79024866362005,234.79024866362008,234.79024866362005,235.17242299619014
225.65317134129847,225.65317134129847,225.65317134129845,225.65317134129845,225.65317134129847,225.65317134129847,225.65317134129842,225.65317134129842,225.65317134129847,225.65317134129847,225.65317134129842,225.65317134129847,225.6531713412984,225.65317134129842,225.65317134129845,225.65317134129847,225.65317134129845,225.65317134129847,225.65317134129845,225.65317134129847
222.99323199288963,223.16901965977004,222.99323199288958,222.99323199288952,223.1690196597701,223.16901965977004,222.99323199288958,223.16901965977004,223.1690196597701,223.16901965977004,222.99323199288958,223.1690196597701,222.99323199288955,222.99323199288955,223.16901965977002,222.99323199288958,223.16901965977002,223.16901965977004,223.16901965977007,223.1690196597701
227.57194252571506,227.74773019259553,227.57194252571503,227.57194252571503,227.74773019259553,227.74773019259553,227.57194252571506,227.74773019259553,227.74773019259553,227.74773019259553,227.57194252571503,227.74773019259558,227.57194252571503,227.57194252571506,227.7477301925955,226.8909007698491,227.7477301925955,227.74773019259553,227.7477301925955,227.06668843672958
241.76641642693744,241.34932687632042,241.3493268763204,241.7664164269374,241.76641642693744,241.76641642693744,241.34932687632042,241.34932687632042,241.34932687632042,241.34932687632042,241.76641642693744,241.34932687632048,241.3493268763204,241.34932687632042,241.3493268763204,241.34932687632042,241.7664164269374,241.76641642693744,241.3493268763204,241.76641642693744
267.7198859746275,267.71988597462746,267.71988597462746,267.71988597462746,267.71988597462746,267.71988597462746,267.71988597462746,267.71988597462746,267.71988597462746,267.71988597462746,267.71988597462746,267.7198859746275,267.71988597462746,267.71988597462746,267.71988597462746,267.71988597462746,267.71988597462746,267.71988597462746,267.71988597462746,267.7198859746275
295.53378655686186,295.53378655686186,295.5337865568618,295.5337865568618,295.53378655686186,295.5337865568618,295.5337865568618,295.5337865568618,295.53378655686186,295.5337865568618,295.5337865568618,295.53378655686186,295.5337865568618,295.5337865568618,295.5337865568618,295.5337865568618,295.5337865568618,295.5337865568618,295.53378655686186,295.53378655686186
322.43511451586727,322.43511451586727,322.43511451586727,322.43511451586727,322.4351145158673,322.43511451586727,322.4351145158673,322.4351145158673,322.43511451586727,322.43511451586727,322.4351145158672,322.4351145158672,322.4351145158672,322.4351145158672,322.4351145158672,322.43511451586727,322.4351145158673,322.43511451586727,322.4351145158672,322.43511451586727
333.3662895374666,333.3662895374666,333.3662895374666,333.54206642693583,333.3662895374666,333.3662895374666,333.54206642693583,333.54206642693583,333.3662895374666,333.54206642693583,333.36628953746657,333.54206642693583,333.36628953746657,333.36628953746657,333.3662895374666,333.3662895374666,333.54206642693583,333.3662895374666,333.3662895374666,333.3662895374666
336.7698957779123,336.7014961271369,336.8664910516442,336.8638387307378,336.9322383815133,336.83564310778127,337.04226794111344,337.04226794111344,336.86649105164423,337.04226794111344,336.83564310778127,336.86649105164423,336.8664910516442,336.8664910516442,336.93223838151323,336.8664910516442,336.7014961271368,336.83564310778127,336.86649105164423,336.86649105164423
328.09810578114343,328.029706130368,328.09810578114343,328.351902421829,328.095453460237,328.4203020726044,328.09810578114343,328.2861550919599,328.09810578114343,328.029706130368,328.4203020726044,328.4511500164673,328.1263014041,328.09810578114343,328.51689734633635,328.35455474273533,328.2861550919599,328.16385311101243,328.35455474273533,328.1947010548754
301.4990111089024,301.4990111089024,301.76268137621184,301.4990111089023,301.4990111089024,301.76268137621184,301.4990111089024,301.76268137621184,301.4990111089024,301.4990111089023,301.76268137621184,301.4990111089024,301.83882779442723,301.4990111089024,301.4990111089024,301.4990111089024,301.4990111089024,301.4990111089024,301.83882779442723,301.4990111089023
283.841477452864,283.841477452864,283.84147745286396,283.84147745286396,283.841477452864,283.84147745286396,283.84147745286396,283.84147745286396,283.841477452864,283.84147745286396,283.84147745286396,283.841477452864,283.84147745286396,283.84147745286396,283.84147745286396,283.84147745286396,283.84147745286396,283.84147745286396,283.841477452864,283.841477452864
253.2948836295898,253.2948836295898,253.62696444358423,253.29488362958978,253.2948836295898,253.2948836295898,253.62696444358426,253.62696444358423,253.2948836295898,253.62696444358426,253.62696444358423,253.62696444358426,253.29488362958978,253.2948836295898,253.29488362958978,253.62696444358423,253.62696444358423,253.62696444358426,253.29488362958978,253.2948836295898
230.5172068073887,230.5172068073887,230.51720680738867,230.51720680738867,230.5172068073887,230.5172068073887,230.5172068073887,230.5172068073887,230.5172068073887,230.5172068073887,230.5172068073887,230.5172068073887,230.51720680738867,230.5172068073887,230.51720680738867,230.5172068073887,230.51720680738867,230.5172068073887,230.51720680738867,230.5172068073887
210.8301097703551,211.0473548443614,210.95073988329162,210.92672473142486,210.95073988329165,210.8301097703551,210.8301097703551,210.8301097703551,210.9267247314249,210.9267247314249,210.95073988329165,210.92672473142488,210.83010977035508,210.8301097703551,211.0473548443614,210.95073988329162,210.8301097703551,210.8301097703551,210.83010977035508,210.8301097703551
203.44095010222577,203.44095010222577,203.44095010222574,203.4409501022257,203.44095010222577,203.44095010222574,203.44095010222574,203.44095010222574,203.44095010222577,203.44095010222577,203.44095010222574,203.44095010222577,203.4409501022257,203.58352513861698,203.44095010222574,203.44095010222574,203.44095010222574,203.58352513861695,203.58352513861698,203.44095010222577
205.26029582002693,205.16224567535573,205.16224567535573,205.2602958200269,205.16224567535576,205.2602958200269,205.26029582002693,205.16224567535576,205.16224567535573,205.26029582002693,205.16224567535576,205.2602958200269,205.2602958200269,205.16224567535576,205.2602958200269,205.16224567535576,205.2602958200269,205.16224567535576,205.2602958200269,205.26029582002687
207.61328517103823,207.61328517103823,207.6132851710382,207.6132851710382,207.61328517103823,207.61328517103823,207.61328517103823,207.61328517103823,207.61328517103823,207.61328517103823,207.61328517103823,207.61328517103823,207.6132851710382,207.61328517103823,207.6132851710382,207.61328517103823,207.6132851710382,207.61328517103823,207.6132851710382,207.61328517103823
216.53581371449346,216.53581371449346,216.53581371449346,216.53581371449343,216.5358137144935,216.53581371449346,216.5358137144935,216.53581371449346,216.53581371449346,216.5358137144935,216.5358137144935,216.53581371449346,216.53581371449346,216.53581371449346,216.53581371449343,216.53581371449346,216.53581371449346,216.5358137144935,216.53581371449346,216.53581371449346
221.26651808076736,221.26651808076736,221.26651808076733,221.26651808076733,221.26651808076736,221.26651808076736,221.26651808076736,221.26651808076736,221.26651808076736,221.26651808076736,221.26651808076736,221.26651808076736,221.26651808076733,221.26651808076736,221.26651808076733,221.26651808076736,221.26651808076733,221.26651808076736,221.26651808076733,221.26651808076733
229.6205306420864,229.62053064208644,229.6205306420864,229.6205306420864,229.6205306420864,229.6205306420864,229.6205306420864,229.62053064208644,229.6205306420864,229.62053064208644,229.62053064208644,229.6205306420864,229.6205306420864,229.6205306420864,229.6205306420864,229.6205306420864,229.62053064208638,229.62053064208644,229.62053064208638,229.6205306420864
231.28953046831742,231.28953046831742,231.2895304683174,231.2895304683174,231.28953046831742,231.28953046831742,231.28953046831742,231.28953046831742,231.28953046831742,231.28953046831742,231.28953046831742,231.28953046831742,231.2895304683174,231.28953046831742,231.2895304683174,231.28953046831742,231.2895304683174,231.28953046831742,231.2895304683174,231.28953046831742
226.48562699175963,226.48562699175963,226.4856269917596,226.4856269917596,226.48562699175963,226.48562699175963,226.48562699175963,226.48562699175963,226.48562699175963,226.4856269917596,226.48562699175963,226.48562699175963,226.4856269917596,226.48562699175963,226.4856269917596,226.48562699175963,226.4856269917596,226.48562699175963,226.4856269917596,226.48562699175963
218.2588007623016,218.2588007623016,218.25880076230158,218.25880076230158,218.2588007623016,218.25880076230155,218.25880076230158,218.2588007623016,218.2588007623016,218.2588007623016,218.2588007623016,218.2588007623016,218.25880076230158,218.2588007623016,218.25880076230158,218.2588007623016,218.25880076230158,218.2588007623016,218.25880076230158,218.2588007623016
210.67875536407234,210.67875536407234,210.67875536407232,210.67875536407232,210.67875536407234,210.67875536407237,210.67875536407234,210.67875536407234,210.67875536407237,210.67875536407234,210.67875536407234,210.67875536407234,210.67875536407232,210.67875536407234,210.67875536407232,210.67875536407237,210.67875536407232,210.67875536407237,210.67875536407232,210.67875536407234
197.209423634098,197.209423634098,197.20942363409796,197.20942363409796,197.209423634098,197.209423634098,197.209423634098,197.209423634098,197.209423634098,197.209423634098,197.209423634098,197.209423634098,197.20942363409796,197.209423634098,197.20942363409796,197.209423634098,197.20942363409796,197.209423634098,197.20942363409796,197.209423634098
189.06393293984692,189.06393293984692,189.0639329398469,189.06393293984686,189.06393293984692,189.06393293984692,189.06393293984692,189.06393293984692,189.06393293984692,189.06393293984692,189.0639329398469,189.06393293984692,189.0639329398469,189.06393293984692,189.0639329398469,189.06393293984692,189.0639329398469,189.0639329398469,189.0639329398469,189.06393293984692
175.38955591071473,175.38955591071473,175.3895559107147,175.38955591071473,175.38955591071476,175.38955591071476,175.38955591071476,175.38955591071476,175.38955591071476,175.38955591071476,175.38955591071476,175.38955591071476,175.3895559107147,175.38955591071476,175.3895559107147,175.38955591071476,175.3895559107147,175.38955591071476,175.38955591071473,175.38955591071473
171.89423029554368,171.89423029554368,171.89423029554365,171.89423029554365,171.89423029554368,171.89423029554368,171.89423029554368,171.89423029554368,171.89423029554368,171.89423029554368,171.89423029554368,171.89423029554368,171.89423029554365,171.89423029554368,171.89423029554365,171.89423029554368,171.89423029554365,171.89423029554368,171.89423029554365,171.89423029554368
171.29395932430185,171.51947568108451,171.15138428791062,171.5194756810845,171.29395932430185,171.29395932430185,171.51947568108451,171.51947568108451,171.29395932430188,171.3769006446933,171.29395932430188,171.15138428791064,171.37690064469328,171.15138428791064,171.5194756810845,171.51947568108451,171.5194756810845,171.3769006446933,171.37690064469328,171.15138428791064
175.91892108248854,175.9189210824885,175.91892108248848,175.9189210824885,175.91892108248854,175.91892108248854,175.9189210824885,175.91892108248854,175.91892108248854,175.9189210824885,175.91892108248854,175.9189210824885,175.9189210824885,175.9189210824885,175.91892108248848,175.91892108248854,175.91892108248848,175.9189210824885,175.91892108248848,175.91892108248854
182.7755441110181,182.7755441110181,182.77554411101806,182.77554411101806,182.7755441110181,182.7755441110181,182.7755441110181,182.7755441110181,182.7755441110181,182.7755441110181,182.7755441110181,182.7755441110181,182.77554411101806,182.7755441110181,182.77554411101806,182.7755441110181,182.77554411101806,182.7755441110181,182.77554411101806,182.7755441110181
188.71285045195017,188.71285045195017,188.71285045195015,188.71285045195015,188.71285045195017,188.71285045195017,188.71285045195017,188.71285045195017,188.71285045195017,188.71285045195017,188.71285045195017,188.71285045195017,188.71285045195015,188.71285045195017,188.71285045195015,188.71285045195017,188.71285045195015,188.71285045195017,188.71285045195015,188.71285045195017
198.03074580886027,198.03074580886027,198.03074580886025,198.03074580886025,198.03074580886027,198.03074580886027,198.03074580886027,198.03074580886027,198.03074580886027,198.03074580886027,198.03074580886027,198.03074580886027,198.03074580886025,198.03074580886027,198.03074580886025,198.03074580886027,198.03074580886025,198.03074580886027,198.03074580886025,198.03074580886027
190.55404652415373,190.55404652415373,190.5540465241537,190.55404652415373,190.55404652415373,190.55404652415376,190.55404652415376,190.55404652415373,190.55404652415373,190.55404652415373,190.55404652415376,190.55404652415373,190.5540465241537,190.55404652415373,190.5540465241537,190.55404652415373,190.5540465241537,190.55404652415373,190.55404652415373,190.55404652415373
179.36999520188687,179.36999520188687,179.36999520188684,179.36999520188684,179.36999520188687,179.36999520188687,179.36999520188687,179.36999520188687,179.36999520188687,179.36999520188687,179.36999520188687,179.36999520188684,179.36999520188684,179.36999520188687,179.36999520188684,179.36999520188687,179.36999520188684,179.36999520188687,179.36999520188684,179.36999520188687
166.76282423848392,166.7628242384839,166.76282423848386,166.7628242384839,166.76282423848392,166.76282423848392,166.76282423848392,166.76282423848392,166.76282423848392,166.76282423848392,166.76282423848392,166.7628242384839,166.76282423848386,166.76282423848392,166.7628242384839,166.76282423848392,166.7628242384839,166.76282423848386,166.7628242384839,166.7628242384839
155.88554111260106,155.88554111260106,155.88554111260103,155.88554111260103,155.88554111260106,155.88554111260106,155.88554111260106,155.88554111260106,155.88554111260106,155.88554111260106,155.88554111260106,155.88554111260106,155.88554111260103,155.88554111260106,155.74687293829533,155.88554111260106,155.88554111260103,155.88554111260106,155.88554111260103,155.88554111260106
143.2759990881352,143.2759990881352,143.27599908813517,143.27599908813517,143.2759990881352,143.2759990881352,143.2759990881352,143.3157221001968,143.2759990881352,143.32962223395376,143.2759990881352,143.3693452460154,143.27599908813517,143.2759990881352,143.19095405964802,143.2759990881352,143.27599908813517,143.2759990881352,143.31572210019678,143.32962223395373
141.0018406903775,141.0018406903775,141.00184069037746,141.00184069037746,141.0018406903775,141.0018406903775,141.0018406903775,141.0018406903775,141.0018406903775,141.0018406903775,141.0018406903775,141.0018406903775,141.00184069037746,141.0018406903775,140.86317251607176,141.0018406903775,141.00184069037746,141.0018406903775,141.00184069037746,141.0018406903775
140.8001407646518,141.5358678978545,140.80014076465176,140.85482614198853,140.79853874255315,140.74385336521638,140.79853874255315,140.8001407646518,140.8001407646518,140.8001407646518,140.74385336521638,140.74385336521638,141.53586789785447,140.85482614198855,141.28622694677662,140.74385336521638,140.80014076465176,140.8001407646518,140.80014076465176,140.74385336521638
157.12798473466242,156.44694297879647,157.1279847346624,157.1279847346624,157.12798473466242,157.12798473466242,156.44694297879647,157.12798473466242,157.12798473466242,156.44694297879647,157.12798473466242,156.44694297879647,156.44694297879644,156.44694297879647,156.44694297879644,156.44694297879647,157.1279847346624,157.12798473466242,157.1279847346624,156.44694297879647
170.41412993658912,170.41412993658912,170.41412993658912,170.4141299365891,170.41412993658912,170.41412993658912,170.41412993658915,170.41412993658912,170.41412993658915,170.41412993658915,170.41412993658915,170.41412993658912,170.41412993658912,170.41412993658912,170.4141299365891,170.41412993658912,170.41412993658912,170.41412993658912,170.41412993658912,170.41412993658912
188.64482266645922,188.51586458517014,188.95236628624122,188.19518780326433,188.51586458517016,188.19518780326433,187.75868610219328,187.75868610219328,187.75868610219328,187.75868610219328,188.19518780326436,187.75868610219325,187.75868610219325,188.51586458517016,188.6448226664592,188.51586458517016,188.6448226664592,188.51586458517016,187.75868610219325,187.75868610219328
203.47327449010047,203.47327449010044,203.47327449010044,203.47327449010044,203.47327449010047,203.47327449010044,203.47327449010047,203.47327449010047,203.47327449010047,203.47327449010047,203.47327449010047,203.47327449010044,203.47327449010044,203.47327449010047,203.47327449010044,203.47327449010047,203.47327449010044,203.47327449010047,203.47327449010044,203.47327449010047
212.70614622139576,212.70614622139576,212.39849135723654,212.70614622139573,212.39849135723657,212.70614622139576,212.70614622139576,212.70614622139576,212.39849135723657,212.70614622139576,212.70614622139576,212.70614622139576,212.70614622139573,212.39849135723657,212.70614622139573,212.70614622139576,212.7061462213957,212.39849135723657,212.70614622139573,212.39849135723657
213.7892605683513,213.7892605683513,213.78926056835127,213.78926056835127,213.7892605683513,213.7892605683513,213.7892605683513,213.7892605683513,213.7892605683513,213.7892605683513,213.7892605683513,213.7892605683513,213.48669735915618,213.7892605683513,213.78926056835127,213.7892605683513,213.78926056835124,213.4866973591562,213.78926056835127,213.7892605683513
206.3486195243767,206.0460563151816,206.0460563151816,206.04605631518157,206.3486195243767,206.3486195243767,206.3486195243767,206.3486195243767,206.3486195243767,206.3486195243767,206.0460563151816,206.3486195243767,206.04605631518157,206.0460563151816,206.0460563151816,206.3486195243767,206.04605631518157,206.04605631518163,206.0460563151816,206.0460563151816
194.26582629009104,194.265826290091,194.265826290091,194.265826290091,194.26582629009104,194.56838949928607,194.26582629009104,194.26582629009098,194.26582629009104,194.5683894992861,194.26582629009104,194.265826290091,194.265826290091,194.26582629009104,194.265826290091,194.26582629009104,194.265826290091,194.265826290091,194.265826290091,194.26582629009104
174.2467619259903,174.24676192599028,174.24676192599028,174.2467619259903,174.24676192599034,174.24676192599028,174.24676192599034,174.2467619259903,174.24676192599034,174.24676192599034,174.24676192599034,174.2467619259903,174.24676192599028,174.2467619259903,174.24676192599028,174.2467619259903,174.2467619259903,174.24676192599028,174.2467619259903,174.2467619259903
153.88083969867694,153.88083969867694,153.8808396986769,153.8808396986769,153.88083969867694,153.88083969867694,153.88083969867694,153.88083969867694,153.88083969867694,153.88083969867694,153.88083969867694,153.88083969867697,153.8808396986769,153.88083969867694,153.8808396986769,153.88083969867694,153.8808396986769,153.88083969867694,153.8808396986769,153.88083969867694
132.22221738204234,132.22221738204234,132.22221738204232,132.22221738204232,132.60439171461238,132.22221738204234,132.6043917146124,132.60439171461238,132.22221738204234,132.60439171461238,132.60439171461238,132.60439171461238,132.60439171461235,132.22221738204234,132.60439171461235,132.60439171461238,132.22221738204232,132.22221738204234,132.22221738204232,132.60439171461238
125.67224228880835,125.67224228880835,125.67224228880838,125.67224228880836,125.67224228880835,125.67224228880835,125.67224228880838,125.67224228880835,125.67224228880835,125.67224228880836,125.67224228880835,125.67224228880838,125.67224228880838,125.67224228880838,125.67224228880835,125.67224228880838,125.67224228880836,125.67224228880838,125.67224228880838,125.67224228880833
122.32080261292542,122.32080261292542,122.32080261292545,122.32080261292542,122.32080261292545,122.32080261292542,122.32080261292545,122.32080261292542,122.32080261292545,122.32080261292545,122.32080261292542,122.32080261292545,122.32080261292545,122.46337764931663,122.32080261292545,122.32080261292545,122.3208026129254,122.46337764931666,122.46337764931666,122.32080261292542
127.78462973221674,127.78462973221674,127.78462973221674,127.78462973221674,127.78462973221674,127.78462973221674,127.78462973221674,127.78462973221674,127.78462973221674,127.78462973221674,127.78462973221671,127.78462973221674,127.78462973221674,127.78462973221674,127.78462973221674,127.78462973221674,127.78462973221674,127.78462973221674,127.78462973221674,127.78462973221674
141.3465128722737,141.43839686494843,141.45729439143832,141.34651287227368,141.3465128722737,141.3465128722737,141.43839686494843,141.45729439143835,141.45729439143835,141.3465128722737,141.3465128722737,141.3465128722737,141.4383968649484,141.3465128722737,141.34651287227368,141.3465128722737,141.4383968649484,141.3465128722737,141.34651287227368,141.3465128722737
160.22604704095252,160.2260470409525,160.2260470409525,160.2260470409525,160.22604704095252,160.2260470409525,160.22604704095252,160.2260470409525,160.22604704095252,160.22604704095252,160.22604704095252,160.2260470409525,160.2260470409525,160.22604704095252,160.2260470409525,160.22604704095252,160.2260470409525,160.2260470409525,160.2260470409525,160.22604704095252
181.10338128876535,181.15501886190398,181.15501886190395,181.07798404537584,181.07798404537587,181.07798404537584,181.15501886190398,181.15501886190398,181.07798404537587,181.12962161851448,181.15501886190398,181.15501886190398,181.15501886190395,181.12962161851448,181.07798404537584,181.12962161851448,181.12962161851445,181.07798404537584,181.12962161851445,181.12962161851445
194.33227979478283,194.33227979478283,194.3322797947828,194.3322797947828,194.33227979478283,194.33227979478283,194.33227979478283,194.33227979478283,194.33227979478283,194.33227979478283,194.33227979478283,194.33227979478283,194.3322797947828,194.33227979478283,194.3322797947828,194.33227979478283,194.3322797947828,194.33227979478283,194.3322797947828,194.33227979478283
206.35337122016756,206.35337122016756,206.35337122016756,206.35337122016756,206.3533712201676,206.3533712201676,206.35337122016756,206.3533712201676,206.35337122016756,206.3533712201676,206.3533712201676,206.35337122016756,206.35337122016756,206.35337122016756,206.35337122016753,206.3533712201676,206.35337122016756,206.3533712201676,206.35337122016756,206.35337122016756
211.99693194175708,211.99693194175708,211.99693194175705,211.99693194175703,211.99693194175708,211.99693194175708,211.99693194175708,211.99693194175705,211.99693194175708,211.9969319417571,211.99693194175708,211.99693194175708,211.99693194175708,211.99693194175708,211.99693194175705,211.99693194175708,211.99693194175705,211.99693194175708,211.99693194175708,211.99693194175708
210.8936481841681,210.89364818416803,210.89364818416806,210.89364818416806,210.8936481841681,210.89364818416803,210.8936481841681,210.89364818416803,210.8936481841681,210.8936481841681,210.89364818416806,210.89364818416803,210.89364818416806,210.8936481841681,210.89364818416806,210.8936481841681,210.89364818416806,210.89364818416803,210.89364818416806,210.8936481841681
210.0350435919638,210.0350435919638,210.03504359196378,210.03504359196378,210.0350435919638,210.03504359196384,210.0350435919638,210.0350435919638,210.03504359196384,210.03504359196384,210.0350435919638,210.0350435919638,210.03504359196378,210.0350435919638,210.03504359196378,210.03504359196384,210.03504359196378,210.03504359196384,210.03504359196378,210.0350435919638
200.28364787133142,200.2836478713314,200.2836478713314,200.2836478713314,200.28364787133142,200.2836478713314,200.28364787133142,200.2836478713314,200.2836478713314,200.2836478713314,200.2836478713314,200.2836478713314,200.2836478713314,200.2836478713314,200.28364787133137,200.28364787133142,200.2836478713314,200.2836478713314,200.2836478713314,200.28364787133142
193.0216872367071,193.0216872367071,193.02168723670707,193.02168723670704,193.02168723670707,193.0216872367071,193.0216872367071,193.0216872367071,193.0216872367071,193.0216872367071,193.0216872367071,193.0216872367071,193.02168723670707,193.0216872367071,193.02168723670704,193.02168723670707,193.02168723670707,193.02168723670707,193.02168723670707,193.0216872367071
