0,1,2,3,4,5,6,7,8,9,10,11,12,13,14,15,16,17,18,19
154.5461925163069,154.5461925163069,154.5461925163069,154.5461925163069,154.5461925163069,154.5461925163069,154.5461925163069,154.5461925163069,154.5461925163069,154.5461925163069,154.5461925163069,154.5461925163069,154.5461925163069,154.5461925163069,154.5461925163069,154.5461925163069,154.5461925163069,154.5461925163069,154.5461925163069,154.5461925163069
137.3090865318974,137.3090865318974,137.3090865318974,137.3090865318974,137.3090865318974,137.3090865318974,137.3090865318974,137.3090865318974,137.3090865318974,137.3090865318974,137.3090865318974,137.3090865318974,137.3090865318974,137.3090865318974,137.3090865318974,137.3090865318974,137.3090865318974,137.3090865318974,137.3090865318974,137.3090865318974
123.40501083503857,123.40501083503857,123.40501083503857,123.40501083503857,123.40501083503857,123.40501083503857,123.40501083503857,123.40501083503857,123.40501083503857,123.40501083503857,123.40501083503857,123.40501083503857,123.40501083503857,123.40501083503857,123.40501083503857,123.40501083503857,123.40501083503857,123.40501083503857,123.40501083503857,123.40501083503857
113.89152493164366,113.89152493164366,113.89152493164366,113.89152493164366,113.89152493164366,113.89152493164366,113.89152493164366,113.89152493164366,113.89152493164366,113.89152493164366,113.89152493164366,113.89152493164366,113.89152493164366,113.89152493164366,113.89152493164366,113.89152493164366,113.89152493164366,113.89152493164366,113.89152493164366,113.89152493164366
108.70349419170053,108.70349419170053,108.70349419170053,108.70349419170053,108.70349419170053,108.70349419170053,108.70349419170053,108.70349419170053,108.70349419170053,108.70349419170053,108.70349419170053,108.70349419170053,108.70349419170053,108.70349419170053,108.70349419170053,108.70349419170053,108.70349419170053,108.70349419170053,108.70349419170053,108.70349419170053
106.91763737445875,106.91763737445875,106.91763737445875,106.91763737445875,106.91763737445875,106.91763737445875,106.91763737445875,106.91763737445875,106.91763737445875,106.91763737445875,106.91763737445875,106.91763737445875,106.91763737445875,106.91763737445875,106.91763737445875,106.91763737445875,106.91763737445875,106.91763737445875,106.91763737445875,106.91763737445875
107.06119638998742,107.06119638998742,107.06119638998742,107.06119638998742,107.06119638998742,107.06119638998742,107.06119638998742,107.06119638998742,107.06119638998742,107.06119638998742,107.06119638998742,107.06119638998742,107.06119638998742,107.06119638998742,107.06119638998742,107.06119638998742,107.06119638998742,107.06119638998742,107.06119638998742,107.06119638998742
107.24505013508445,107.24505013508445,107.24505013508445,107.24505013508445,107.24505013508445,107.24505013508445,107.24505013508445,107.24505013508445,107.24505013508445,107.24505013508445,107.24505013508445,107.24505013508445,107.24505013508445,107.24505013508445,107.24505013508445,107.24505013508445,107.24505013508445,107.24505013508445,107.24505013508445,107.24505013508445
105.9366709295463,105.9366709295463,105.9366709295463,105.9366709295463,105.9366709295463,105.9366709295463,105.9366709295463,105.9366709295463,105.9366709295463,105.9366709295463,105.9366709295463,105.9366709295463,105.9366709295463,105.9366709295463,105.9366709295463,105.9366709295463,105.9366709295463,105.9366709295463,105.9366709295463,105.9366709295463
102.14592064446673,102.14592064446673,102.14592064446673,102.14592064446673,102.14592064446673,102.14592064446673,102.14592064446673,102.14592064446673,102.14592064446673,102.14592064446673,102.14592064446673,102.14592064446673,102.14592064446673,102.14592064446673,102.14592064446673,102.14592064446673,102.14592064446673,102.14592064446673,102.14592064446673,102.14592064446673
95.61834577049325,95.61834577049325,95.61834577049325,95.61834577049325,95.61834577049325,95.61834577049325,95.61834577049325,95.61834577049325,95.61834577049325,95.61834577049325,95.61834577049325,95.61834577049325,95.61834577049325,95.61834577049325,95.61834577049325,95.61834577049325,95.61834577049325,95.61834577049325,95.61834577049325,95.61834577049325
87.85126068096791,87.85126068096791,87.85126068096791,87.85126068096791,87.85126068096791,87.85126068096791,87.85126068096791,87.85126068096791,87.85126068096791,87.85126068096791,87.85126068096791,87.85126068096791,87.85126068096791,87.85126068096791,87.85126068096791,87.85126068096791,87.85126068096791,87.85126068096791,87.85126068096791,87.85126068096791
80.6182591613297,80.6182591613297,80.6182591613297,80.6182591613297,80.6182591613297,80.6182591613297,80.6182591613297,80.6182591613297,80.6182591613297,80.6182591613297,80.6182591613297,80.6182591613297,80.6182591613297,80.6182591613297,80.6182591613297,80.6182591613297,80.6182591613297,80.6182591613297,80.6182591613297,80.6182591613297
75.97184350555843,75.97184350555843,75.97184350555843,75.97184350555843,75.97184350555843,75.97184350555843,75.97184350555843,75.97184350555843,75.97184350555843,75.97184350555843,75.97184350555843,75.97184350555843,75.97184350555843,75.97184350555843,75.97184350555843,75.97184350555843,75.97184350555843,75.97184350555843,75.97184350555843,75.97184350555843
75.64979806685719,75.64979806685719,75.64979806685719,75.64979806685719,75.64979806685719,75.64979806685719,75.64979806685719,75.64979806685719,75.64979806685719,75.64979806685719,75.64979806685719,75.64979806685719,75.64979806685719,75.64979806685719,75.64979806685719,75.64979806685719,75.64979806685719,75.64979806685719,75.64979806685719,75.64979806685719
79.90691913995106,79.90691913995106,79.90691913995106,79.90691913995106,79.90691913995106,79.90691913995106,79.90691913995106,79.90691913995106,79.90691913995106,79.90691913995106,79.90691913995106,79.90691913995106,79.90691913995106,79.90691913995106,79.90691913995106,79.90691913995106,79.90691913995106,79.90691913995106,79.90691913995106,79.90691913995106
87.53905367862184,87.53905367862184,87.53905367862184,87.53905367862184,87.53905367862184,87.53905367862184,87.53905367862184,87.53905367862184,87.53905367862184,87.53905367862184,87.53905367862184,87.53905367862184,87.53905367862184,87.53905367862184,87.53905367862184,87.53905367862184,87.53905367862184,87.53905367862184,87.53905367862184,87.53905367862184
96.45649369634722,96.45649369634722,96.45649369634722,96.45649369634722,96.45649369634722,96.45649369634722,96.45649369634722,96.45649369634722,96.45649369634722,96.45649369634722,96.45649369634722,96.45649369634722,96.45649369634722,96.45649369634722,96.45649369634722,96.45649369634722,96.45649369634722,96.45649369634722,96.45649369634722,96.45649369634722
104.13176066264553,104.13176066264553,104.13176066264553,104.13176066264553,104.13176066264553,104.13176066264553,104.13176066264553,104.13176066264553,104.13176066264553,104.13176066264553,104.13176066264553,104.13176066264553,104.13176066264553,104.13176066264553,104.13176066264553,104.13176066264553,104.13176066264553,104.13176066264553,104.13176066264553,104.13176066264553
109.08597601850494,109.08597601850494,109.08597601850494,109.08597601850494,109.08597601850494,109.08597601850494,109.08597601850494,109.08597601850494,109.08597601850494,109.08597601850494,109.08597601850494,109.08597601850494,109.08597601850494,109.08597601850494,109.08597601850494,109.08597601850494,109.08597601850494,109.08597601850494,109.08597601850494,109.08597601850494
111.26357650272313,111.26357650272313,111.26357650272313,111.26357650272313,111.26357650272313,111.26357650272313,111.26357650272313,111.26357650272313,111.26357650272313,111.26357650272313,111.26357650272313,111.26357650272313,111.26357650272313,111.26357650272313,111.26357650272313,111.26357650272313,111.26357650272313,111.26357650272313,111.26357650272313,111.26357650272313
111.41577179449608,111.41577179449608,111.41577179449608,111.41577179449608,111.41577179449608,111.41577179449608,111.41577179449608,111.41577179449608,111.41577179449608,111.41577179449608,111.41577179449608,111.41577179449608,111.41577179449608,111.41577179449608,111.41577179449608,111.41577179449608,111.41577179449608,111.41577179449608,111.41577179449608,111.41577179449608
110.07202260355487,110.07202260355487,110.07202260355487,110.07202260355487,110.07202260355487,110.07202260355487,110.07202260355487,110.07202260355487,110.07202260355487,110.07202260355487,110.07202260355487,110.07202260355487,110.07202260355487,110.07202260355487,110.07202260355487,110.07202260355487,110.07202260355487,110.07202260355487,110.07202260355487,110.07202260355487
108.25795508319622,108.25795508319622,108.25795508319622,108.25795508319622,108.25795508319622,108.25795508319622,108.25795508319622,108.25795508319622,108.25795508319622,108.25795508319622,108.25795508319622,108.25795508319622,108.25795508319622,108.25795508319622,108.25795508319622,108.25795508319622,108.25795508319622,108.25795508319622,108.25795508319622,108.25795508319622
106.91706172142206,106.91706172142206,106.91706172142206,106.91706172142206,106.91706172142206,106.91706172142206,106.91706172142206,106.91706172142206,106.91706172142206,106.91706172142206,106.91706172142206,106.91706172142206,106.91706172142206,106.91706172142206,106.91706172142206,106.91706172142206,106.91706172142206,106.91706172142206,106.91706172142206,106.91706172142206
105.72188249258484,105.72188249258484,105.72188249258484,105.72188249258484,105.72188249258484,105.72188249258484,105.72188249258484,105.72188249258484,105.72188249258484,105.72188249258484,105.72188249258484,105.72188249258484,105.72188249258484,105.72188249258484,105.72188249258484,105.72188249258484,105.72188249258484,105.72188249258484,105.72188249258484,105.72188249258484
103.85395536552396,103.85395536552396,103.85395536552396,103.85395536552396,103.85395536552396,103.85395536552396,103.85395536552396,103.85395536552396,103.85395536552396,103.85395536552396,103.85395536552396,103.85395536552396,103.85395536552396,103.85395536552396,103.85395536552396,103.85395536552396,103.85395536552396,103.85395536552396,103.85395536552396,103.85395536552396
101.89349517687259,101.89349517687259,101.89349517687259,101.89349517687259,101.89349517687259,101.89349517687259,101.89349517687259,101.89349517687259,101.89349517687259,101.89349517687259,101.89349517687259,101.89349517687259,101.89349517687259,101.89349517687259,101.89349517687259,101.89349517687259,101.89349517687259,101.89349517687259,101.89349517687259,101.89349517687259
100.4626986985713,100.4626986985713,100.4626986985713,100.4626986985713,100.4626986985713,100.4626986985713,100.4626986985713,100.4626986985713,100.4626986985713,100.4626986985713,100.4626986985713,100.4626986985713,100.4626986985713,100.4626986985713,100.4626986985713,100.4626986985713,100.4626986985713,100.4626986985713,100.4626986985713,100.4626986985713
99.73291918893017,99.73291918893017,99.73291918893017,99.73291918893017,99.73291918893017,99.73291918893017,99.73291918893017,99.73291918893017,99.73291918893017,99.73291918893017,99.73291918893017,99.73291918893017,99.73291918893017,99.73291918893017,99.73291918893017,99.73291918893017,99.73291918893017,99.73291918893017,99.73291918893017,99.73291918893017
99.80266516257839,99.80266516257839,99.80266516257839,99.80266516257839,99.80266516257839,99.80266516257839,99.80266516257839,99.80266516257839,99.80266516257839,99.80266516257839,99.80266516257839,99.80266516257839,99.80266516257839,99.80266516257839,99.80266516257839,99.80266516257839,99.80266516257839,99.80266516257839,99.80266516257839,99.80266516257839
100.56670652383445,100.56670652383445,100.56670652383445,100.56670652383445,100.56670652383445,100.56670652383445,100.56670652383445,100.56670652383445,100.56670652383445,100.56670652383445,100.56670652383445,100.56670652383445,100.56670652383445,100.56670652383445,100.56670652383445,100.56670652383445,100.56670652383445,100.56670652383445,100.56670652383445,100.56670652383445
101.27662022680947,101.27662022680947,101.27662022680947,101.27662022680947,101.27662022680947,101.27662022680947,101.27662022680947,101.27662022680947,101.27662022680947,101.27662022680947,101.27662022680947,101.27662022680947,101.27662022680947,101.27662022680947,101.27662022680947,101.27662022680947,101.27662022680947,101.27662022680947,101.27662022680947,101.27662022680947
101.2457013721491,101.2457013721491,101.2457013721491,101.2457013721491,101.2457013721491,101.2457013721491,101.2457013721491,101.2457013721491,101.2457013721491,101.2457013721491,101.2457013721491,101.2457013721491,101.2457013721491,101.2457013721491,101.2457013721491,101.2457013721491,101.2457013721491,101.2457013721491,101.2457013721491,101.2457013721491
100.09042143213544,100.09042143213544,100.09042143213544,100.09042143213544,100.09042143213544,100.09042143213544,100.09042143213544,100.09042143213544,100.09042143213544,100.09042143213544,100.09042143213544,100.09042143213544,100.09042143213544,100.09042143213544,100.09042143213544,100.09042143213544,100.09042143213544,100.09042143213544,100.09042143213544,100.09042143213544
97.84056811521474,97.84056811521474,97.84056811521474,97.84056811521474,97.84056811521474,97.84056811521474,97.84056811521474,97.84056811521474,97.84056811521474,97.84056811521474,97.84056811521474,97.84056811521474,97.84056811521474,97.84056811521474,97.84056811521474,97.84056811521474,97.84056811521474,97.84056811521474,97.84056811521474,97.84056811521474
94.47817387652822,94.47817387652822,94.47817387652822,94.47817387652822,94.47817387652822,94.47817387652822,94.47817387652822,94.47817387652822,94.47817387652822,94.47817387652822,94.47817387652822,94.47817387652822,94.47817387652822,94.47817387652822,94.47817387652822,94.47817387652822,94.47817387652822,94.47817387652822,94.47817387652822,94.47817387652822
90.00223169022306,90.00223169022306,90.00223169022306,90.00223169022306,90.00223169022306,90.00223169022306,90.00223169022306,90.00223169022306,90.00223169022306,90.00223169022306,90.00223169022306,90.00223169022306,90.00223169022306,90.00223169022306,90.00223169022306,90.00223169022306,90.00223169022306,90.00223169022306,90.00223169022306,90.00223169022306
84.57477144031334,84.57477144031334,84.57477144031334,84.57477144031334,84.57477144031334,84.57477144031334,84.57477144031334,84.57477144031334,84.57477144031334,84.57477144031334,84.57477144031334,84.57477144031334,84.57477144031334,84.57477144031334,84.57477144031334,84.57477144031334,84.57477144031334,84.57477144031334,84.57477144031334,84.57477144031334
78.61380101322786,78.61380101322786,78.61380101322786,78.61380101322786,78.61380101322786,78.61380101322786,78.61380101322786,78.61380101322786,78.61380101322786,78.61380101322786,78.61380101322786,78.61380101322786,78.61380101322786,78.61380101322786,78.61380101322786,78.61380101322786,78.61380101322786,78.61380101322786,78.61380101322786,78.61380101322786
73.07166075275474,73.07166075275474,73.07166075275474,73.07166075275474,73.07166075275474,73.07166075275474,73.07166075275474,73.07166075275474,73.07166075275474,73.07166075275474,73.07166075275474,73.07166075275474,73.07166075275474,73.07166075275474,73.07166075275474,73.07166075275474,73.07166075275474,73.07166075275474,73.07166075275474,73.07166075275474
68.69162497009486,68.69162497009486,68.69162497009486,68.69162497009486,68.69162497009486,68.69162497009486,68.69162497009486,68.69162497009486,68.69162497009486,68.69162497009486,68.69162497009486,68.69162497009486,68.69162497009486,68.69162497009486,68.69162497009486,68.69162497009486,68.69162497009486,68.69162497009486,68.69162497009486,68.69162497009486
65.18622609161989,65.18622609161989,65.18622609161989,65.18622609161989,65.18622609161989,65.18622609161989,65.18622609161989,65.18622609161989,65.18622609161989,65.18622609161989,65.18622609161989,65.18622609161989,65.18622609161989,65.18622609161989,65.18622609161989,65.18622609161989,65.18622609161989,65.18622609161989,65.18622609161989,65.18622609161989
62.61460243260752,62.61460243260752,62.61460243260752,62.61460243260752,62.61460243260752,62.61460243260752,62.61460243260752,62.61460243260752,62.61460243260752,62.61460243260752,62.61460243260752,62.61460243260752,62.61460243260752,62.61460243260752,62.61460243260752,62.61460243260752,62.61460243260752,62.61460243260752,62.61460243260752,62.61460243260752
61.27428870370868,61.27428870370868,61.27428870370868,61.27428870370868,61.27428870370868,61.27428870370868,61.27428870370868,61.27428870370868,61.27428870370868,61.27428870370868,61.27428870370868,61.27428870370868,61.27428870370868,61.27428870370868,61.27428870370868,61.27428870370868,61.27428870370868,61.27428870370868,61.27428870370868,61.27428870370868
61.136417295682215,61.136417295682215,61.136417295682215,61.136417295682215,61.136417295682215,61.136417295682215,61.136417295682215,61.136417295682215,61.136417295682215,61.136417295682215,61.136417295682215,61.136417295682215,61.136417295682215,61.136417295682215,61.136417295682215,61.136417295682215,61.136417295682215,61.136417295682215,61.136417295682215,61.136417295682215
61.93298643841226,61.93298643841226,61.93298643841226,61.93298643841226,61.93298643841226,61.93298643841226,61.93298643841226,61.93298643841226,61.93298643841226,61.93298643841226,61.93298643841226,61.93298643841226,61.93298643841226,61.93298643841226,61.93298643841226,61.93298643841226,61.93298643841226,61.93298643841226,61.93298643841226,61.93298643841226
63.27514054734661,63.27514054734661,63.27514054734661,63.27514054734661,63.27514054734661,63.27514054734661,63.27514054734661,63.27514054734661,63.27514054734661,63.27514054734661,63.27514054734661,63.27514054734661,63.27514054734661,63.27514054734661,63.27514054734661,63.27514054734661,63.27514054734661,63.27514054734661,63.27514054734661,63.27514054734661
64.8324474898431,64.8324474898431,64.8324474898431,64.8324474898431,64.8324474898431,64.8324474898431,64.8324474898431,64.8324474898431,64.8324474898431,64.8324474898431,64.8324474898431,64.8324474898431,64.8324474898431,64.8324474898431,64.8324474898431,64.8324474898431,64.8324474898431,64.8324474898431,64.8324474898431,64.8324474898431
66.17991791493094,66.17991791493094,66.17991791493094,66.17991791493094,66.17991791493094,66.17991791493094,66.17991791493094,66.17991791493094,66.17991791493094,66.17991791493094,66.17991791493094,66.17991791493094,66.17991791493094,66.17991791493094,66.17991791493094,66.17991791493094,66.17991791493094,66.17991791493094,66.17991791493094,66.17991791493094
67.11517070595409,67.11517070595409,67.11517070595409,67.11517070595409,67.11517070595409,67.11517070595409,67.11517070595409,67.11517070595409,67.11517070595409,67.11517070595409,67.11517070595409,67.11517070595409,67.11517070595409,67.11517070595409,67.11517070595409,67.11517070595409,67.11517070595409,67.11517070595409,67.11517070595409,67.11517070595409
67.76398254095896,67.76398254095896,67.76398254095896,67.76398254095896,67.76398254095896,67.76398254095896,67.76398254095896,67.76398254095896,67.76398254095896,67.76398254095896,67.76398254095896,67.76398254095896,67.76398254095896,67.76398254095896,67.76398254095896,67.76398254095896,67.76398254095896,67.76398254095896,67.76398254095896,67.76398254095896
68.1153720760269,68.1153720760269,68.1153720760269,68.1153720760269,68.1153720760269,68.1153720760269,68.1153720760269,68.1153720760269,68.1153720760269,68.1153720760269,68.1153720760269,68.1153720760269,68.1153720760269,68.1153720760269,68.1153720760269,68.1153720760269,68.1153720760269,68.1153720760269,68.1153720760269,68.1153720760269
69.17270702842526,69.17270702842526,69.17270702842526,69.17270702842526,69.17270702842526,69.17270702842526,69.17270702842526,69.17270702842526,69.17270702842526,69.17270702842526,69.17270702842526,69.17270702842526,69.17270702842526,69.17270702842526,69.17270702842526,69.17270702842526,69.17270702842526,69.17270702842526,69.17270702842526,69.17270702842526
71.52164713121444,71.52164713121444,71.52164713121444,71.52164713121444,71.52164713121444,71.52164713121444,71.52164713121444,71.52164713121444,71.52164713121444,71.52164713121444,71.52164713121444,71.52164713121444,71.52164713121444,71.52164713121444,71.52164713121444,71.52164713121444,71.52164713121444,71.52164713121444,71.52164713121444,71.52164713121444
74.24509563782782,74.24509563782782,74.24509563782782,74.24509563782782,74.24509563782782,74.24509563782782,74.24509563782782,74.24509563782782,74.24509563782782,74.24509563782782,74.24509563782782,74.24509563782782,74.24509563782782,74.24509563782782,74.24509563782782,74.24509563782782,74.24509563782782,74.24509563782782,74.24509563782782,74.24509563782782
77.2549564607767,77.2549564607767,77.2549564607767,77.2549564607767,77.2549564607767,77.2549564607767,77.2549564607767,77.2549564607767,77.2549564607767,77.2549564607767,77.2549564607767,77.2549564607767,77.2549564607767,77.2549564607767,77.2549564607767,77.2549564607767,77.2549564607767,77.2549564607767,77.2549564607767,77.2549564607767
80.33192238391725,80.33192238391725,80.33192238391725,80.33192238391725,80.33192238391725,80.33192238391725,80.33192238391725,80.33192238391725,80.33192238391725,80.33192238391725,80.33192238391725,80.33192238391725,80.33192238391725,80.33192238391725,80.33192238391725,80.33192238391725,80.33192238391725,80.33192238391725,80.33192238391725,80.33192238391725
82.79475119050767,82.79475119050767,82.79475119050767,82.79475119050767,82.79475119050767,82.79475119050767,82.79475119050767,82.79475119050767,82.79475119050767,82.79475119050767,82.79475119050767,82.79475119050767,82.79475119050767,82.79475119050767,82.79475119050767,82.79475119050767,82.79475119050767,82.79475119050767,82.79475119050767,82.79475119050767
84.58728621902561,84.58728621902561,84.58728621902561,84.58728621902561,84.58728621902561,84.58728621902561,84.58728621902561,84.58728621902561,84.58728621902561,84.58728621902561,84.58728621902561,84.58728621902561,84.58728621902561,84.58728621902561,84.58728621902561,84.58728621902561,84.58728621902561,84.58728621902561,84.58728621902561,84.58728621902561
85.41893511673015,85.41893511673015,85.41893511673015,85.41893511673015,85.41893511673015,85.41893511673015,85.41893511673015,85.41893511673015,85.41893511673015,85.41893511673015,85.41893511673015,85.41893511673015,85.41893511673015,85.41893511673015,85.41893511673015,85.41893511673015,85.41893511673015,85.41893511673015,85.41893511673015,85.41893511673015
85.05304986374014,85.05304986374014,85.05304986374014,85.05304986374014,85.05304986374014,85.05304986374014,85.05304986374014,85.05304986374014,85.05304986374014,85.05304986374014,85.05304986374014,85.05304986374014,85.05304986374014,85.05304986374014,85.05304986374014,85.05304986374014,85.05304986374014,85.05304986374014,85.05304986374014,85.05304986374014
83.64572935242823,83.64572935242823,83.64572935242823,83.64572935242823,83.64572935242823,83.64572935242823,83.64572935242823,83.64572935242823,83.64572935242823,83.64572935242823,83.64572935242823,83.64572935242823,83.64572935242823,83.64572935242823,83.64572935242823,83.64572935242823,83.64572935242823,83.64572935242823,83.64572935242823,83.64572935242823
81.68747630073386,81.68747630073386,81.68747630073386,81.68747630073386,81.68747630073386,81.68747630073386,81.68747630073386,81.68747630073386,81.68747630073386,81.68747630073386,81.68747630073386,81.68747630073386,81.68747630073386,81.68747630073386,81.68747630073386,81.68747630073386,81.68747630073386,81.68747630073386,81.68747630073386,81.68747630073386
80.00635716689635,80.00635716689635,80.00635716689635,80.00635716689635,80.00635716689635,80.00635716689635,80.00635716689635,80.00635716689635,80.00635716689635,80.00635716689635,80.00635716689635,80.00635716689635,80.00635716689635,80.00635716689635,80.00635716689635,80.00635716689635,80.00635716689635,80.00635716689635,80.00635716689635,80.00635716689635
79.67498005331322,79.67498005331322,79.67498005331322,79.67498005331322,79.67498005331322,79.67498005331322,79.67498005331322,79.67498005331322,79.67498005331322,79.67498005331322,79.67498005331322,79.67498005331322,79.67498005331322,79.67498005331322,79.67498005331322,79.67498005331322,79.67498005331322,79.67498005331322,79.67498005331322,79.67498005331322
80.43456462772241,80.43456462772241,80.43456462772241,80.43456462772241,80.43456462772241,80.43456462772241,80.43456462772241,80.43456462772241,80.43456462772241,80.43456462772241,80.43456462772241,80.43456462772241,80.43456462772241,80.43456462772241,80.43456462772241,80.43456462772241,80.43456462772241,80.43456462772241,80.43456462772241,80.43456462772241
82.2734993147256,82.2734993147256,82.2734993147256,82.2734993147256,82.2734993147256,82.2734993147256,82.2734993147256,82.2734993147256,82.2734993147256,82.2734993147256,82.2734993147256,82.2734993147256,82.2734993147256,82.2734993147256,82.2734993147256,82.2734993147256,82.2734993147256,82.2734993147256,82.2734993147256,82.2734993147256
84.79834385941749,84.79834385941749,84.79834385941749,84.79834385941749,84.79834385941749,84.79834385941749,84.79834385941749,84.79834385941749,84.79834385941749,84.79834385941749,84.79834385941749,84.79834385941749,84.79834385941749,84.79834385941749,84.79834385941749,84.79834385941749,84.79834385941749,84.79834385941749,84.79834385941749,84.79834385941749
86.97602358973838,86.97602358973838,86.97602358973838,86.97602358973838,86.97602358973838,86.97602358973838,86.97602358973838,86.97602358973838,86.97602358973838,86.97602358973838,86.97602358973838,86.97602358973838,86.97602358973838,86.97602358973838,86.97602358973838,86.97602358973838,86.97602358973838,86.97602358973838,86.97602358973838,86.97602358973838
88.11877067887369,88.11877067887369,88.11877067887369,88.11877067887369,88.11877067887369,88.11877067887369,88.11877067887369,88.11877067887369,88.11877067887369,88.11877067887369,88.11877067887369,88.11877067887369,88.11877067887369,88.11877067887369,88.11877067887369,88.11877067887369,88.11877067887369,88.11877067887369,88.11877067887369,88.11877067887369
88.29224641693918,88.29224641693918,88.29224641693918,88.29224641693918,88.29224641693918,88.29224641693918,88.29224641693918,88.29224641693918,88.29224641693918,88.29224641693918,88.29224641693918,88.29224641693918,88.29224641693918,88.29224641693918,88.29224641693918,88.29224641693918,88.29224641693918,88.29224641693918,88.29224641693918,88.29224641693918
88.00018501787945,88.00018501787945,88.00018501787945,88.00018501787945,88.00018501787945,88.00018501787945,88.00018501787945,88.00018501787945,88.00018501787945,88.00018501787945,88.00018501787945,88.00018501787945,88.00018501787945,88.00018501787945,88.00018501787945,88.00018501787945,88.00018501787945,88.00018501787945,88.00018501787945,88.00018501787945
88.01341114107535,88.01341114107535,88.01341114107535,88.01341114107535,88.01341114107535,88.01341114107535,88.01341114107535,88.01341114107535,88.01341114107535,88.01341114107535,88.01341114107535,88.01341114107535,88.01341114107535,88.01341114107535,88.01341114107535,88.01341114107535,88.01341114107535,88.01341114107535,88.01341114107535,88.01341114107535
88.45634844080762,88.45634844080762,88.45634844080762,88.45634844080762,88.45634844080762,88.45634844080762,88.45634844080762,88.45634844080762,88.45634844080762,88.45634844080762,88.45634844080762,88.45634844080762,88.45634844080762,88.45634844080762,88.45634844080762,88.45634844080762,88.45634844080762,88.45634844080762,88.45634844080762,88.45634844080762
89.24289477412101,89.24289477412101,89.24289477412101,89.24289477412101,89.24289477412101,89.24289477412101,89.24289477412101,89.24289477412101,89.24289477412101,89.24289477412101,89.24289477412101,89.24289477412101,89.24289477412101,89.24289477412101,89.24289477412101,89.24289477412101,89.24289477412101,89.24289477412101,89.24289477412101,89.24289477412101
90.27552166066947,90.27552166066947,90.27552166066947,90.27552166066947,90.27552166066947,90.27552166066947,90.27552166066947,90.27552166066947,90.27552166066947,90.27552166066947,90.27552166066947,90.27552166066947,90.27552166066947,90.27552166066947,90.27552166066947,90.27552166066947,90.27552166066947,90.27552166066947,90.27552166066947,90.27552166066947
90.83701506974681,90.83701506974681,90.83701506974681,90.83701506974681,90.83701506974681,90.83701506974681,90.83701506974681,90.83701506974681,90.83701506974681,90.83701506974681,90.83701506974681,90.83701506974681,90.83701506974681,90.83701506974681,90.83701506974681,90.83701506974681,90.83701506974681,90.83701506974681,90.83701506974681,90.83701506974681
90.1761613576001,90.1761613576001,90.1761613576001,90.1761613576001,90.1761613576001,90.1761613576001,90.1761613576001,90.1761613576001,90.1761613576001,90.1761613576001,90.1761613576001,90.1761613576001,90.1761613576001,90.1761613576001,90.1761613576001,90.1761613576001,90.1761613576001,90.1761613576001,90.1761613576001,90.1761613576001
88.18792158441968,88.18792158441968,88.18792158441968,88.18792158441968,88.18792158441968,88.18792158441968,88.18792158441968,88.18792158441968,88.18792158441968,88.18792158441968,88.18792158441968,88.18792158441968,88.18792158441968,88.18792158441968,88.18792158441968,88.18792158441968,88.18792158441968,88.18792158441968,88.18792158441968,88.18792158441968
85.8931141452908,85.8931141452908,85.8931141452908,85.8931141452908,85.8931141452908,85.8931141452908,85.8931141452908,85.8931141452908,85.8931141452908,85.8931141452908,85.8931141452908,85.8931141452908,85.8931141452908,85.8931141452908,85.8931141452908,85.8931141452908,85.8931141452908,85.8931141452908,85.8931141452908,85.8931141452908
84.84940837335098,84.84940837335098,84.84940837335098,84.84940837335098,84.84940837335098,84.84940837335098,84.84940837335098,84.84940837335098,84.84940837335098,84.84940837335098,84.84940837335098,84.84940837335098,84.84940837335098,84.84940837335098,84.84940837335098,84.84940837335098,84.84940837335098,84.84940837335098,84.84940837335098,84.84940837335098
86.00997365544232,86.00997365544232,86.00997365544232,86.00997365544232,86.00997365544232,86.00997365544232,86.00997365544232,86.00997365544232,86.00997365544232,86.00997365544232,86.00997365544232,86.00997365544232,86.00997365544232,86.00997365544232,86.00997365544232,86.00997365544232,86.00997365544232,86.00997365544232,86.00997365544232,86.00997365544232
90.49141881754178,90.49141881754178,90.49141881754178,90.49141881754178,90.49141881754178,90.49141881754178,90.49141881754178,90.49141881754178,90.49141881754178,90.49141881754178,90.49141881754178,90.49141881754178,90.49141881754178,90.49141881754178,90.49141881754178,90.49141881754178,90.49141881754178,90.49141881754178,90.49141881754178,90.49141881754178
97.63910865094927,97.63910865094927,97.63910865094927,97.63910865094927,97.63910865094927,97.63910865094927,97.63910865094927,97.63910865094927,97.63910865094927,97.63910865094927,97.63910865094927,97.63910865094927,97.63910865094927,97.63910865094927,97.63910865094927,97.63910865094927,97.63910865094927,97.63910865094927,97.63910865094927,97.63910865094927
106.2387314518695,106.2387314518695,106.2387314518695,106.2387314518695,106.2387314518695,106.2387314518695,106.2387314518695,106.2387314518695,106.2387314518695,106.2387314518695,106.2387314518695,106.2387314518695,106.2387314518695,106.2387314518695,106.2387314518695,106.2387314518695,106.2387314518695,106.2387314518695,106.2387314518695,106.2387314518695
114.82677795621176,114.82677795621176,114.82677795621176,114.82677795621176,114.82677795621176,114.82677795621176,114.82677795621176,114.82677795621176,114.82677795621176,114.82677795621176,114.82677795621176,114.82677795621176,114.82677795621176,114.82677795621176,114.82677795621176,114.82677795621176,114.82677795621176,114.82677795621176,114.82677795621176,114.82677795621176
122.97283840699433,122.97283840699433,122.97283840699433,122.97283840699433,122.97283840699433,122.97283840699433,122.97283840699433,122.97283840699433,122.97283840699433,122.97283840699433,122.97283840699433,122.97283840699433,122.97283840699433,122.97283840699433,122.97283840699433,122.97283840699433,122.97283840699433,122.97283840699433,122.97283840699433,122.97283840699433
131.3589991369098,131.3589991369098,131.3589991369098,131.3589991369098,131.3589991369098,131.3589991369098,131.3589991369098,131.3589991369098,131.3589991369098,131.3589991369098,131.3589991369098,131.3589991369098,131.3589991369098,131.3589991369098,131.3589991369098,131.3589991369098,131.3589991369098,131.3589991369098,131.3589991369098,131.3589991369098
140.38735921582534,140.38735921582534,140.38735921582534,140.38735921582534,140.38735921582534,140.38735921582534,140.38735921582534,140.38735921582534,140.38735921582534,140.38735921582534,140.38735921582534,140.38735921582534,140.38735921582534,140.38735921582534,140.38735921582534,140.38735921582534,140.38735921582534,140.38735921582534,140.38735921582534,140.38735921582534
149.32095333850955,149.32095333850955,149.32095333850955,149.32095333850955,149.32095333850955,149.32095333850955,149.32095333850955,149.32095333850955,149.32095333850955,149.32095333850955,149.32095333850955,149.32095333850955,149.32095333850955,149.32095333850955,149.32095333850955,149.32095333850955,149.32095333850955,149.32095333850955,149.32095333850955,149.32095333850955
156.58001924342935,156.58001924342935,156.58001924342935,156.58001924342935,156.58001924342935,156.58001924342935,156.58001924342935,156.58001924342935,156.58001924342935,156.58001924342935,156.58001924342935,156.58001924342935,156.58001924342935,156.58001924342935,156.58001924342935,156.58001924342935,156.58001924342935,156.58001924342935,156.58001924342935,156.58001924342935
160.17388338915757,160.17388338915757,160.17388338915757,160.17388338915757,160.17388338915757,160.17388338915757,160.17388338915757,160.17388338915757,160.17388338915757,160.17388338915757,160.17388338915757,160.17388338915757,160.17388338915757,160.17388338915757,160.17388338915757,160.17388338915757,160.17388338915757,160.17388338915757,160.17388338915757,160.17388338915757
157.7461564184621,157.7461564184621,157.7461564184621,157.7461564184621,157.7461564184621,157.7461564184621,157.7461564184621,157.7461564184621,157.7461564184621,157.7461564184621,157.7461564184621,157.7461564184621,157.7461564184621,157.7461564184621,157.7461564184621,157.7461564184621,157.7461564184621,157.7461564184621,157.7461564184621,157.7461564184621
149.08751762619164,149.08751762619164,149.08751762619164,149.08751762619164,149.08751762619164,149.08751762619164,149.08751762619164,149.08751762619164,149.08751762619164,149.08751762619164,149.08751762619164,149.08751762619164,149.08751762619164,149.08751762619164,149.08751762619164,149.08751762619164,149.08751762619164,149.08751762619164,149.08751762619164,149.08751762619164
136.55110422941405,136.55110422941405,136.55110422941405,136.55110422941405,136.55110422941405,136.55110422941405,136.55110422941405,136.55110422941405,136.55110422941405,136.55110422941405,136.55110422941405,136.55110422941405,136.55110422941405,136.55110422941405,136.55110422941405,136.55110422941405,136.55110422941405,136.55110422941405,136.55110422941405,136.55110422941405
125.19803242787732,125.19803242787732,125.19803242787732,125.19803242787732,125.19803242787732,125.19803242787732,125.19803242787732,125.19803242787732,125.19803242787732,125.19803242787732,125.19803242787732,125.19803242787732,125.19803242787732,125.19803242787732,125.19803242787732,125.19803242787732,125.19803242787732,125.19803242787732,125.19803242787732,125.19803242787732
119.24203974738505,119.24203974738505,119.24203974738505,119.24203974738505,119.24203974738505,119.24203974738505,119.24203974738505,119.24203974738505,119.24203974738505,119.24203974738505,119.24203974738505,119.24203974738505,119.24203974738505,119.24203974738505,119.24203974738505,119.24203974738505,119.24203974738505,119.24203974738505,119.24203974738505,119.24203974738505
120.61346433104636,120.61346433104636,120.61346433104636,120.61346433104636,120.61346433104636,120.61346433104636,120.61346433104636,120.61346433104636,120.61346433104636,120.61346433104636,120.61346433104636,120.61346433104636,120.61346433104636,120.61346433104636,120.61346433104636,120.61346433104636,120.61346433104636,120.61346433104636,120.61346433104636,120.61346433104636
128.37921460928268,128.37921460928268,128.37921460928268,128.37921460928268,128.37921460928268,128.37921460928268,128.37921460928268,128.37921460928268,128.37921460928268,128.37921460928268,128.37921460928268,128.37921460928268,128.37921460928268,128.37921460928268,128.37921460928268,128.37921460928268,128.37921460928268,128.37921460928268,128.37921460928268,128.37921460928268
139.8050429371748,139.8050429371748,139.8050429371748,139.8050429371748,139.8050429371748,139.8050429371748,139.8050429371748,139.8050429371748,139.8050429371748,139.8050429371748,139.8050429371748,139.8050429371748,139.8050429371748,139.8050429371748,139.8050429371748,139.8050429371748,139.8050429371748,139.8050429371748,139.8050429371748,139.8050429371748
151.3981301878789,151.3981301878789,151.3981301878789,151.3981301878789,151.3981301878789,151.3981301878789,151.3981301878789,151.3981301878789,151.3981301878789,151.3981301878789,151.3981301878789,151.3981301878789,151.3981301878789,151.3981301878789,151.3981301878789,151.3981301878789,151.3981301878789,151.3981301878789,151.3981301878789,151.3981301878789
160.57110972185504,160.57110972185504,160.57110972185504,160.57110972185504,160.57110972185504,160.57110972185504,160.57110972185504,160.57110972185504,160.57110972185504,160.57110972185504,160.57110972185504,160.57110972185504,160.57110972185504,160.57110972185504,160.57110972185504,160.57110972185504,160.57110972185504,160.57110972185504,160.57110972185504,160.57110972185504
165.903679846534,165.903679846534,165.903679846534,165.903679846534,165.903679846534,165.903679846534,165.903679846534,165.903679846534,165.903679846534,165.903679846534,165.903679846534,165.903679846534,165.903679846534,165.903679846534,165.903679846534,165.903679846534,165.903679846534,165.903679846534,165.903679846534,165.903679846534
167.02664304604758,167.02664304604758,167.02664304604758,167.02664304604758,167.02664304604758,167.02664304604758,167.02664304604758,167.02664304604758,167.02664304604758,167.02664304604758,167.02664304604758,167.02664304604758,167.02664304604758,167.02664304604758,167.02664304604758,167.02664304604758,167.02664304604758,167.02664304604758,167.02664304604758,167.02664304604758
164.80783396910817,164.80783396910817,164.80783396910817,164.80783396910817,164.80783396910817,164.80783396910817,164.80783396910817,164.80783396910817,164.80783396910817,164.80783396910817,164.80783396910817,164.80783396910817,164.80783396910817,164.80783396910817,164.80783396910817,164.80783396910817,164.80783396910817,164.80783396910817,164.80783396910817,164.80783396910817
160.97591960249636,160.97591960249636,160.97591960249636,160.97591960249636,160.97591960249636,160.97591960249636,160.97591960249636,160.97591960249636,160.97591960249636,160.97591960249636,160.97591960249636,160.97591960249636,160.97591960249636,160.97591960249636,160.97591960249636,160.97591960249636,160.97591960249636,160.97591960249636,160.97591960249636,160.97591960249636
157.4672758105683,157.4672758105683,157.4672758105683,157.4672758105683,157.4672758105683,157.4672758105683,157.4672758105683,157.4672758105683,157.4672758105683,157.4672758105683,157.4672758105683,157.4672758105683,157.4672758105683,157.4672758105683,157.4672758105683,157.4672758105683,157.4672758105683,157.4672758105683,157.4672758105683,157.4672758105683
156.33673704982343,156.33673704982343,156.33673704982343,156.33673704982343,156.33673704982343,156.33673704982343,156.33673704982343,156.33673704982343,156.33673704982343,156.33673704982343,156.33673704982343,156.33673704982343,156.33673704982343,156.33673704982343,156.33673704982343,156.33673704982343,156.33673704982343,156.33673704982343,156.33673704982343,156.33673704982343
159.15513262920376,159.15513262920376,159.15513262920376,159.15513262920376,159.15513262920376,159.15513262920376,159.15513262920376,159.15513262920376,159.15513262920376,159.15513262920376,159.15513262920376,159.15513262920376,159.15513262920376,159.15513262920376,159.15513262920376,159.15513262920376,159.15513262920376,159.15513262920376,159.15513262920376,159.15513262920376
166.30126851277493,166.30126851277493,166.30126851277493,166.30126851277493,166.30126851277493,166.30126851277493,166.30126851277493,166.30126851277493,166.30126851277493,166.30126851277493,166.30126851277493,166.30126851277493,166.30126851277493,166.30126851277493,166.30126851277493,166.30126851277493,166.30126851277493,166.30126851277493,166.30126851277493,166.30126851277493
177.26411321372075,177.26411321372075,177.26411321372075,177.26411321372075,177.26411321372075,177.26411321372075,177.26411321372075,177.26411321372075,177.26411321372075,177.26411321372075,177.26411321372075,177.26411321372075,177.26411321372075,177.26411321372075,177.26411321372075,177.26411321372075,177.26411321372075,177.26411321372075,177.26411321372075,177.26411321372075
191.78747375588597,191.78747375588597,191.78747375588597,191.78747375588597,191.78747375588597,191.78747375588597,191.78747375588597,191.78747375588597,191.78747375588597,191.78747375588597,191.78747375588597,191.78747375588597,191.78747375588597,191.78747375588597,191.78747375588597,191.78747375588597,191.78747375588597,191.78747375588597,191.78747375588597,191.78747375588597
208.48957417011377,208.48957417011377,208.48957417011377,208.48957417011377,208.48957417011377,208.48957417011377,208.48957417011377,208.48957417011377,208.48957417011377,208.48957417011377,208.48957417011377,208.48957417011377,208.48957417011377,208.48957417011377,208.48957417011377,208.48957417011377,208.48957417011377,208.48957417011377,208.48957417011377,208.48957417011377
226.1587854939842,226.1587854939842,226.1587854939842,226.1587854939842,226.1587854939842,226.1587854939842,226.1587854939842,226.1587854939842,226.1587854939842,226.1587854939842,226.1587854939842,226.1587854939842,226.1587854939842,226.1587854939842,226.1587854939842,226.1587854939842,226.1587854939842,226.1587854939842,226.1587854939842,226.1587854939842
243.98103347276407,243.98103347276407,243.98103347276407,243.98103347276407,243.98103347276407,243.98103347276407,243.98103347276407,243.98103347276407,243.98103347276407,243.98103347276407,243.98103347276407,243.98103347276407,243.98103347276407,243.98103347276407,243.98103347276407,243.98103347276407,243.98103347276407,243.98103347276407,243.98103347276407,243.98103347276407
261.2268572968829,261.2268572968829,261.2268572968829,261.2268572968829,261.2268572968829,261.2268572968829,261.2268572968829,261.2268572968829,261.2268572968829,261.2268572968829,261.2268572968829,261.2268572968829,261.2268572968829,261.2268572968829,261.2268572968829,261.2268572968829,261.2268572968829,261.2268572968829,261.2268572968829,261.2268572968829
277.4804039909482,277.4804039909482,277.4804039909482,277.4804039909482,277.4804039909482,277.4804039909482,277.4804039909482,277.4804039909482,277.4804039909482,277.4804039909482,277.4804039909482,277.4804039909482,277.4804039909482,277.4804039909482,277.4804039909482,277.4804039909482,277.4804039909482,277.4804039909482,277.4804039909482,277.4804039909482
291.7503076400711,291.7503076400711,291.7503076400711,291.7503076400711,291.7503076400711,291.7503076400711,291.7503076400711,291.7503076400711,291.7503076400711,291.7503076400711,291.7503076400711,291.7503076400711,291.7503076400711,291.7503076400711,291.7503076400711,291.7503076400711,291.7503076400711,291.7503076400711,291.7503076400711,291.7503076400711
302.71368492640966,302.71368492640966,302.71368492640966,302.71368492640966,302.71368492640966,302.71368492640966,302.71368492640966,302.71368492640966,302.71368492640966,302.71368492640966,302.71368492640966,302.71368492640966,302.71368492640966,302.71368492640966,302.71368492640966,302.71368492640966,302.71368492640966,302.71368492640966,302.71368492640966,302.71368492640966
309.03380669732536,309.03380669732536,309.03380669732536,309.03380669732536,309.03380669732536,309.03380669732536,309.03380669732536,309.03380669732536,309.03380669732536,309.03380669732536,309.03380669732536,309.03380669732536,309.03380669732536,309.03380669732536,309.03380669732536,309.03380669732536,309.03380669732536,309.03380669732536,309.03380669732536,309.03380669732536
310.822274426045,310.822274426045,310.822274426045,310.822274426045,310.822274426045,310.822274426045,310.822274426045,310.822274426045,310.822274426045,310.822274426045,310.822274426045,310.822274426045,310.822274426045,310.822274426045,310.822274426045,310.822274426045,310.822274426045,310.822274426045,310.822274426045,310.822274426045
309.2470436723962,309.2470436723962,309.2470436723962,309.2470436723962,309.2470436723962,309.2470436723962,309.2470436723962,309.2470436723962,309.2470436723962,309.2470436723962,309.2470436723962,309.2470436723962,309.2470436723962,309.2470436723962,309.2470436723962,309.2470436723962,309.2470436723962,309.2470436723962,309.2470436723962,309.2470436723962
305.95178565440364,305.95178565440364,305.95178565440364,305.95178565440364,305.95178565440364,305.95178565440364,305.95178565440364,305.95178565440364,305.95178565440364,305.95178565440364,305.95178565440364,305.95178565440364,305.95178565440364,305.95178565440364,305.95178565440364,305.95178565440364,305.95178565440364,305.95178565440364,305.95178565440364,305.95178565440364
302.34372891245954,302.34372891245954,302.34372891245954,302.34372891245954,302.34372891245954,302.34372891245954,302.34372891245954,302.34372891245954,302.34372891245954,302.34372891245954,302.34372891245954,302.34372891245954,302.34372891245954,302.34372891245954,302.34372891245954,302.34372891245954,302.34372891245954,302.34372891245954,302.34372891245954,302.34372891245954
299.0313303756627,299.0313303756627,299.0313303756627,299.0313303756627,299.0313303756627,299.0313303756627,299.0313303756627,299.0313303756627,299.0313303756627,299.0313303756627,299.0313303756627,299.0313303756627,299.0313303756627,299.0313303756627,299.0313303756627,299.0313303756627,299.0313303756627,299.0313303756627,299.0313303756627,299.0313303756627
296.4441337826682,296.4441337826682,296.4441337826682,296.4441337826682,296.4441337826682,296.4441337826682,296.4441337826682,296.4441337826682,296.4441337826682,296.4441337826682,296.4441337826682,296.4441337826682,296.4441337826682,296.4441337826682,296.4441337826682,296.4441337826682,296.4441337826682,296.4441337826682,296.4441337826682,296.4441337826682
295.3492304596464,295.3492304596464,295.3492304596464,295.3492304596464,295.3492304596464,295.3492304596464,295.3492304596464,295.3492304596464,295.3492304596464,295.3492304596464,295.3492304596464,295.3492304596464,295.3492304596464,295.3492304596464,295.3492304596464,295.3492304596464,295.3492304596464,295.3492304596464,295.3492304596464,295.3492304596464
296.93547595258633,296.93547595258633,296.93547595258633,296.93547595258633,296.93547595258633,296.93547595258633,296.93547595258633,296.93547595258633,296.93547595258633,296.93547595258633,296.93547595258633,296.93547595258633,296.93547595258633,296.93547595258633,296.93547595258633,296.93547595258633,296.93547595258633,296.93547595258633,296.93547595258633,296.93547595258633
301.33802171265654,301.33802171265654,301.33802171265654,301.33802171265654,301.33802171265654,301.33802171265654,301.33802171265654,301.33802171265654,301.33802171265654,301.33802171265654,301.33802171265654,301.33802171265654,301.33802171265654,301.33802171265654,301.33802171265654,301.33802171265654,301.33802171265654,301.33802171265654,301.33802171265654,301.33802171265654
308.43879265423953,308.43879265423953,308.43879265423953,308.43879265423953,308.43879265423953,308.43879265423953,308.43879265423953,308.43879265423953,308.43879265423953,308.43879265423953,308.43879265423953,308.43879265423953,308.43879265423953,308.43879265423953,308.43879265423953,308.43879265423953,308.43879265423953,308.43879265423953,308.43879265423953,308.43879265423953
318.3680342052322,318.3680342052322,318.3680342052322,318.3680342052322,318.3680342052322,318.3680342052322,318.3680342052322,318.3680342052322,318.3680342052322,318.3680342052322,318.3680342052322,318.3680342052322,318.3680342052322,318.3680342052322,318.3680342052322,318.3680342052322,318.3680342052322,318.3680342052322,318.3680342052322,318.3680342052322
330.2209252285717,330.2209252285717,330.2209252285717,330.2209252285717,330.2209252285717,330.2209252285717,330.2209252285717,330.2209252285717,330.2209252285717,330.2209252285717,330.2209252285717,330.2209252285717,330.2209252285717,330.2209252285717,330.2209252285717,330.2209252285717,330.2209252285717,330.2209252285717,330.2209252285717,330.2209252285717
341.19164884202985,341.19164884202985,341.19164884202985,341.19164884202985,341.19164884202985,341.19164884202985,341.19164884202985,341.19164884202985,341.19164884202985,341.19164884202985,341.19164884202985,341.19164884202985,341.19164884202985,341.19164884202985,341.19164884202985,341.19164884202985,341.19164884202985,341.19164884202985,341.19164884202985,341.19164884202985
348.9036028197557,348.9036028197557,348.9036028197557,348.9036028197557,348.9036028197557,348.9036028197557,348.9036028197557,348.9036028197557,348.9036028197557,348.9036028197557,348.9036028197557,348.9036028197557,348.9036028197557,348.9036028197557,348.9036028197557,348.9036028197557,348.9036028197557,348.9036028197557,348.9036028197557,348.9036028197557
352.5901625904531,352.5901625904531,352.5901625904531,352.5901625904531,352.5901625904531,352.5901625904531,352.5901625904531,352.5901625904531,352.5901625904531,352.5901625904531,352.5901625904531,352.5901625904531,352.5901625904531,352.5901625904531,352.5901625904531,352.5901625904531,352.5901625904531,352.5901625904531,352.5901625904531,352.5901625904531
352.0449223761542,352.0449223761542,352.0449223761542,352.0449223761542,352.0449223761542,352.0449223761542,352.0449223761542,352.0449223761542,352.0449223761542,352.0449223761542,352.0449223761542,352.0449223761542,352.0449223761542,352.0449223761542,352.0449223761542,352.0449223761542,352.0449223761542,352.0449223761542,352.0449223761542,352.0449223761542
348.03122238106187,348.03122238106187,348.03122238106187,348.03122238106187,348.03122238106187,348.03122238106187,348.03122238106187,348.03122238106187,348.03122238106187,348.03122238106187,348.03122238106187,348.03122238106187,348.03122238106187,348.03122238106187,348.03122238106187,348.03122238106187,348.03122238106187,348.03122238106187,348.03122238106187,348.03122238106187
342.23933520126394,342.23933520126394,342.23933520126394,342.23933520126394,342.23933520126394,342.23933520126394,342.23933520126394,342.23933520126394,342.23933520126394,342.23933520126394,342.23933520126394,342.23933520126394,342.23933520126394,342.23933520126394,342.23933520126394,342.23933520126394,342.23933520126394,342.23933520126394,342.23933520126394,342.23933520126394
337.3656487772645,337.3656487772645,337.3656487772645,337.3656487772645,337.3656487772645,337.3656487772645,337.3656487772645,337.3656487772645,337.3656487772645,337.3656487772645,337.3656487772645,337.3656487772645,337.3656487772645,337.3656487772645,337.3656487772645,337.3656487772645,337.3656487772645,337.3656487772645,337.3656487772645,337.3656487772645
336.1399074169075,336.1399074169075,336.1399074169075,336.1399074169075,336.1399074169075,336.1399074169075,336.1399074169075,336.1399074169075,336.1399074169075,336.1399074169075,336.1399074169075,336.1399074169075,336.1399074169075,336.1399074169075,336.1399074169075,336.1399074169075,336.1399074169075,336.1399074169075,336.1399074169075,336.1399074169075
340.38889518856706,340.38889518856706,340.38889518856706,340.38889518856706,340.38889518856706,340.38889518856706,340.38889518856706,340.38889518856706,340.38889518856706,340.38889518856706,340.38889518856706,340.38889518856706,340.38889518856706,340.38889518856706,340.38889518856706,340.38889518856706,340.38889518856706,340.38889518856706,340.38889518856706,340.38889518856706
350.99402221907684,350.99402221907684,350.99402221907684,350.99402221907684,350.99402221907684,350.99402221907684,350.99402221907684,350.99402221907684,350.99402221907684,350.99402221907684,350.99402221907684,350.99402221907684,350.99402221907684,350.99402221907684,350.99402221907684,350.99402221907684,350.99402221907684,350.99402221907684,350.99402221907684,350.99402221907684
367.0202455296579,367.0202455296579,367.0202455296579,367.0202455296579,367.0202455296579,367.0202455296579,367.0202455296579,367.0202455296579,367.0202455296579,367.0202455296579,367.0202455296579,367.0202455296579,367.0202455296579,367.0202455296579,367.0202455296579,367.0202455296579,367.0202455296579,367.0202455296579,367.0202455296579,367.0202455296579
386.3592001712091,386.3592001712091,386.3592001712091,386.3592001712091,386.3592001712091,386.3592001712091,386.3592001712091,386.3592001712091,386.3592001712091,386.3592001712091,386.3592001712091,386.3592001712091,386.3592001712091,386.3592001712091,386.3592001712091,386.3592001712091,386.3592001712091,386.3592001712091,386.3592001712091,386.3592001712091
406.127620170068,406.127620170068,406.127620170068,406.127620170068,406.127620170068,406.127620170068,406.127620170068,406.127620170068,406.127620170068,406.127620170068,406.127620170068,406.127620170068,406.127620170068,406.127620170068,406.127620170068,406.127620170068,406.127620170068,406.127620170068,406.127620170068,406.127620170068
423.44032161694224,423.44032161694224,423.44032161694224,423.44032161694224,423.44032161694224,423.44032161694224,423.44032161694224,423.44032161694224,423.44032161694224,423.44032161694224,423.44032161694224,423.44032161694224,423.44032161694224,423.44032161694224,423.44032161694224,423.44032161694224,423.44032161694224,423.44032161694224,423.44032161694224,423.44032161694224
434.9427499545174,434.9427499545174,434.9427499545174,434.9427499545174,434.9427499545174,434.9427499545174,434.9427499545174,434.9427499545174,434.9427499545174,434.9427499545174,434.9427499545174,434.9427499545174,434.9427499545174,434.9427499545174,434.9427499545174,434.9427499545174,434.9427499545174,434.9427499545174,434.9427499545174,434.9427499545174
438.55892487871586,438.55892487871586,438.55892487871586,438.55892487871586,438.55892487871586,438.55892487871586,438.55892487871586,438.55892487871586,438.55892487871586,438.55892487871586,438.55892487871586,438.55892487871586,438.55892487871586,438.55892487871586,438.55892487871586,438.55892487871586,438.55892487871586,438.55892487871586,438.55892487871586,438.55892487871586
434.2471475395078,434.2471475395078,434.2471475395078,434.2471475395078,434.2471475395078,434.2471475395078,434.2471475395078,434.2471475395078,434.2471475395078,434.2471475395078,434.2471475395078,434.2471475395078,434.2471475395078,434.2471475395078,434.2471475395078,434.2471475395078,434.2471475395078,434.2471475395078,434.2471475395078,434.2471475395078
423.31965025546015,423.31965025546015,423.31965025546015,423.31965025546015,423.31965025546015,423.31965025546015,423.31965025546015,423.31965025546015,423.31965025546015,423.31965025546015,423.31965025546015,423.31965025546015,423.31965025546015,423.31965025546015,423.31965025546015,423.31965025546015,423.31965025546015,423.31965025546015,423.31965025546015,423.31965025546015
407.7562842449983,407.7562842449983,407.7562842449983,407.7562842449983,407.7562842449983,407.7562842449983,407.7562842449983,407.7562842449983,407.7562842449983,407.7562842449983,407.7562842449983,407.7562842449983,407.7562842449983,407.7562842449983,407.7562842449983,407.7562842449983,407.7562842449983,407.7562842449983,407.7562842449983,407.7562842449983
389.5254689249943,389.5254689249943,389.5254689249943,389.5254689249943,389.5254689249943,389.5254689249943,389.5254689249943,389.5254689249943,389.5254689249943,389.5254689249943,389.5254689249943,389.5254689249943,389.5254689249943,389.5254689249943,389.5254689249943,389.5254689249943,389.5254689249943,389.5254689249943,389.5254689249943,389.5254689249943
370.7963187645176,370.7963187645176,370.7963187645176,370.7963187645176,370.7963187645176,370.7963187645176,370.7963187645176,370.7963187645176,370.7963187645176,370.7963187645176,370.7963187645176,370.7963187645176,370.7963187645176,370.7963187645176,370.7963187645176,370.7963187645176,370.7963187645176,370.7963187645176,370.7963187645176,370.7963187645176
353.55107923351227,353.55107923351227,353.55107923351227,353.55107923351227,353.55107923351227,353.55107923351227,353.55107923351227,353.55107923351227,353.55107923351227,353.55107923351227,353.55107923351227,353.55107923351227,353.55107923351227,353.55107923351227,353.55107923351227,353.55107923351227,353.55107923351227,353.55107923351227,353.55107923351227,353.55107923351227
339.8674275365402,339.8674275365402,339.8674275365402,339.8674275365402,339.8674275365402,339.8674275365402,339.8674275365402,339.8674275365402,339.8674275365402,339.8674275365402,339.8674275365402,339.8674275365402,339.8674275365402,339.8674275365402,339.8674275365402,339.8674275365402,339.8674275365402,339.8674275365402,339.8674275365402,339.8674275365402
330.4540611211535,330.4540611211535,330.4540611211535,330.4540611211535,330.4540611211535,330.4540611211535,330.4540611211535,330.4540611211535,330.4540611211535,330.4540611211535,330.4540611211535,330.4540611211535,330.4540611211535,330.4540611211535,330.4540611211535,330.4540611211535,330.4540611211535,330.4540611211535,330.4540611211535,330.4540611211535
324.3730140242371,324.3730140242371,324.3730140242371,324.3730140242371,324.3730140242371,324.3730140242371,324.3730140242371,324.3730140242371,324.3730140242371,324.3730140242371,324.3730140242371,324.3730140242371,324.3730140242371,324.3730140242371,324.3730140242371,324.3730140242371,324.3730140242371,324.3730140242371,324.3730140242371,324.3730140242371
319.19013144418864,319.19013144418864,319.19013144418864,319.19013144418864,319.19013144418864,319.19013144418864,319.19013144418864,319.19013144418864,319.19013144418864,319.19013144418864,319.19013144418864,319.19013144418864,319.19013144418864,319.19013144418864,319.19013144418864,319.19013144418864,319.19013144418864,319.19013144418864,319.19013144418864,319.19013144418864
311.9889256863392,311.9889256863392,311.9889256863392,311.9889256863392,311.9889256863392,311.9889256863392,311.9889256863392,311.9889256863392,311.9889256863392,311.9889256863392,311.9889256863392,311.9889256863392,311.9889256863392,311.9889256863392,311.9889256863392,311.9889256863392,311.9889256863392,311.9889256863392,311.9889256863392,311.9889256863392
301.4402896168416,301.4402896168416,301.4402896168416,301.4402896168416,301.4402896168416,301.4402896168416,301.4402896168416,301.4402896168416,301.4402896168416,301.4402896168416,301.4402896168416,301.4402896168416,301.4402896168416,301.4402896168416,301.4402896168416,301.4402896168416,301.4402896168416,301.4402896168416,301.4402896168416,301.4402896168416
287.8722289779454,287.8722289779454,287.8722289779454,287.8722289779454,287.8722289779454,287.8722289779454,287.8722289779454,287.8722289779454,287.8722289779454,287.8722289779454,287.8722289779454,287.8722289779454,287.8722289779454,287.8722289779454,287.8722289779454,287.8722289779454,287.8722289779454,287.8722289779454,287.8722289779454,287.8722289779454
271.999113699395,271.999113699395,271.999113699395,271.999113699395,271.999113699395,271.999113699395,271.999113699395,271.999113699395,271.999113699395,271.999113699395,271.999113699395,271.999113699395,271.999113699395,271.999113699395,271.999113699395,271.999113699395,271.999113699395,271.999113699395,271.999113699395,271.999113699395
256.2915779315024,256.2915779315024,256.2915779315024,256.2915779315024,256.2915779315024,256.2915779315024,256.2915779315024,256.2915779315024,256.2915779315024,256.2915779315024,256.2915779315024,256.2915779315024,256.2915779315024,256.2915779315024,256.2915779315024,256.2915779315024,256.2915779315024,256.2915779315024,256.2915779315024,256.2915779315024
243.37217339243597,243.37217339243597,243.37217339243597,243.37217339243597,243.37217339243597,243.37217339243597,243.37217339243597,243.37217339243597,243.37217339243597,243.37217339243597,243.37217339243597,243.37217339243597,243.37217339243597,243.37217339243597,243.37217339243597,243.37217339243597,243.37217339243597,243.37217339243597,243.37217339243597,243.37217339243597
235.32932496680232,235.32932496680232,235.32932496680232,235.32932496680232,235.32932496680232,235.32932496680232,235.32932496680232,235.32932496680232,235.32932496680232,235.32932496680232,235.32932496680232,235.32932496680232,235.32932496680232,235.32932496680232,235.32932496680232,235.32932496680232,235.32932496680232,235.32932496680232,235.32932496680232,235.32932496680232
231.74923186711518,231.74923186711518,231.74923186711518,231.74923186711518,231.74923186711518,231.74923186711518,231.74923186711518,231.74923186711518,231.74923186711518,231.74923186711518,231.74923186711518,231.74923186711518,231.74923186711518,231.74923186711518,231.74923186711518,231.74923186711518,231.74923186711518,231.74923186711518,231.74923186711518,231.74923186711518
231.08716711741482,231.08716711741482,231.08716711741482,231.08716711741482,231.08716711741482,231.08716711741482,231.08716711741482,231.08716711741482,231.08716711741482,231.08716711741482,231.08716711741482,231.08716711741482,231.08716711741482,231.08716711741482,231.08716711741482,231.08716711741482,231.08716711741482,231.08716711741482,231.08716711741482,231.08716711741482
231.9500926353782,231.9500926353782,231.9500926353782,231.9500926353782,231.9500926353782,231.9500926353782,231.9500926353782,231.9500926353782,231.9500926353782,231.9500926353782,231.9500926353782,231.9500926353782,231.9500926353782,231.9500926353782,231.9500926353782,231.9500926353782,231.9500926353782,231.9500926353782,231.9500926353782,231.9500926353782
232.95477459790808,232.95477459790808,232.95477459790808,232.95477459790808,232.95477459790808,232.95477459790808,232.95477459790808,232.95477459790808,232.95477459790808,232.95477459790808,232.95477459790808,232.95477459790808,232.95477459790808,232.95477459790808,232.95477459790808,232.95477459790808,232.95477459790808,232.95477459790808,232.95477459790808,232.95477459790808
234.57011879658666,234.57011879658666,234.57011879658666,234.57011879658666,234.57011879658666,234.57011879658666,234.57011879658666,234.57011879658666,234.57011879658666,234.57011879658666,234.57011879658666,234.57011879658666,234.57011879658666,234.57011879658666,234.57011879658666,234.57011879658666,234.57011879658666,234.57011879658666,234.57011879658666,234.57011879658666
238.2535345892796,238.2535345892796,238.2535345892796,238.2535345892796,238.2535345892796,238.2535345892796,238.2535345892796,238.2535345892796,238.2535345892796,238.2535345892796,238.2535345892796,238.2535345892796,238.2535345892796,238.2535345892796,238.2535345892796,238.2535345892796,238.2535345892796,238.2535345892796,238.2535345892796,238.2535345892796
246.59455849898214,246.59455849898214,246.59455849898214,246.59455849898214,246.59455849898214,246.59455849898214,246.59455849898214,246.59455849898214,246.59455849898214,246.59455849898214,246.59455849898214,246.59455849898214,246.59455849898214,246.59455849898214,246.59455849898214,246.59455849898214,246.59455849898214,246.59455849898214,246.59455849898214,246.59455849898214
261.99402035785954,261.99402035785954,261.99402035785954,261.99402035785954,261.99402035785954,261.99402035785954,261.99402035785954,261.99402035785954,261.99402035785954,261.99402035785954,261.99402035785954,261.99402035785954,261.99402035785954,261.99402035785954,261.99402035785954,261.99402035785954,261.99402035785954,261.99402035785954,261.99402035785954,261.99402035785954
285.0253467271051,285.0253467271051,285.0253467271051,285.0253467271051,285.0253467271051,285.0253467271051,285.0253467271051,285.0253467271051,285.0253467271051,285.0253467271051,285.0253467271051,285.0253467271051,285.0253467271051,285.0253467271051,285.0253467271051,285.0253467271051,285.0253467271051,285.0253467271051,285.0253467271051,285.0253467271051
314.5028679316292,314.5028679316292,314.5028679316292,314.5028679316292,314.5028679316292,314.5028679316292,314.5028679316292,314.5028679316292,314.5028679316292,314.5028679316292,314.5028679316292,314.5028679316292,314.5028679316292,314.5028679316292,314.5028679316292,314.5028679316292,314.5028679316292,314.5028679316292,314.5028679316292,314.5028679316292
347.1816961210625,347.1816961210625,347.1816961210625,347.1816961210625,347.1816961210625,347.1816961210625,347.1816961210625,347.1816961210625,347.1816961210625,347.1816961210625,347.1816961210625,347.1816961210625,347.1816961210625,347.1816961210625,347.1816961210625,347.1816961210625,347.1816961210625,347.1816961210625,347.1816961210625,347.1816961210625
378.4302700639797,378.4302700639797,378.4302700639797,378.4302700639797,378.4302700639797,378.4302700639797,378.4302700639797,378.4302700639797,378.4302700639797,378.4302700639797,378.4302700639797,378.4302700639797,378.4302700639797,378.4302700639797,378.4302700639797,378.4302700639797,378.4302700639797,378.4302700639797,378.4302700639797,378.4302700639797
403.8048909517281,403.8048909517281,403.8048909517281,403.8048909517281,403.8048909517281,403.8048909517281,403.8048909517281,403.8048909517281,403.8048909517281,403.8048909517281,403.8048909517281,403.8048909517281,403.8048909517281,403.8048909517281,403.8048909517281,403.8048909517281,403.8048909517281,403.8048909517281,403.8048909517281,403.8048909517281
420.3740996853444,420.3740996853444,420.3740996853444,420.3740996853444,420.3740996853444,420.3740996853444,420.3740996853444,420.3740996853444,420.3740996853444,420.3740996853444,420.3740996853444,420.3740996853444,420.3740996853444,420.3740996853444,420.3740996853444,420.3740996853444,420.3740996853444,420.3740996853444,420.3740996853444,420.3740996853444
426.6795400330054,426.6795400330054,426.6795400330054,426.6795400330054,426.6795400330054,426.6795400330054,426.6795400330054,426.6795400330054,426.6795400330054,426.6795400330054,426.6795400330054,426.6795400330054,426.6795400330054,426.6795400330054,426.6795400330054,426.6795400330054,426.6795400330054,426.6795400330054,426.6795400330054,426.6795400330054
422.9234324309858,422.9234324309858,422.9234324309858,422.9234324309858,422.9234324309858,422.9234324309858,422.9234324309858,422.9234324309858,422.9234324309858,422.9234324309858,422.9234324309858,422.9234324309858,422.9234324309858,422.9234324309858,422.9234324309858,422.9234324309858,422.9234324309858,422.9234324309858,422.9234324309858,422.9234324309858
410.55012406789893,410.55012406789893,410.55012406789893,410.55012406789893,410.55012406789893,410.55012406789893,410.55012406789893,410.55012406789893,410.55012406789893,410.55012406789893,410.55012406789893,410.55012406789893,410.55012406789893,410.55012406789893,410.55012406789893,410.55012406789893,410.55012406789893,410.55012406789893,410.55012406789893,410.55012406789893
391.523645700976,391.523645700976,391.523645700976,391.523645700976,391.523645700976,391.523645700976,391.523645700976,391.523645700976,391.523645700976,391.523645700976,391.523645700976,391.523645700976,391.523645700976,391.523645700976,391.523645700976,391.523645700976,391.523645700976,391.523645700976,391.523645700976,391.523645700976
366.8222221588554,366.8222221588554,366.8222221588554,366.8222221588554,366.8222221588554,366.8222221588554,366.8222221588554,366.8222221588554,366.8222221588554,366.8222221588554,366.8222221588554,366.8222221588554,366.8222221588554,366.8222221588554,366.8222221588554,366.8222221588554,366.8222221588554,366.8222221588554,366.8222221588554,366.8222221588554
337.21493262516964,337.21493262516964,337.21493262516964,337.21493262516964,337.21493262516964,337.21493262516964,337.21493262516964,337.21493262516964,337.21493262516964,337.21493262516964,337.21493262516964,337.21493262516964,337.21493262516964,337.21493262516964,337.21493262516964,337.21493262516964,337.21493262516964,337.21493262516964,337.21493262516964,337.21493262516964
305.40908564967225,305.40908564967225,305.40908564967225,305.40908564967225,305.40908564967225,305.40908564967225,305.40908564967225,305.40908564967225,305.40908564967225,305.40908564967225,305.40908564967225,305.40908564967225,305.40908564967225,305.40908564967225,305.40908564967225,305.40908564967225,305.40908564967225,305.40908564967225,305.40908564967225,305.40908564967225
276.16109368444654,276.16109368444654,276.16109368444654,276.16109368444654,276.16109368444654,276.16109368444654,276.16109368444654,276.16109368444654,276.16109368444654,276.16109368444654,276.16109368444654,276.16109368444654,276.16109368444654,276.16109368444654,276.16109368444654,276.16109368444654,276.16109368444654,276.16109368444654,276.16109368444654,276.16109368444654
255.11549142570834,255.11549142570834,255.11549142570834,255.11549142570834,255.11549142570834,255.11549142570834,255.11549142570834,255.11549142570834,255.11549142570834,255.11549142570834,255.11549142570834,255.11549142570834,255.11549142570834,255.11549142570834,255.11549142570834,255.11549142570834,255.11549142570834,255.11549142570834,255.11549142570834,255.11549142570834
246.32577625627442,246.32577625627442,246.32577625627442,246.32577625627442,246.32577625627442,246.32577625627442,246.32577625627442,246.32577625627442,246.32577625627442,246.32577625627442,246.32577625627442,246.32577625627442,246.32577625627442,246.32577625627442,246.32577625627442,246.32577625627442,246.32577625627442,246.32577625627442,246.32577625627442,246.32577625627442
251.98295684560838,251.98295684560838,251.98295684560838,251.98295684560838,251.98295684560838,251.98295684560838,251.98295684560838,251.98295684560838,251.98295684560838,251.98295684560838,251.98295684560838,251.98295684560838,251.98295684560838,251.98295684560838,251.98295684560838,251.98295684560838,251.98295684560838,251.98295684560838,251.98295684560838,251.98295684560838
269.36627872093953,269.36627872093953,269.36627872093953,269.36627872093953,269.36627872093953,269.36627872093953,269.36627872093953,269.36627872093953,269.36627872093953,269.36627872093953,269.36627872093953,269.36627872093953,269.36627872093953,269.36627872093953,269.36627872093953,269.36627872093953,269.36627872093953,269.36627872093953,269.36627872093953,269.36627872093953
292.60117979916294,292.60117979916294,292.60117979916294,292.60117979916294,292.60117979916294,292.60117979916294,292.60117979916294,292.60117979916294,292.60117979916294,292.60117979916294,292.60117979916294,292.60117979916294,292.60117979916294,292.60117979916294,292.60117979916294,292.60117979916294,292.60117979916294,292.60117979916294,292.60117979916294,292.60117979916294
315.326156453504,315.326156453504,315.326156453504,315.326156453504,315.326156453504,315.326156453504,315.326156453504,315.326156453504,315.326156453504,315.326156453504,315.326156453504,315.326156453504,315.326156453504,315.326156453504,315.326156453504,315.326156453504,315.326156453504,315.326156453504,315.326156453504,315.326156453504
332.78558859722153,332.78558859722153,332.78558859722153,332.78558859722153,332.78558859722153,332.78558859722153,332.78558859722153,332.78558859722153,332.78558859722153,332.78558859722153,332.78558859722153,332.78558859722153,332.78558859722153,332.78558859722153,332.78558859722153,332.78558859722153,332.78558859722153,332.78558859722153,332.78558859722153,332.78558859722153
342.2018126846561,342.2018126846561,342.2018126846561,342.2018126846561,342.2018126846561,342.2018126846561,342.2018126846561,342.2018126846561,342.2018126846561,342.2018126846561,342.2018126846561,342.2018126846561,342.2018126846561,342.2018126846561,342.2018126846561,342.2018126846561,342.2018126846561,342.2018126846561,342.2018126846561,342.2018126846561
344.2567310874311,344.2567310874311,344.2567310874311,344.2567310874311,344.2567310874311,344.2567310874311,344.2567310874311,344.2567310874311,344.2567310874311,344.2567310874311,344.2567310874311,344.2567310874311,344.2567310874311,344.2567310874311,344.2567310874311,344.2567310874311,344.2567310874311,344.2567310874311,344.2567310874311,344.2567310874311
340.25494302143943,340.25494302143943,340.25494302143943,340.25494302143943,340.25494302143943,340.25494302143943,340.25494302143943,340.25494302143943,340.25494302143943,340.25494302143943,340.25494302143943,340.25494302143943,340.25494302143943,340.25494302143943,340.25494302143943,340.25494302143943,340.25494302143943,340.25494302143943,340.25494302143943,340.25494302143943
332.11587073590096,332.11587073590096,332.11587073590096,332.11587073590096,332.11587073590096,332.11587073590096,332.11587073590096,332.11587073590096,332.11587073590096,332.11587073590096,332.11587073590096,332.11587073590096,332.11587073590096,332.11587073590096,332.11587073590096,332.11587073590096,332.11587073590096,332.11587073590096,332.11587073590096,332.11587073590096
322.48695005405074,322.48695005405074,322.48695005405074,322.48695005405074,322.48695005405074,322.48695005405074,322.48695005405074,322.48695005405074,322.48695005405074,322.48695005405074,322.48695005405074,322.48695005405074,322.48695005405074,322.48695005405074,322.48695005405074,322.48695005405074,322.48695005405074,322.48695005405074,322.48695005405074,322.48695005405074
313.62605742833955,313.62605742833955,313.62605742833955,313.62605742833955,313.62605742833955,313.62605742833955,313.62605742833955,313.62605742833955,313.62605742833955,313.62605742833955,313.62605742833955,313.62605742833955,313.62605742833955,313.62605742833955,313.62605742833955,313.62605742833955,313.62605742833955,313.62605742833955,313.62605742833955,313.62605742833955
306.64608007434776,306.64608007434776,306.64608007434776,306.64608007434776,306.64608007434776,306.64608007434776,306.64608007434776,306.64608007434776,306.64608007434776,306.64608007434776,306.64608007434776,306.64608007434776,306.64608007434776,306.64608007434776,306.64608007434776,306.64608007434776,306.64608007434776,306.64608007434776,306.64608007434776,306.64608007434776
302.4697369868337,302.4697369868337,302.4697369868337,302.4697369868337,302.4697369868337,302.4697369868337,302.4697369868337,302.4697369868337,302.4697369868337,302.4697369868337,302.4697369868337,302.4697369868337,302.4697369868337,302.4697369868337,302.4697369868337,302.4697369868337,302.4697369868337,302.4697369868337,302.4697369868337,302.4697369868337
301.2409037178147,301.2409037178147,301.2409037178147,301.2409037178147,301.2409037178147,301.2409037178147,301.2409037178147,301.2409037178147,301.2409037178147,301.2409037178147,301.2409037178147,301.2409037178147,301.2409037178147,301.2409037178147,301.2409037178147,301.2409037178147,301.2409037178147,301.2409037178147,301.2409037178147,301.2409037178147
303.0623217910593,303.0623217910593,303.0623217910593,303.0623217910593,303.0623217910593,303.0623217910593,303.0623217910593,303.0623217910593,303.0623217910593,303.0623217910593,303.0623217910593,303.0623217910593,303.0623217910593,303.0623217910593,303.0623217910593,303.0623217910593,303.0623217910593,303.0623217910593,303.0623217910593,303.0623217910593
307.33347775297733,307.33347775297733,307.33347775297733,307.33347775297733,307.33347775297733,307.33347775297733,307.33347775297733,307.33347775297733,307.33347775297733,307.33347775297733,307.33347775297733,307.33347775297733,307.33347775297733,307.33347775297733,307.33347775297733,307.33347775297733,307.33347775297733,307.33347775297733,307.33347775297733,307.33347775297733
312.6779311668755,312.6779311668755,312.6779311668755,312.6779311668755,312.6779311668755,312.6779311668755,312.6779311668755,312.6779311668755,312.6779311668755,312.6779311668755,312.6779311668755,312.6779311668755,312.6779311668755,312.6779311668755,312.6779311668755,312.6779311668755,312.6779311668755,312.6779311668755,312.6779311668755,312.6779311668755
317.6892652835361,317.6892652835361,317.6892652835361,317.6892652835361,317.6892652835361,317.6892652835361,317.6892652835361,317.6892652835361,317.6892652835361,317.6892652835361,317.6892652835361,317.6892652835361,317.6892652835361,317.6892652835361,317.6892652835361,317.6892652835361,317.6892652835361,317.6892652835361,317.6892652835361,317.6892652835361
320.6872507515505,320.6872507515505,320.6872507515505,320.6872507515505,320.6872507515505,320.6872507515505,320.6872507515505,320.6872507515505,320.6872507515505,320.6872507515505,320.6872507515505,320.6872507515505,320.6872507515505,320.6872507515505,320.6872507515505,320.6872507515505,320.6872507515505,320.6872507515505,320.6872507515505,320.6872507515505
319.778609548931,319.778609548931,319.778609548931,319.778609548931,319.778609548931,319.778609548931,319.778609548931,319.778609548931,319.778609548931,319.778609548931,319.778609548931,319.778609548931,319.778609548931,319.778609548931,319.778609548931,319.778609548931,319.778609548931,319.778609548931,319.778609548931,319.778609548931
312.7689665617242,312.7689665617242,312.7689665617242,312.7689665617242,312.7689665617242,312.7689665617242,312.7689665617242,312.7689665617242,312.7689665617242,312.7689665617242,312.7689665617242,312.7689665617242,312.7689665617242,312.7689665617242,312.7689665617242,312.7689665617242,312.7689665617242,312.7689665617242,312.7689665617242,312.7689665617242
298.41666317797126,298.41666317797126,298.41666317797126,298.41666317797126,298.41666317797126,298.41666317797126,298.41666317797126,298.41666317797126,298.41666317797126,298.41666317797126,298.41666317797126,298.41666317797126,298.41666317797126,298.41666317797126,298.41666317797126,298.41666317797126,298.41666317797126,298.41666317797126,298.41666317797126,298.41666317797126
277.70138436229405,277.70138436229405,277.70138436229405,277.70138436229405,277.70138436229405,277.70138436229405,277.70138436229405,277.70138436229405,277.70138436229405,277.70138436229405,277.70138436229405,277.70138436229405,277.70138436229405,277.70138436229405,277.70138436229405,277.70138436229405,277.70138436229405,277.70138436229405,277.70138436229405,277.70138436229405
253.97614416552892,253.97614416552892,253.97614416552892,253.97614416552892,253.97614416552892,253.97614416552892,253.97614416552892,253.97614416552892,253.97614416552892,253.97614416552892,253.97614416552892,253.97614416552892,253.97614416552892,253.97614416552892,253.97614416552892,253.97614416552892,253.97614416552892,253.97614416552892,253.97614416552892,253.97614416552892
232.4127323145569,232.4127323145569,232.4127323145569,232.4127323145569,232.4127323145569,232.4127323145569,232.4127323145569,232.4127323145569,232.4127323145569,232.4127323145569,232.4127323145569,232.4127323145569,232.4127323145569,232.4127323145569,232.4127323145569,232.4127323145569,232.4127323145569,232.4127323145569,232.4127323145569,232.4127323145569
218.9303962241944,218.9303962241944,218.9303962241944,218.9303962241944,218.9303962241944,218.9303962241944,218.9303962241944,218.9303962241944,218.9303962241944,218.9303962241944,218.9303962241944,218.9303962241944,218.9303962241944,218.9303962241944,218.9303962241944,218.9303962241944,218.9303962241944,218.9303962241944,218.9303962241944,218.9303962241944
217.83446052901294,217.83446052901294,217.83446052901294,217.83446052901294,217.83446052901294,217.83446052901294,217.83446052901294,217.83446052901294,217.83446052901294,217.83446052901294,217.83446052901294,217.83446052901294,217.83446052901294,217.83446052901294,217.83446052901294,217.83446052901294,217.83446052901294,217.83446052901294,217.83446052901294,217.83446052901294
229.96963608299018,229.96963608299018,229.96963608299018,229.96963608299018,229.96963608299018,229.96963608299018,229.96963608299018,229.96963608299018,229.96963608299018,229.96963608299018,229.96963608299018,229.96963608299018,229.96963608299018,229.96963608299018,229.96963608299018,229.96963608299018,229.96963608299018,229.96963608299018,229.96963608299018,229.96963608299018
253.03365891338825,253.03365891338825,253.03365891338825,253.03365891338825,253.03365891338825,253.03365891338825,253.03365891338825,253.03365891338825,253.03365891338825,253.03365891338825,253.03365891338825,253.03365891338825,253.03365891338825,253.03365891338825,253.03365891338825,253.03365891338825,253.03365891338825,253.03365891338825,253.03365891338825,253.03365891338825
281.6185565942624,281.6185565942624,281.6185565942624,281.6185565942624,281.6185565942624,281.6185565942624,281.6185565942624,281.6185565942624,281.6185565942624,281.6185565942624,281.6185565942624,281.6185565942624,281.6185565942624,281.6185565942624,281.6185565942624,281.6185565942624,281.6185565942624,281.6185565942624,281.6185565942624,281.6185565942624
309.1892856303093,309.1892856303093,309.1892856303093,309.1892856303093,309.1892856303093,309.1892856303093,309.1892856303093,309.1892856303093,309.1892856303093,309.1892856303093,309.1892856303093,309.1892856303093,309.1892856303093,309.1892856303093,309.1892856303093,309.1892856303093,309.1892856303093,309.1892856303093,309.1892856303093,309.1892856303093
329.8507570809597,329.8507570809597,329.8507570809597,329.8507570809597,329.8507570809597,329.8507570809597,329.8507570809597,329.8507570809597,329.8507570809597,329.8507570809597,329.8507570809597,329.8507570809597,329.8507570809597,329.8507570809597,329.8507570809597,329.8507570809597,329.8507570809597,329.8507570809597,329.8507570809597,329.8507570809597
339.3829491970204,339.3829491970204,339.3829491970204,339.3829491970204,339.3829491970204,339.3829491970204,339.3829491970204,339.3829491970204,339.3829491970204,339.3829491970204,339.3829491970204,339.3829491970204,339.3829491970204,339.3829491970204,339.3829491970204,339.3829491970204,339.3829491970204,339.3829491970204,339.3829491970204,339.3829491970204
336.3857537950872,336.3857537950872,336.3857537950872,336.3857537950872,336.3857537950872,336.3857537950872,336.3857537950872,336.3857537950872,336.3857537950872,336.3857537950872,336.3857537950872,336.3857537950872,336.3857537950872,336.3857537950872,336.3857537950872,336.3857537950872,336.3857537950872,336.3857537950872,336.3857537950872,336.3857537950872
321.85546252959017,321.85546252959017,321.85546252959017,321.85546252959017,321.85546252959017,321.85546252959017,321.85546252959017,321.85546252959017,321.85546252959017,321.85546252959017,321.85546252959017,321.85546252959017,321.85546252959017,321.85546252959017,321.85546252959017,321.85546252959017,321.85546252959017,321.85546252959017,321.85546252959017,321.85546252959017
299.6987256907868,299.6987256907868,299.6987256907868,299.6987256907868,299.6987256907868,299.6987256907868,299.6987256907868,299.6987256907868,299.6987256907868,299.6987256907868,299.6987256907868,299.6987256907868,299.6987256907868,299.6987256907868,299.6987256907868,299.6987256907868,299.6987256907868,299.6987256907868,299.6987256907868,299.6987256907868
274.41217750992774,274.41217750992774,274.41217750992774,274.41217750992774,274.41217750992774,274.41217750992774,274.41217750992774,274.41217750992774,274.41217750992774,274.41217750992774,274.41217750992774,274.41217750992774,274.41217750992774,274.41217750992774,274.41217750992774,274.41217750992774,274.41217750992774,274.41217750992774,274.41217750992774,274.41217750992774
249.9205281608069,249.9205281608069,249.9205281608069,249.9205281608069,249.9205281608069,249.9205281608069,249.9205281608069,249.9205281608069,249.9205281608069,249.9205281608069,249.9205281608069,249.9205281608069,249.9205281608069,249.9205281608069,249.9205281608069,249.9205281608069,249.9205281608069,249.9205281608069,249.9205281608069,249.9205281608069
229.68707545577928,229.68707545577928,229.68707545577928,229.68707545577928,229.68707545577928,229.68707545577928,229.68707545577928,229.68707545577928,229.68707545577928,229.68707545577928,229.68707545577928,229.68707545577928,229.68707545577928,229.68707545577928,229.68707545577928,229.68707545577928,229.68707545577928,229.68707545577928,229.68707545577928,229.68707545577928
215.6921805705348,215.6921805705348,215.6921805705348,215.6921805705348,215.6921805705348,215.6921805705348,215.6921805705348,215.6921805705348,215.6921805705348,215.6921805705348,215.6921805705348,215.6921805705348,215.6921805705348,215.6921805705348,215.6921805705348,215.6921805705348,215.6921805705348,215.6921805705348,215.6921805705348,215.6921805705348
208.2571732975308,208.2571732975308,208.2571732975308,208.2571732975308,208.2571732975308,208.2571732975308,208.2571732975308,208.2571732975308,208.2571732975308,208.2571732975308,208.2571732975308,208.2571732975308,208.2571732975308,208.2571732975308,208.2571732975308,208.2571732975308,208.2571732975308,208.2571732975308,208.2571732975308,208.2571732975308
207.41640015719736,207.41640015719736,207.41640015719736,207.41640015719736,207.41640015719736,207.41640015719736,207.41640015719736,207.41640015719736,207.41640015719736,207.41640015719736,207.41640015719736,207.41640015719736,207.41640015719736,207.41640015719736,207.41640015719736,207.41640015719736,207.41640015719736,207.41640015719736,207.41640015719736,207.41640015719736
210.94352902574008,210.94352902574008,210.94352902574008,210.94352902574008,210.94352902574008,210.94352902574008,210.94352902574008,210.94352902574008,210.94352902574008,210.94352902574008,210.94352902574008,210.94352902574008,210.94352902574008,210.94352902574008,210.94352902574008,210.94352902574008,210.94352902574008,210.94352902574008,210.94352902574008,210.94352902574008
216.3800140831343,216.3800140831343,216.3800140831343,216.3800140831343,216.3800140831343,216.3800140831343,216.3800140831343,216.3800140831343,216.3800140831343,216.3800140831343,216.3800140831343,216.3800140831343,216.3800140831343,216.3800140831343,216.3800140831343,216.3800140831343,216.3800140831343,216.3800140831343,216.3800140831343,216.3800140831343
221.57534857937372,221.57534857937372,221.57534857937372,221.57534857937372,221.57534857937372,221.57534857937372,221.57534857937372,221.57534857937372,221.57534857937372,221.57534857937372,221.57534857937372,221.57534857937372,221.57534857937372,221.57534857937372,221.57534857937372,221.57534857937372,221.57534857937372,221.57534857937372,221.57534857937372,221.57534857937372
225.10333895883807,225.10333895883807,225.10333895883807,225.10333895883807,225.10333895883807,225.10333895883807,225.10333895883807,225.10333895883807,225.10333895883807,225.10333895883807,225.10333895883807,225.10333895883807,225.10333895883807,225.10333895883807,225.10333895883807,225.10333895883807,225.10333895883807,225.10333895883807,225.10333895883807,225.10333895883807
226.60424301196798,226.60424301196798,226.60424301196798,226.60424301196798,226.60424301196798,226.60424301196798,226.60424301196798,226.60424301196798,226.60424301196798,226.60424301196798,226.60424301196798,226.60424301196798,226.60424301196798,226.60424301196798,226.60424301196798,226.60424301196798,226.60424301196798,226.60424301196798,226.60424301196798,226.60424301196798
224.8200419765439,224.8200419765439,224.8200419765439,224.8200419765439,224.8200419765439,224.8200419765439,224.8200419765439,224.8200419765439,224.8200419765439,224.8200419765439,224.8200419765439,224.8200419765439,224.8200419765439,224.8200419765439,224.8200419765439,224.8200419765439,224.8200419765439,224.8200419765439,224.8200419765439,224.8200419765439
219.07923870399281,219.07923870399281,219.07923870399281,219.07923870399281,219.07923870399281,219.07923870399281,219.07923870399281,219.07923870399281,219.07923870399281,219.07923870399281,219.07923870399281,219.07923870399281,219.07923870399281,219.07923870399281,219.07923870399281,219.07923870399281,219.07923870399281,219.07923870399281,219.07923870399281,219.07923870399281
209.46218319155662,209.46218319155662,209.46218319155662,209.46218319155662,209.46218319155662,209.46218319155662,209.46218319155662,209.46218319155662,209.46218319155662,209.46218319155662,209.46218319155662,209.46218319155662,209.46218319155662,209.46218319155662,209.46218319155662,209.46218319155662,209.46218319155662,209.46218319155662,209.46218319155662,209.46218319155662
197.27606427327316,197.27606427327316,197.27606427327316,197.27606427327316,197.27606427327316,197.27606427327316,197.27606427327316,197.27606427327316,197.27606427327316,197.27606427327316,197.27606427327316,197.27606427327316,197.27606427327316,197.27606427327316,197.27606427327316,197.27606427327316,197.27606427327316,197.27606427327316,197.27606427327316,197.27606427327316
185.07312415420242,185.07312415420242,185.07312415420242,185.07312415420242,185.07312415420242,185.07312415420242,185.07312415420242,185.07312415420242,185.07312415420242,185.07312415420242,185.07312415420242,185.07312415420242,185.07312415420242,185.07312415420242,185.07312415420242,185.07312415420242,185.07312415420242,185.07312415420242,185.07312415420242,185.07312415420242
175.78742532057072,175.78742532057072,175.78742532057072,175.78742532057072,175.78742532057072,175.78742532057072,175.78742532057072,175.78742532057072,175.78742532057072,175.78742532057072,175.78742532057072,175.78742532057072,175.78742532057072,175.78742532057072,175.78742532057072,175.78742532057072,175.78742532057072,175.78742532057072,175.78742532057072,175.78742532057072
172.1569590351741,172.1569590351741,172.1569590351741,172.1569590351741,172.1569590351741,172.1569590351741,172.1569590351741,172.1569590351741,172.1569590351741,172.1569590351741,172.1569590351741,172.1569590351741,172.1569590351741,172.1569590351741,172.1569590351741,172.1569590351741,172.1569590351741,172.1569590351741,172.1569590351741,172.1569590351741
175.06398368486816,175.06398368486816,175.06398368486816,175.06398368486816,175.06398368486816,175.06398368486816,175.06398368486816,175.06398368486816,175.06398368486816,175.06398368486816,175.06398368486816,175.06398368486816,175.06398368486816,175.06398368486816,175.06398368486816,175.06398368486816,175.06398368486816,175.06398368486816,175.06398368486816,175.06398368486816
182.33393555063438,182.33393555063438,182.33393555063438,182.33393555063438,182.33393555063438,182.33393555063438,182.33393555063438,182.33393555063438,182.33393555063438,182.33393555063438,182.33393555063438,182.33393555063438,182.33393555063438,182.33393555063438,182.33393555063438,182.33393555063438,182.33393555063438,182.33393555063438,182.33393555063438,182.33393555063438
190.7617271882025,190.7617271882025,190.7617271882025,190.7617271882025,190.7617271882025,190.7617271882025,190.7617271882025,190.7617271882025,190.7617271882025,190.7617271882025,190.7617271882025,190.7617271882025,190.7617271882025,190.7617271882025,190.7617271882025,190.7617271882025,190.7617271882025,190.7617271882025,190.7617271882025,190.7617271882025
196.43879040016668,196.43879040016668,196.43879040016668,196.43879040016668,196.43879040016668,196.43879040016668,196.43879040016668,196.43879040016668,196.43879040016668,196.43879040016668,196.43879040016668,196.43879040016668,196.43879040016668,196.43879040016668,196.43879040016668,196.43879040016668,196.43879040016668,196.43879040016668,196.43879040016668,196.43879040016668
196.15005797576296,196.15005797576296,196.15005797576296,196.15005797576296,196.15005797576296,196.15005797576296,196.15005797576296,196.15005797576296,196.15005797576296,196.15005797576296,196.15005797576296,196.15005797576296,196.15005797576296,196.15005797576296,196.15005797576296,196.15005797576296,196.15005797576296,196.15005797576296,196.15005797576296,196.15005797576296
189.3426469928446,189.3426469928446,189.3426469928446,189.3426469928446,189.3426469928446,189.3426469928446,189.3426469928446,189.3426469928446,189.3426469928446,189.3426469928446,189.3426469928446,189.3426469928446,189.3426469928446,189.3426469928446,189.3426469928446,189.3426469928446,189.3426469928446,189.3426469928446,189.3426469928446,189.3426469928446
177.67452290301912,177.67452290301912,177.67452290301912,177.67452290301912,177.67452290301912,177.67452290301912,177.67452290301912,177.67452290301912,177.67452290301912,177.67452290301912,177.67452290301912,177.67452290301912,177.67452290301912,177.67452290301912,177.67452290301912,177.67452290301912,177.67452290301912,177.67452290301912,177.67452290301912,177.67452290301912
164.2948860511822,164.2948860511822,164.2948860511822,164.2948860511822,164.2948860511822,164.2948860511822,164.2948860511822,164.2948860511822,164.2948860511822,164.2948860511822,164.2948860511822,164.2948860511822,164.2948860511822,164.2948860511822,164.2948860511822,164.2948860511822,164.2948860511822,164.2948860511822,164.2948860511822,164.2948860511822
152.3693746265453,152.3693746265453,152.3693746265453,152.3693746265453,152.3693746265453,152.3693746265453,152.3693746265453,152.3693746265453,152.3693746265453,152.3693746265453,152.3693746265453,152.3693746265453,152.3693746265453,152.3693746265453,152.3693746265453,152.3693746265453,152.3693746265453,152.3693746265453,152.3693746265453,152.3693746265453
144.51692975941083,144.51692975941083,144.51692975941083,144.51692975941083,144.51692975941083,144.51692975941083,144.51692975941083,144.51692975941083,144.51692975941083,144.51692975941083,144.51692975941083,144.51692975941083,144.51692975941083,144.51692975941083,144.51692975941083,144.51692975941083,144.51692975941083,144.51692975941083,144.51692975941083,144.51692975941083
142.64940883558788,142.64940883558788,142.64940883558788,142.64940883558788,142.64940883558788,142.64940883558788,142.64940883558788,142.64940883558788,142.64940883558788,142.64940883558788,142.64940883558788,142.64940883558788,142.64940883558788,142.64940883558788,142.64940883558788,142.64940883558788,142.64940883558788,142.64940883558788,142.64940883558788,142.64940883558788
147.52898431112962,147.52898431112962,147.52898431112962,147.52898431112962,147.52898431112962,147.52898431112962,147.52898431112962,147.52898431112962,147.52898431112962,147.52898431112962,147.52898431112962,147.52898431112962,147.52898431112962,147.52898431112962,147.52898431112962,147.52898431112962,147.52898431112962,147.52898431112962,147.52898431112962,147.52898431112962
158.52097970078447,158.52097970078447,158.52097970078447,158.52097970078447,158.52097970078447,158.52097970078447,158.52097970078447,158.52097970078447,158.52097970078447,158.52097970078447,158.52097970078447,158.52097970078447,158.52097970078447,158.52097970078447,158.52097970078447,158.52097970078447,158.52097970078447,158.52097970078447,158.52097970078447,158.52097970078447
173.72585483622802,173.72585483622802,173.72585483622802,173.72585483622802,173.72585483622802,173.72585483622802,173.72585483622802,173.72585483622802,173.72585483622802,173.72585483622802,173.72585483622802,173.72585483622802,173.72585483622802,173.72585483622802,173.72585483622802,173.72585483622802,173.72585483622802,173.72585483622802,173.72585483622802,173.72585483622802
190.72186892656595,190.72186892656595,190.72186892656595,190.72186892656595,190.72186892656595,190.72186892656595,190.72186892656595,190.72186892656595,190.72186892656595,190.72186892656595,190.72186892656595,190.72186892656595,190.72186892656595,190.72186892656595,190.72186892656595,190.72186892656595,190.72186892656595,190.72186892656595,190.72186892656595,190.72186892656595
205.9417323744322,205.9417323744322,205.9417323744322,205.9417323744322,205.9417323744322,205.9417323744322,205.9417323744322,205.9417323744322,205.9417323744322,205.9417323744322,205.9417323744322,205.9417323744322,205.9417323744322,205.9417323744322,205.9417323744322,205.9417323744322,205.9417323744322,205.9417323744322,205.9417323744322,205.9417323744322
215.1596997915952,215.1596997915952,215.1596997915952,215.1596997915952,215.1596997915952,215.1596997915952,215.1596997915952,215.1596997915952,215.1596997915952,215.1596997915952,215.1596997915952,215.1596997915952,215.1596997915952,215.1596997915952,215.1596997915952,215.1596997915952,215.1596997915952,215.1596997915952,215.1596997915952,215.1596997915952
215.45910113668137,215.45910113668137,215.45910113668137,215.45910113668137,215.45910113668137,215.45910113668137,215.45910113668137,215.45910113668137,215.45910113668137,215.45910113668137,215.45910113668137,215.45910113668137,215.45910113668137,215.45910113668137,215.45910113668137,215.45910113668137,215.45910113668137,215.45910113668137,215.45910113668137,215.45910113668137
206.30496196145793,206.30496196145793,206.30496196145793,206.30496196145793,206.30496196145793,206.30496196145793,206.30496196145793,206.30496196145793,206.30496196145793,206.30496196145793,206.30496196145793,206.30496196145793,206.30496196145793,206.30496196145793,206.30496196145793,206.30496196145793,206.30496196145793,206.30496196145793,206.30496196145793,206.30496196145793
189.17986235810042,189.17986235810042,189.17986235810042,189.17986235810042,189.17986235810042,189.17986235810042,189.17986235810042,189.17986235810042,189.17986235810042,189.17986235810042,189.17986235810042,189.17986235810042,189.17986235810042,189.17986235810042,189.17986235810042,189.17986235810042,189.17986235810042,189.17986235810042,189.17986235810042,189.17986235810042
168.03759703700555,168.03759703700555,168.03759703700555,168.03759703700555,168.03759703700555,168.03759703700555,168.03759703700555,168.03759703700555,168.03759703700555,168.03759703700555,168.03759703700555,168.03759703700555,168.03759703700555,168.03759703700555,168.03759703700555,168.03759703700555,168.03759703700555,168.03759703700555,168.03759703700555,168.03759703700555
147.5941350403144,147.5941350403144,147.5941350403144,147.5941350403144,147.5941350403144,147.5941350403144,147.5941350403144,147.5941350403144,147.5941350403144,147.5941350403144,147.5941350403144,147.5941350403144,147.5941350403144,147.5941350403144,147.5941350403144,147.5941350403144,147.5941350403144,147.5941350403144,147.5941350403144,147.5941350403144
131.97132951680814,131.97132951680814,131.97132951680814,131.97132951680814,131.97132951680814,131.97132951680814,131.97132951680814,131.97132951680814,131.97132951680814,131.97132951680814,131.97132951680814,131.97132951680814,131.97132951680814,131.97132951680814,131.97132951680814,131.97132951680814,131.97132951680814,131.97132951680814,131.97132951680814,131.97132951680814
124.35197745028945,124.35197745028945,124.35197745028945,124.35197745028945,124.35197745028945,124.35197745028945,124.35197745028945,124.35197745028945,124.35197745028945,124.35197745028945,124.35197745028945,124.35197745028945,124.35197745028945,124.35197745028945,124.35197745028945,124.35197745028945,124.35197745028945,124.35197745028945,124.35197745028945,124.35197745028945
125.38905201141647,125.38905201141647,125.38905201141647,125.38905201141647,125.38905201141647,125.38905201141647,125.38905201141647,125.38905201141647,125.38905201141647,125.38905201141647,125.38905201141647,125.38905201141647,125.38905201141647,125.38905201141647,125.38905201141647,125.38905201141647,125.38905201141647,125.38905201141647,125.38905201141647,125.38905201141647
134.1247698741058,134.1247698741058,134.1247698741058,134.1247698741058,134.1247698741058,134.1247698741058,134.1247698741058,134.1247698741058,134.1247698741058,134.1247698741058,134.1247698741058,134.1247698741058,134.1247698741058,134.1247698741058,134.1247698741058,134.1247698741058,134.1247698741058,134.1247698741058,134.1247698741058,134.1247698741058
148.65501651984937,148.65501651984937,148.65501651984937,148.65501651984937,148.65501651984937,148.65501651984937,148.65501651984937,148.65501651984937,148.65501651984937,148.65501651984937,148.65501651984937,148.65501651984937,148.65501651984937,148.65501651984937,148.65501651984937,148.65501651984937,148.65501651984937,148.65501651984937,148.65501651984937,148.65501651984937
166.02192473858153,166.02192473858153,166.02192473858153,166.02192473858153,166.02192473858153,166.02192473858153,166.02192473858153,166.02192473858153,166.02192473858153,166.02192473858153,166.02192473858153,166.02192473858153,166.02192473858153,166.02192473858153,166.02192473858153,166.02192473858153,166.02192473858153,166.02192473858153,166.02192473858153,166.02192473858153
183.46109987320295,183.46109987320295,183.46109987320295,183.46109987320295,183.46109987320295,183.46109987320295,183.46109987320295,183.46109987320295,183.46109987320295,183.46109987320295,183.46109987320295,183.46109987320295,183.46109987320295,183.46109987320295,183.46109987320295,183.46109987320295,183.46109987320295,183.46109987320295,183.46109987320295,183.46109987320295
198.50956002928234,198.50956002928234,198.50956002928234,198.50956002928234,198.50956002928234,198.50956002928234,198.50956002928234,198.50956002928234,198.50956002928234,198.50956002928234,198.50956002928234,198.50956002928234,198.50956002928234,198.50956002928234,198.50956002928234,198.50956002928234,198.50956002928234,198.50956002928234,198.50956002928234,198.50956002928234
209.0324929637862,209.0324929637862,209.0324929637862,209.0324929637862,209.0324929637862,209.0324929637862,209.0324929637862,209.0324929637862,209.0324929637862,209.0324929637862,209.0324929637862,209.0324929637862,209.0324929637862,209.0324929637862,209.0324929637862,209.0324929637862,209.0324929637862,209.0324929637862,209.0324929637862,209.0324929637862
213.89805550568497,213.89805550568497,213.89805550568497,213.89805550568497,213.89805550568497,213.89805550568497,213.89805550568497,213.89805550568497,213.89805550568497,213.89805550568497,213.89805550568497,213.89805550568497,213.89805550568497,213.89805550568497,213.89805550568497,213.89805550568497,213.89805550568497,213.89805550568497,213.89805550568497,213.89805550568497
212.9188588237243,212.9188588237243,212.9188588237243,212.9188588237243,212.9188588237243,212.9188588237243,212.9188588237243,212.9188588237243,212.9188588237243,212.9188588237243,212.9188588237243,212.9188588237243,212.9188588237243,212.9188588237243,212.9188588237243,212.9188588237243,212.9188588237243,212.9188588237243,212.9188588237243,212.9188588237243
207.07612292429096,207.07612292429096,207.07612292429096,207.07612292429096,207.07612292429096,207.07612292429096,207.07612292429096,207.07612292429096,207.07612292429096,207.07612292429096,207.07612292429096,207.07612292429096,207.07612292429096,207.07612292429096,207.07612292429096,207.07612292429096,207.07612292429096,207.07612292429096,207.07612292429096,207.07612292429096
198.34107058379882,198.34107058379882,198.34107058379882,198.34107058379882,198.34107058379882,198.34107058379882,198.34107058379882,198.34107058379882,198.34107058379882,198.34107058379882,198.34107058379882,198.34107058379882,198.34107058379882,198.34107058379882,198.34107058379882,198.34107058379882,198.34107058379882,198.34107058379882,198.34107058379882,198.34107058379882
189.72442085664798,189.72442085664798,189.72442085664798,189.72442085664798,189.72442085664798,189.72442085664798,189.72442085664798,189.72442085664798,189.72442085664798,189.72442085664798,189.72442085664798,189.72442085664798,189.72442085664798,189.72442085664798,189.72442085664798,189.72442085664798,189.72442085664798,189.72442085664798,189.72442085664798,189.72442085664798
