0,1,2,3,4,5,6,7,8,9,10,11,12,13,14,15,16,17,18,19
159.48171083881522,159.48171083881522,159.48171083881522,159.48171083881522,159.48171083881522,159.48171083881522,159.48171083881522,159.48171083881522,159.48171083881522,159.48171083881522,159.48171083881522,159.48171083881522,159.48171083881522,159.48171083881522,159.48171083881522,159.48171083881522,159.48171083881522,159.48171083881522,159.48171083881522,159.48171083881522
142.48216496584234,142.48216496584234,142.48216496584234,142.48216496584234,142.48216496584234,142.48216496584234,142.48216496584234,142.48216496584234,142.48216496584234,142.48216496584234,142.48216496584234,142.48216496584234,142.48216496584234,142.48216496584234,142.48216496584234,142.48216496584234,142.48216496584234,142.48216496584234,142.48216496584234,142.48216496584234
126.40021926270992,126.40021926270992,126.40021926270992,126.40021926270992,126.40021926270992,126.40021926270992,126.40021926270992,126.40021926270992,126.40021926270992,126.40021926270992,126.40021926270992,126.40021926270992,126.40021926270992,126.40021926270992,126.40021926270992,126.40021926270992,126.40021926270992,126.40021926270992,126.40021926270992,126.40021926270992
114.96743376270346,114.96743376270346,114.96743376270346,114.96743376270346,114.96743376270346,114.96743376270346,114.96743376270346,114.96743376270346,114.96743376270346,114.96743376270346,114.96743376270346,114.96743376270346,114.96743376270346,114.96743376270346,114.96743376270346,114.96743376270346,114.96743376270346,114.96743376270346,114.96743376270346,114.96743376270346
108.76908702655548,108.76908702655548,108.76908702655548,108.76908702655548,108.76908702655548,108.76908702655548,108.76908702655548,108.76908702655548,108.76908702655548,108.76908702655548,108.76908702655548,108.76908702655548,108.76908702655548,108.76908702655548,108.76908702655548,108.76908702655548,108.76908702655548,108.76908702655548,108.76908702655548,108.76908702655548
111.827301379821,111.827301379821,111.827301379821,111.827301379821,111.827301379821,111.827301379821,111.827301379821,111.827301379821,111.827301379821,111.827301379821,111.827301379821,111.827301379821,111.827301379821,111.827301379821,111.827301379821,111.827301379821,111.827301379821,111.827301379821,111.827301379821,111.827301379821
110.26939989519896,110.26939989519896,110.26939989519896,110.26939989519896,110.26939989519896,110.26939989519896,110.26939989519896,110.26939989519896,110.26939989519896,110.26939989519896,110.26939989519896,110.26939989519896,110.26939989519896,110.26939989519896,110.26939989519896,110.26939989519896,110.26939989519896,110.26939989519896,110.26939989519896,110.26939989519896
110.36067746621535,110.36067746621535,110.36067746621535,110.36067746621535,110.36067746621535,110.36067746621535,110.36067746621535,110.36067746621535,110.36067746621535,110.36067746621535,110.36067746621535,110.36067746621535,110.36067746621535,110.36067746621535,110.36067746621535,110.36067746621535,110.36067746621535,110.36067746621535,110.36067746621535,110.36067746621535
109.44521264698314,109.44521264698314,109.44521264698314,109.44521264698314,109.44521264698314,109.44521264698314,109.44521264698314,109.44521264698314,109.44521264698314,109.44521264698314,109.44521264698314,109.44521264698314,109.44521264698314,109.44521264698314,109.44521264698314,109.44521264698314,109.44521264698314,109.44521264698314,109.44521264698314,109.44521264698314
104.66561508802336,104.66561508802336,104.66561508802336,104.66561508802336,104.66561508802336,104.66561508802336,104.66561508802336,104.66561508802336,104.66561508802336,104.66561508802336,104.66561508802336,104.66561508802336,104.66561508802336,104.66561508802336,104.66561508802336,104.66561508802336,104.66561508802336,104.66561508802336,104.66561508802336,104.66561508802336
99.98807112712082,99.98807112712082,99.98807112712082,99.98807112712082,99.98807112712082,99.98807112712082,99.98807112712082,99.98807112712082,99.98807112712082,99.98807112712082,99.98807112712082,99.98807112712082,99.98807112712082,99.98807112712082,99.98807112712082,99.98807112712082,99.98807112712082,99.98807112712082,99.98807112712082,99.98807112712082
90.37623885001967,90.37623885001967,90.37623885001967,90.37623885001967,90.37623885001967,90.37623885001967,90.37623885001967,90.37623885001967,90.37623885001967,90.37623885001967,90.37623885001967,90.37623885001967,90.37623885001967,90.37623885001967,90.37623885001967,90.37623885001967,90.37623885001967,90.37623885001967,90.37623885001967,90.37623885001967
83.03633298905136,83.03633298905136,83.03633298905136,83.03633298905136,83.03633298905136,83.03633298905136,83.03633298905136,83.03633298905136,83.03633298905136,83.03633298905136,83.03633298905136,83.03633298905136,83.03633298905136,83.03633298905136,83.03633298905136,83.03633298905136,83.03633298905136,83.03633298905136,83.03633298905136,83.03633298905136
80.99962591605885,80.99962591605885,80.99962591605885,80.99962591605885,80.99962591605885,80.99962591605885,80.99962591605885,80.99962591605885,80.99962591605885,80.99962591605885,80.99962591605885,80.99962591605885,80.99962591605885,80.99962591605885,80.99962591605885,80.99962591605885,80.99962591605885,80.99962591605885,80.99962591605885,80.99962591605885
75.43528461441046,75.43528461441046,75.43528461441046,75.43528461441046,75.43528461441046,75.43528461441046,75.43528461441046,75.43528461441046,75.43528461441046,75.43528461441046,75.43528461441046,75.43528461441046,75.43528461441046,75.43528461441046,75.43528461441046,75.43528461441046,75.43528461441046,75.43528461441046,75.43528461441046,75.43528461441046
80.04772886371407,80.04772886371407,80.04772886371407,80.04772886371407,80.04772886371407,80.04772886371407,80.04772886371407,80.04772886371407,80.04772886371407,80.04772886371407,80.04772886371407,80.04772886371407,80.04772886371407,80.04772886371407,80.04772886371407,80.04772886371407,80.04772886371407,80.04772886371407,80.04772886371407,80.04772886371407
87.15243772772605,87.15243772772605,87.15243772772605,87.15243772772605,87.15243772772605,87.15243772772605,87.15243772772605,87.15243772772605,87.15243772772605,87.15243772772605,87.15243772772605,87.15243772772605,87.15243772772605,87.15243772772605,87.15243772772605,87.15243772772605,87.15243772772605,87.15243772772605,87.15243772772605,87.15243772772605
99.29929256288679,99.29929256288679,99.29929256288679,99.29929256288679,99.29929256288679,99.29929256288679,99.29929256288679,99.29929256288679,99.29929256288679,99.29929256288679,99.29929256288679,99.29929256288679,99.29929256288679,99.29929256288679,99.29929256288679,99.29929256288679,99.29929256288679,99.29929256288679,99.29929256288679,99.29929256288679
107.22707609340193,107.22707609340193,107.22707609340193,107.22707609340193,107.22707609340193,107.22707609340193,107.22707609340193,107.22707609340193,107.22707609340193,107.22707609340193,107.22707609340193,107.22707609340193,107.22707609340193,107.22707609340193,107.22707609340193,107.22707609340193,107.22707609340193,107.22707609340193,107.22707609340193,107.22707609340193
112.72968406057126,112.72968406057126,112.72968406057126,112.72968406057126,112.72968406057126,112.72968406057126,112.72968406057126,112.72968406057126,112.72968406057126,112.72968406057126,112.72968406057126,112.72968406057126,112.72968406057126,112.72968406057126,112.72968406057126,112.72968406057126,112.72968406057126,112.72968406057126,112.72968406057126,112.72968406057126
119.05382768426938,119.05382768426938,119.05382768426938,119.05382768426938,119.05382768426938,119.05382768426938,119.05382768426938,119.05382768426938,119.05382768426938,119.05382768426938,119.05382768426938,119.05382768426938,119.05382768426938,119.05382768426938,119.05382768426938,119.05382768426938,119.05382768426938,119.05382768426938,119.05382768426938,119.05382768426938
116.6973975976431,116.6973975976431,116.6973975976431,116.6973975976431,116.6973975976431,116.6973975976431,116.6973975976431,116.6973975976431,116.6973975976431,116.6973975976431,116.6973975976431,116.6973975976431,116.6973975976431,116.6973975976431,116.6973975976431,116.6973975976431,116.6973975976431,116.6973975976431,116.6973975976431,116.6973975976431
117.00394210106586,117.00394210106586,117.00394210106586,117.00394210106586,117.00394210106586,117.00394210106586,117.00394210106586,117.00394210106586,117.00394210106586,117.00394210106586,117.00394210106586,117.00394210106586,117.00394210106586,117.00394210106586,117.00394210106586,117.00394210106586,117.00394210106586,117.00394210106586,117.00394210106586,117.00394210106586
111.78818074037008,111.78818074037008,111.78818074037008,111.78818074037008,111.78818074037008,111.78818074037008,111.78818074037008,111.78818074037008,111.78818074037008,111.78818074037008,111.78818074037008,111.78818074037008,111.78818074037008,111.78818074037008,111.78818074037008,111.78818074037008,111.78818074037008,111.78818074037008,111.78818074037008,111.78818074037008
111.29575191744352,111.29575191744352,111.29575191744352,111.29575191744352,111.29575191744352,111.29575191744352,111.29575191744352,111.29575191744352,111.29575191744352,111.29575191744352,111.29575191744352,111.29575191744352,111.29575191744352,111.29575191744352,111.29575191744352,111.29575191744352,111.29575191744352,111.29575191744352,111.29575191744352,111.29575191744352
109.48104505530473,109.48104505530473,109.48104505530473,109.48104505530473,109.48104505530473,109.48104505530473,109.48104505530473,109.48104505530473,109.48104505530473,109.48104505530473,109.48104505530473,109.48104505530473,109.48104505530473,109.48104505530473,109.48104505530473,109.48104505530473,109.48104505530473,109.48104505530473,109.48104505530473,109.48104505530473
105.70488411299942,105.70488411299942,105.70488411299942,105.70488411299942,105.70488411299942,105.70488411299942,105.70488411299942,105.70488411299942,105.70488411299942,105.70488411299942,105.70488411299942,105.70488411299942,105.70488411299942,105.70488411299942,105.70488411299942,105.70488411299942,105.70488411299942,105.70488411299942,105.70488411299942,105.70488411299942
105.39925229421432,105.39925229421432,105.39925229421432,105.39925229421432,105.39925229421432,105.39925229421432,105.39925229421432,105.39925229421432,105.39925229421432,105.39925229421432,105.39925229421432,105.39925229421432,105.39925229421432,105.39925229421432,105.39925229421432,105.39925229421432,105.39925229421432,105.39925229421432,105.39925229421432,105.39925229421432
103.57047459188885,103.57047459188885,103.57047459188885,103.57047459188885,103.57047459188885,103.57047459188885,103.57047459188885,103.57047459188885,103.57047459188885,103.57047459188885,103.57047459188885,103.57047459188885,103.57047459188885,103.57047459188885,103.57047459188885,103.57047459188885,103.57047459188885,103.57047459188885,103.57047459188885,103.57047459188885
103.07974395101597,103.07974395101597,103.07974395101597,103.07974395101597,103.07974395101597,103.07974395101597,103.07974395101597,103.07974395101597,103.07974395101597,103.07974395101597,103.07974395101597,103.07974395101597,103.07974395101597,103.07974395101597,103.07974395101597,103.07974395101597,103.07974395101597,103.07974395101597,103.07974395101597,103.07974395101597
102.53257118305585,102.53257118305585,102.53257118305585,102.53257118305585,102.53257118305585,102.53257118305585,102.53257118305585,102.53257118305585,102.53257118305585,102.53257118305585,102.53257118305585,102.53257118305585,102.53257118305585,102.53257118305585,102.53257118305585,102.53257118305585,102.53257118305585,102.53257118305585,102.53257118305585,102.53257118305585
103.4903266148001,103.4903266148001,103.4903266148001,103.4903266148001,103.4903266148001,103.4903266148001,103.4903266148001,103.4903266148001,103.4903266148001,103.4903266148001,103.4903266148001,103.4903266148001,103.4903266148001,103.4903266148001,103.4903266148001,103.4903266148001,103.4903266148001,103.4903266148001,103.4903266148001,103.4903266148001
102.01898351736308,102.01898351736308,102.01898351736308,102.01898351736308,102.01898351736308,102.01898351736308,102.01898351736308,102.01898351736308,102.01898351736308,102.01898351736308,102.01898351736308,102.01898351736308,102.01898351736308,102.01898351736308,102.01898351736308,102.01898351736308,102.01898351736308,102.01898351736308,102.01898351736308,102.01898351736308
101.41109089688658,101.41109089688658,101.41109089688658,101.41109089688658,101.41109089688658,101.41109089688658,101.41109089688658,101.41109089688658,101.41109089688658,101.41109089688658,101.41109089688658,101.41109089688658,101.41109089688658,101.41109089688658,101.41109089688658,101.41109089688658,101.41109089688658,101.41109089688658,101.41109089688658,101.41109089688658
101.67748767188321,101.67748767188321,101.67748767188321,101.67748767188321,101.67748767188321,101.67748767188321,101.67748767188321,101.67748767188321,101.67748767188321,101.67748767188321,101.67748767188321,101.67748767188321,101.67748767188321,101.67748767188321,101.67748767188321,101.67748767188321,101.67748767188321,101.67748767188321,101.67748767188321,101.67748767188321
101.05766824978556,101.05766824978556,101.05766824978556,101.05766824978556,101.05766824978556,101.05766824978556,101.05766824978556,101.05766824978556,101.05766824978556,101.05766824978556,101.05766824978556,101.05766824978556,101.05766824978556,101.05766824978556,101.05766824978556,101.05766824978556,101.05766824978556,101.05766824978556,101.05766824978556,101.05766824978556
99.99612826007619,99.99612826007619,99.99612826007619,99.99612826007619,99.99612826007619,99.99612826007619,99.99612826007619,99.99612826007619,99.99612826007619,99.99612826007619,99.99612826007619,99.99612826007619,99.99612826007619,99.99612826007619,99.99612826007619,99.99612826007619,99.99612826007619,99.99612826007619,99.99612826007619,99.99612826007619
97.49059345189497,97.49059345189497,97.49059345189497,97.49059345189497,97.49059345189497,97.49059345189497,97.49059345189497,97.49059345189497,97.49059345189497,97.49059345189497,97.49059345189497,97.49059345189497,97.49059345189497,97.49059345189497,97.49059345189497,97.49059345189497,97.49059345189497,97.49059345189497,97.49059345189497,97.49059345189497
91.4938617564983,91.4938617564983,91.4938617564983,91.4938617564983,91.4938617564983,91.4938617564983,91.4938617564983,91.4938617564983,91.4938617564983,91.4938617564983,91.4938617564983,91.4938617564983,91.4938617564983,91.4938617564983,91.4938617564983,91.4938617564983,91.4938617564983,91.4938617564983,91.4938617564983,91.4938617564983
86.06778817671913,86.06778817671913,86.06778817671913,86.06778817671913,86.06778817671913,86.06778817671913,86.06778817671913,86.06778817671913,86.06778817671913,86.06778817671913,86.06778817671913,86.06778817671913,86.06778817671913,86.06778817671913,86.06778817671913,86.06778817671913,86.06778817671913,86.06778817671913,86.06778817671913,86.06778817671913
80.55542988849483,80.55542988849483,80.55542988849483,80.55542988849483,80.55542988849483,80.55542988849483,80.55542988849483,80.55542988849483,80.55542988849483,80.55542988849483,80.55542988849483,80.55542988849483,80.55542988849483,80.55542988849483,80.55542988849483,80.55542988849483,80.55542988849483,80.55542988849483,80.55542988849483,80.55542988849483
77.38944851351994,77.38944851351994,77.38944851351994,77.38944851351994,77.38944851351994,77.38944851351994,77.38944851351994,77.38944851351994,77.38944851351994,77.38944851351994,77.38944851351994,77.38944851351994,77.38944851351994,77.38944851351994,77.38944851351994,77.38944851351994,77.38944851351994,77.38944851351994,77.38944851351994,77.38944851351994
73.54503331837407,73.54503331837407,73.54503331837407,73.54503331837407,73.54503331837407,73.54503331837407,73.54503331837407,73.54503331837407,73.54503331837407,73.54503331837407,73.54503331837407,73.54503331837407,73.54503331837407,73.54503331837407,73.54503331837407,73.54503331837407,73.54503331837407,73.54503331837407,73.54503331837407,73.54503331837407
72.44972674413302,72.44972674413302,72.44972674413302,72.44972674413302,72.44972674413302,72.44972674413302,72.44972674413302,72.44972674413302,72.44972674413302,72.44972674413302,72.44972674413302,72.44972674413302,72.44972674413302,72.44972674413302,72.44972674413302,72.44972674413302,72.44972674413302,72.44972674413302,72.44972674413302,72.44972674413302
71.73725999818112,71.73725999818112,71.73725999818112,71.73725999818112,71.73725999818112,71.73725999818112,71.73725999818112,71.73725999818112,71.73725999818112,71.73725999818112,71.73725999818112,71.73725999818112,71.73725999818112,71.73725999818112,71.73725999818112,71.73725999818112,71.73725999818112,71.73725999818112,71.73725999818112,71.73725999818112
73.38215358581095,73.38215358581095,73.38215358581095,73.38215358581095,73.38215358581095,73.38215358581095,73.38215358581095,73.38215358581095,73.38215358581095,73.38215358581095,73.38215358581095,73.38215358581095,73.38215358581095,73.38215358581095,73.38215358581095,73.38215358581095,73.38215358581095,73.38215358581095,73.38215358581095,73.38215358581095
74.47304629397983,74.47304629397983,74.47304629397983,74.47304629397983,74.47304629397983,74.47304629397983,74.47304629397983,74.47304629397983,74.47304629397983,74.47304629397983,74.47304629397983,74.47304629397983,74.47304629397983,74.47304629397983,74.47304629397983,74.47304629397983,74.47304629397983,74.47304629397983,74.47304629397983,74.47304629397983
77.30860125661684,77.30860125661684,77.30860125661684,77.30860125661684,77.30860125661684,77.30860125661684,77.30860125661684,77.30860125661684,77.30860125661684,77.30860125661684,77.30860125661684,77.30860125661684,77.30860125661684,77.30860125661684,77.30860125661684,77.30860125661684,77.30860125661684,77.30860125661684,77.30860125661684,77.30860125661684
79.95355043043348,79.95355043043348,79.95355043043348,79.95355043043348,79.95355043043348,79.95355043043348,79.95355043043348,79.95355043043348,79.95355043043348,79.95355043043348,79.95355043043348,79.95355043043348,79.95355043043348,79.95355043043348,79.95355043043348,79.95355043043348,79.95355043043348,79.95355043043348,79.95355043043348,79.95355043043348
80.58470905968707,80.58470905968707,80.58470905968707,80.58470905968707,80.58470905968707,80.58470905968707,80.58470905968707,80.58470905968707,80.58470905968707,80.58470905968707,80.58470905968707,80.58470905968707,80.58470905968707,80.58470905968707,80.58470905968707,80.58470905968707,80.58470905968707,80.58470905968707,80.58470905968707,80.58470905968707
79.6511768376035,79.6511768376035,79.6511768376035,79.6511768376035,79.6511768376035,79.6511768376035,79.6511768376035,79.6511768376035,79.6511768376035,79.6511768376035,79.6511768376035,79.6511768376035,79.6511768376035,79.6511768376035,79.6511768376035,79.6511768376035,79.6511768376035,79.6511768376035,79.6511768376035,79.6511768376035
81.16187212628297,81.16187212628297,81.16187212628297,81.16187212628297,81.16187212628297,81.16187212628297,81.16187212628297,81.16187212628297,81.16187212628297,81.16187212628297,81.16187212628297,81.16187212628297,81.16187212628297,81.16187212628297,81.16187212628297,81.16187212628297,81.16187212628297,81.16187212628297,81.16187212628297,81.16187212628297
80.87077190478645,80.87077190478645,80.87077190478645,80.87077190478645,80.87077190478645,80.87077190478645,80.87077190478645,80.87077190478645,80.87077190478645,80.87077190478645,80.87077190478645,80.87077190478645,80.87077190478645,80.87077190478645,80.87077190478645,80.87077190478645,80.87077190478645,80.87077190478645,80.87077190478645,80.87077190478645
82.79531060332246,82.79531060332246,82.79531060332246,82.79531060332246,82.79531060332246,82.79531060332246,82.79531060332246,82.79531060332246,82.79531060332246,82.79531060332246,82.79531060332246,82.79531060332246,82.79531060332246,82.79531060332246,82.79531060332246,82.79531060332246,82.79531060332246,82.79531060332246,82.79531060332246,82.79531060332246
83.88664670723058,83.88664670723058,83.88664670723058,83.88664670723058,83.88664670723058,83.88664670723058,83.88664670723058,83.88664670723058,83.88664670723058,83.88664670723058,83.88664670723058,83.88664670723058,83.88664670723058,83.88664670723058,83.88664670723058,83.88664670723058,83.88664670723058,83.88664670723058,83.88664670723058,83.88664670723058
87.66304687459608,87.66304687459608,87.66304687459608,87.66304687459608,87.66304687459608,87.66304687459608,87.66304687459608,87.66304687459608,87.66304687459608,87.66304687459608,87.66304687459608,87.66304687459608,87.66304687459608,87.66304687459608,87.66304687459608,87.66304687459608,87.66304687459608,87.66304687459608,87.66304687459608,87.66304687459608
88.83253573717465,88.83253573717465,88.83253573717465,88.83253573717465,88.83253573717465,88.83253573717465,88.83253573717465,88.83253573717465,88.83253573717465,88.83253573717465,88.83253573717465,88.83253573717465,88.83253573717465,88.83253573717465,88.83253573717465,88.83253573717465,88.83253573717465,88.83253573717465,88.83253573717465,88.83253573717465
91.57301952404165,91.57301952404165,91.57301952404165,91.57301952404165,91.57301952404165,91.57301952404165,91.57301952404165,91.57301952404165,91.57301952404165,91.57301952404165,91.57301952404165,91.57301952404165,91.57301952404165,91.57301952404165,91.57301952404165,91.57301952404165,91.57301952404165,91.57301952404165,91.57301952404165,91.57301952404165
95.56461247397449,95.56461247397449,95.56461247397449,95.56461247397449,95.56461247397449,95.56461247397449,95.56461247397449,95.56461247397449,95.56461247397449,95.56461247397449,95.56461247397449,95.56461247397449,95.56461247397449,95.56461247397449,95.56461247397449,95.56461247397449,95.56461247397449,95.56461247397449,95.56461247397449,95.56461247397449
97.76083148731946,97.76083148731946,97.76083148731946,97.76083148731946,97.76083148731946,97.76083148731946,97.76083148731946,97.76083148731946,97.76083148731946,97.76083148731946,97.76083148731946,97.76083148731946,97.76083148731946,97.76083148731946,97.76083148731946,97.76083148731946,97.76083148731946,97.76083148731946,97.76083148731946,97.76083148731946
98.16571908570289,98.16571908570289,98.16571908570289,98.16571908570289,98.16571908570289,98.16571908570289,98.16571908570289,98.16571908570289,98.16571908570289,98.16571908570289,98.16571908570289,98.16571908570289,98.16571908570289,98.16571908570289,98.16571908570289,98.16571908570289,98.16571908570289,98.16571908570289,98.16571908570289,98.16571908570289
97.1427165481217,97.1427165481217,97.1427165481217,97.1427165481217,97.1427165481217,97.1427165481217,97.1427165481217,97.1427165481217,97.1427165481217,97.1427165481217,97.1427165481217,97.1427165481217,97.1427165481217,97.1427165481217,97.1427165481217,97.1427165481217,97.1427165481217,97.1427165481217,97.1427165481217,97.1427165481217
95.76614791116783,95.76614791116783,95.76614791116783,95.76614791116783,95.76614791116783,95.76614791116783,95.76614791116783,95.76614791116783,95.76614791116783,95.76614791116783,95.76614791116783,95.76614791116783,95.76614791116783,95.76614791116783,95.76614791116783,95.76614791116783,95.76614791116783,95.76614791116783,95.76614791116783,95.76614791116783
93.73167926144521,93.73167926144521,93.73167926144521,93.73167926144521,93.73167926144521,93.73167926144521,93.73167926144521,93.73167926144521,93.73167926144521,93.73167926144521,93.73167926144521,93.73167926144521,93.73167926144521,93.73167926144521,93.73167926144521,93.73167926144521,93.73167926144521,93.73167926144521,93.73167926144521,93.73167926144521
90.72194657139791,90.72194657139791,90.72194657139791,90.72194657139791,90.72194657139791,90.72194657139791,90.72194657139791,90.72194657139791,90.72194657139791,90.72194657139791,90.72194657139791,90.72194657139791,90.72194657139791,90.72194657139791,90.72194657139791,90.72194657139791,90.72194657139791,90.72194657139791,90.72194657139791,90.72194657139791
89.35130010421432,89.35130010421432,89.35130010421432,89.35130010421432,89.35130010421432,89.35130010421432,89.35130010421432,89.35130010421432,89.35130010421432,89.35130010421432,89.35130010421432,89.35130010421432,89.35130010421432,89.35130010421432,89.35130010421432,89.35130010421432,89.35130010421432,89.35130010421432,89.35130010421432,89.35130010421432
88.46600823490023,88.46600823490023,88.46600823490023,88.46600823490023,88.46600823490023,88.46600823490023,88.46600823490023,88.46600823490023,88.46600823490023,88.46600823490023,88.46600823490023,88.46600823490023,88.46600823490023,88.46600823490023,88.46600823490023,88.46600823490023,88.46600823490023,88.46600823490023,88.46600823490023,88.46600823490023
86.65163984682958,86.65163984682958,86.65163984682958,86.65163984682958,86.65163984682958,86.65163984682958,86.65163984682958,86.65163984682958,86.65163984682958,86.65163984682958,86.65163984682958,86.65163984682958,86.65163984682958,86.65163984682958,86.65163984682958,86.65163984682958,86.65163984682958,86.65163984682958,86.65163984682958,86.65163984682958
87.73859982744987,87.73859982744987,87.73859982744987,87.73859982744987,87.73859982744987,87.73859982744987,87.73859982744987,87.73859982744987,87.73859982744987,87.73859982744987,87.73859982744987,87.73859982744987,87.73859982744987,87.73859982744987,87.73859982744987,87.73859982744987,87.73859982744987,87.73859982744987,87.73859982744987,87.73859982744987
88.99786323171895,88.99786323171895,88.99786323171895,88.99786323171895,88.99786323171895,88.99786323171895,88.99786323171895,88.99786323171895,88.99786323171895,88.99786323171895,88.99786323171895,88.99786323171895,88.99786323171895,88.99786323171895,88.99786323171895,88.99786323171895,88.99786323171895,88.99786323171895,88.99786323171895,88.99786323171895
89.87420499112967,89.87420499112967,89.87420499112967,89.87420499112967,89.87420499112967,89.87420499112967,89.87420499112967,89.87420499112967,89.87420499112967,89.87420499112967,89.87420499112967,89.87420499112967,89.87420499112967,89.87420499112967,89.87420499112967,89.87420499112967,89.87420499112967,89.87420499112967,89.87420499112967,89.87420499112967
88.96790263353328,88.96790263353328,88.96790263353328,88.96790263353328,88.96790263353328,88.96790263353328,88.96790263353328,88.96790263353328,88.96790263353328,88.96790263353328,88.96790263353328,88.96790263353328,88.96790263353328,88.96790263353328,88.96790263353328,88.96790263353328,88.96790263353328,88.96790263353328,88.96790263353328,88.96790263353328
90.69684677335094,90.69684677335094,90.69684677335094,90.69684677335094,90.69684677335094,90.69684677335094,90.69684677335094,90.69684677335094,90.69684677335094,90.69684677335094,90.69684677335094,90.69684677335094,90.69684677335094,90.69684677335094,90.69684677335094,90.69684677335094,90.69684677335094,90.69684677335094,90.69684677335094,90.69684677335094
89.21401985975325,89.21401985975325,89.21401985975325,89.21401985975325,89.21401985975325,89.21401985975325,89.21401985975325,89.21401985975325,89.21401985975325,89.21401985975325,89.21401985975325,89.21401985975325,89.21401985975325,89.21401985975325,89.21401985975325,89.21401985975325,89.21401985975325,89.21401985975325,89.21401985975325,89.21401985975325
88.46276787019946,88.46276787019946,88.46276787019946,88.46276787019946,88.46276787019946,88.46276787019946,88.46276787019946,88.46276787019946,88.46276787019946,88.46276787019946,88.46276787019946,88.46276787019946,88.46276787019946,88.46276787019946,88.46276787019946,88.46276787019946,88.46276787019946,88.46276787019946,88.46276787019946,88.46276787019946
92.07487973137816,92.07487973137816,92.07487973137816,92.07487973137816,92.07487973137816,92.07487973137816,92.07487973137816,92.07487973137816,92.07487973137816,92.07487973137816,92.07487973137816,92.07487973137816,92.07487973137816,92.07487973137816,92.07487973137816,92.07487973137816,92.07487973137816,92.07487973137816,92.07487973137816,92.07487973137816
90.70265083114727,90.70265083114727,90.70265083114727,90.70265083114727,90.70265083114727,90.70265083114727,90.70265083114727,90.70265083114727,90.70265083114727,90.70265083114727,90.70265083114727,90.70265083114727,90.70265083114727,90.70265083114727,90.70265083114727,90.70265083114727,90.70265083114727,90.70265083114727,90.70265083114727,90.70265083114727
92.55393866940288,92.55393866940288,92.55393866940288,92.55393866940288,92.55393866940288,92.55393866940288,92.55393866940288,92.55393866940288,92.55393866940288,92.55393866940288,92.55393866940288,92.55393866940288,92.55393866940288,92.55393866940288,92.55393866940288,92.55393866940288,92.55393866940288,92.55393866940288,92.55393866940288,92.55393866940288
94.59469881717493,94.59469881717493,94.59469881717493,94.59469881717493,94.59469881717493,94.59469881717493,94.59469881717493,94.59469881717493,94.59469881717493,94.59469881717493,94.59469881717493,94.59469881717493,94.59469881717493,94.59469881717493,94.59469881717493,94.59469881717493,94.59469881717493,94.59469881717493,94.59469881717493,94.59469881717493
91.1186466657077,91.1186466657077,91.1186466657077,91.1186466657077,91.1186466657077,91.1186466657077,91.1186466657077,91.1186466657077,91.1186466657077,91.1186466657077,91.1186466657077,91.1186466657077,91.1186466657077,91.1186466657077,91.1186466657077,91.1186466657077,91.1186466657077,91.1186466657077,91.1186466657077,91.1186466657077
88.53690850519705,88.53690850519705,88.53690850519705,88.53690850519705,88.53690850519705,88.53690850519705,88.53690850519705,88.53690850519705,88.53690850519705,88.53690850519705,88.53690850519705,88.53690850519705,88.53690850519705,88.53690850519705,88.53690850519705,88.53690850519705,88.53690850519705,88.53690850519705,88.53690850519705,88.53690850519705
88.14693047623969,88.14693047623969,88.14693047623969,88.14693047623969,88.14693047623969,88.14693047623969,88.14693047623969,88.14693047623969,88.14693047623969,88.14693047623969,88.14693047623969,88.14693047623969,88.14693047623969,88.14693047623969,88.14693047623969,88.14693047623969,88.14693047623969,88.14693047623969,88.14693047623969,88.14693047623969
87.56216870449596,87.56216870449596,87.56216870449596,87.56216870449596,87.56216870449596,87.56216870449596,87.56216870449596,87.56216870449596,87.56216870449596,87.56216870449596,87.56216870449596,87.56216870449596,87.56216870449596,87.56216870449596,87.56216870449596,87.56216870449596,87.56216870449596,87.56216870449596,87.56216870449596,87.56216870449596
91.99370203487061,91.99370203487061,91.99370203487061,91.99370203487061,91.99370203487061,91.99370203487061,91.99370203487061,91.99370203487061,91.99370203487061,91.99370203487061,91.99370203487061,91.99370203487061,91.99370203487061,91.99370203487061,91.99370203487061,91.99370203487061,91.99370203487061,91.99370203487061,91.99370203487061,91.99370203487061
98.3119883874011,98.3119883874011,98.3119883874011,98.3119883874011,98.3119883874011,98.3119883874011,98.3119883874011,98.3119883874011,98.3119883874011,98.3119883874011,98.3119883874011,98.3119883874011,98.3119883874011,98.3119883874011,98.3119883874011,98.3119883874011,98.3119883874011,98.3119883874011,98.3119883874011,98.3119883874011
106.41103038602674,106.41103038602674,106.41103038602674,106.41103038602674,106.41103038602674,106.41103038602674,106.41103038602674,106.41103038602674,106.41103038602674,106.41103038602674,106.41103038602674,106.41103038602674,106.41103038602674,106.41103038602674,106.41103038602674,106.41103038602674,106.41103038602674,106.41103038602674,106.41103038602674,106.41103038602674
114.57011155939806,114.57011155939806,114.57011155939806,114.57011155939806,114.57011155939806,114.57011155939806,114.57011155939806,114.57011155939806,114.57011155939806,114.57011155939806,114.57011155939806,114.57011155939806,114.57011155939806,114.57011155939806,114.57011155939806,114.57011155939806,114.57011155939806,114.57011155939806,114.57011155939806,114.57011155939806
125.01827668919046,125.01827668919046,125.01827668919046,125.01827668919046,125.01827668919046,125.01827668919046,125.01827668919046,125.01827668919046,125.01827668919046,125.01827668919046,125.01827668919046,125.01827668919046,125.01827668919046,125.01827668919046,125.01827668919046,125.01827668919046,125.01827668919046,125.01827668919046,125.01827668919046,125.01827668919046
131.44468990713526,131.44468990713526,131.44468990713526,131.44468990713526,131.44468990713526,131.44468990713526,131.44468990713526,131.44468990713526,131.44468990713526,131.44468990713526,131.44468990713526,131.44468990713526,131.44468990713526,131.44468990713526,131.44468990713526,131.44468990713526,131.44468990713526,131.44468990713526,131.44468990713526,131.44468990713526
144.62695867207887,144.62695867207887,144.62695867207887,144.62695867207887,144.62695867207887,144.62695867207887,144.62695867207887,144.62695867207887,144.62695867207887,144.62695867207887,144.62695867207887,144.62695867207887,144.62695867207887,144.62695867207887,144.62695867207887,144.62695867207887,144.62695867207887,144.62695867207887,144.62695867207887,144.62695867207887
148.15102620047685,148.15102620047685,148.15102620047685,148.15102620047685,148.15102620047685,148.15102620047685,148.15102620047685,148.15102620047685,148.15102620047685,148.15102620047685,148.15102620047685,148.15102620047685,148.15102620047685,148.15102620047685,148.15102620047685,148.15102620047685,148.15102620047685,148.15102620047685,148.15102620047685,148.15102620047685
155.54963426811975,155.54963426811975,155.54963426811975,155.54963426811975,155.54963426811975,155.54963426811975,155.54963426811975,155.54963426811975,155.54963426811975,155.54963426811975,155.54963426811975,155.54963426811975,155.54963426811975,155.54963426811975,155.54963426811975,155.54963426811975,155.54963426811975,155.54963426811975,155.54963426811975,155.54963426811975
159.76913180447258,159.76913180447258,159.76913180447258,159.76913180447258,159.76913180447258,159.76913180447258,159.76913180447258,159.76913180447258,159.76913180447258,159.76913180447258,159.76913180447258,159.76913180447258,159.76913180447258,159.76913180447258,159.76913180447258,159.76913180447258,159.76913180447258,159.76913180447258,159.76913180447258,159.76913180447258
156.84123608498203,156.84123608498203,156.84123608498203,156.84123608498203,156.84123608498203,156.84123608498203,156.84123608498203,156.84123608498203,156.84123608498203,156.84123608498203,156.84123608498203,156.84123608498203,156.84123608498203,156.84123608498203,156.84123608498203,156.84123608498203,156.84123608498203,156.84123608498203,156.84123608498203,156.84123608498203
152.93200520929503,152.93200520929503,152.93200520929503,152.93200520929503,152.93200520929503,152.93200520929503,152.93200520929503,152.93200520929503,152.93200520929503,152.93200520929503,152.93200520929503,152.93200520929503,152.93200520929503,152.93200520929503,152.93200520929503,152.93200520929503,152.93200520929503,152.93200520929503,152.93200520929503,152.93200520929503
147.1703364579731,147.1703364579731,147.1703364579731,147.1703364579731,147.1703364579731,147.1703364579731,147.1703364579731,147.1703364579731,147.1703364579731,147.1703364579731,147.1703364579731,147.1703364579731,147.1703364579731,147.1703364579731,147.1703364579731,147.1703364579731,147.1703364579731,147.1703364579731,147.1703364579731,147.1703364579731
135.41202642968594,135.41202642968594,135.41202642968594,135.41202642968594,135.41202642968594,135.41202642968594,135.41202642968594,135.41202642968594,135.41202642968594,135.41202642968594,135.41202642968594,135.41202642968594,135.41202642968594,135.41202642968594,135.41202642968594,135.41202642968594,135.41202642968594,135.41202642968594,135.41202642968594,135.41202642968594
127.13136200744515,127.13136200744515,127.13136200744515,127.13136200744515,127.13136200744515,127.13136200744515,127.13136200744515,127.13136200744515,127.13136200744515,127.13136200744515,127.13136200744515,127.13136200744515,127.13136200744515,127.13136200744515,127.13136200744515,127.13136200744515,127.13136200744515,127.13136200744515,127.13136200744515,127.13136200744515
123.83549033273067,123.83549033273067,123.83549033273067,123.83549033273067,123.83549033273067,123.83549033273067,123.83549033273067,123.83549033273067,123.83549033273067,123.83549033273067,123.83549033273067,123.83549033273067,123.83549033273067,123.83549033273067,123.83549033273067,123.83549033273067,123.83549033273067,123.83549033273067,123.83549033273067,123.83549033273067
126.56125902632887,126.56125902632887,126.56125902632887,126.56125902632887,126.56125902632887,126.56125902632887,126.56125902632887,126.56125902632887,126.56125902632887,126.56125902632887,126.56125902632887,126.56125902632887,126.56125902632887,126.56125902632887,126.56125902632887,126.56125902632887,126.56125902632887,126.56125902632887,126.56125902632887,126.56125902632887
131.20768758989388,131.20768758989388,131.20768758989388,131.20768758989388,131.20768758989388,131.20768758989388,131.20768758989388,131.20768758989388,131.20768758989388,131.20768758989388,131.20768758989388,131.20768758989388,131.20768758989388,131.20768758989388,131.20768758989388,131.20768758989388,131.20768758989388,131.20768758989388,131.20768758989388,131.20768758989388
152.96898292598425,152.96898292598425,152.96898292598425,152.96898292598425,152.96898292598425,152.96898292598425,152.96898292598425,152.96898292598425,152.96898292598425,152.96898292598425,152.96898292598425,152.96898292598425,152.96898292598425,152.96898292598425,152.96898292598425,152.96898292598425,152.96898292598425,152.96898292598425,152.96898292598425,152.96898292598425
166.57524913533092,166.57524913533092,166.57524913533092,166.57524913533092,166.57524913533092,166.57524913533092,166.57524913533092,166.57524913533092,166.57524913533092,166.57524913533092,166.57524913533092,166.57524913533092,166.57524913533092,166.57524913533092,166.57524913533092,166.57524913533092,166.57524913533092,166.57524913533092,166.57524913533092,166.57524913533092
176.3283713973955,176.3283713973955,176.3283713973955,176.3283713973955,176.3283713973955,176.3283713973955,176.3283713973955,176.3283713973955,176.3283713973955,176.3283713973955,176.3283713973955,176.3283713973955,176.3283713973955,176.3283713973955,176.3283713973955,176.3283713973955,176.3283713973955,176.3283713973955,176.3283713973955,176.3283713973955
174.27316892119498,174.27316892119498,174.27316892119498,174.27316892119498,174.27316892119498,174.27316892119498,174.27316892119498,174.27316892119498,174.27316892119498,174.27316892119498,174.27316892119498,174.27316892119498,174.27316892119498,174.27316892119498,174.27316892119498,174.27316892119498,174.27316892119498,174.27316892119498,174.27316892119498,174.27316892119498
170.69771578988053,170.69771578988053,170.69771578988053,170.69771578988053,170.69771578988053,170.69771578988053,170.69771578988053,170.69771578988053,170.69771578988053,170.69771578988053,170.69771578988053,170.69771578988053,170.69771578988053,170.69771578988053,170.69771578988053,170.69771578988053,170.69771578988053,170.69771578988053,170.69771578988053,170.69771578988053
167.51842743601546,167.51842743601546,167.51842743601546,167.51842743601546,167.51842743601546,167.51842743601546,167.51842743601546,167.51842743601546,167.51842743601546,167.51842743601546,167.51842743601546,167.51842743601546,167.51842743601546,167.51842743601546,167.51842743601546,167.51842743601546,167.51842743601546,167.51842743601546,167.51842743601546,167.51842743601546
157.79504754013726,157.79504754013726,157.79504754013726,157.79504754013726,157.79504754013726,157.79504754013726,157.79504754013726,157.79504754013726,157.79504754013726,157.79504754013726,157.79504754013726,157.79504754013726,157.79504754013726,157.79504754013726,157.79504754013726,157.79504754013726,157.79504754013726,157.79504754013726,157.79504754013726,157.79504754013726
156.765966479649,156.765966479649,156.765966479649,156.765966479649,156.765966479649,156.765966479649,156.765966479649,156.765966479649,156.765966479649,156.765966479649,156.765966479649,156.765966479649,156.765966479649,156.765966479649,156.765966479649,156.765966479649,156.765966479649,156.765966479649,156.765966479649,156.765966479649
160.88624761030763,160.88624761030763,160.88624761030763,160.88624761030763,160.88624761030763,160.88624761030763,160.88624761030763,160.88624761030763,160.88624761030763,160.88624761030763,160.88624761030763,160.88624761030763,160.88624761030763,160.88624761030763,160.88624761030763,160.88624761030763,160.88624761030763,160.88624761030763,160.88624761030763,160.88624761030763
168.9012945863828,168.9012945863828,168.9012945863828,168.9012945863828,168.9012945863828,168.9012945863828,168.9012945863828,168.9012945863828,168.9012945863828,168.9012945863828,168.9012945863828,168.9012945863828,168.9012945863828,168.9012945863828,168.9012945863828,168.9012945863828,168.9012945863828,168.9012945863828,168.9012945863828,168.9012945863828
178.21649691011345,178.21649691011345,178.21649691011345,178.21649691011345,178.21649691011345,178.21649691011345,178.21649691011345,178.21649691011345,178.21649691011345,178.21649691011345,178.21649691011345,178.21649691011345,178.21649691011345,178.21649691011345,178.21649691011345,178.21649691011345,178.21649691011345,178.21649691011345,178.21649691011345,178.21649691011345
195.45287384947486,195.45287384947486,195.45287384947486,195.45287384947486,195.45287384947486,195.45287384947486,195.45287384947486,195.45287384947486,195.45287384947486,195.45287384947486,195.45287384947486,195.45287384947486,195.45287384947486,195.45287384947486,195.45287384947486,195.45287384947486,195.45287384947486,195.45287384947486,195.45287384947486,195.45287384947486
208.53519088540952,208.53519088540952,208.53519088540952,208.53519088540952,208.53519088540952,208.53519088540952,208.53519088540952,208.53519088540952,208.53519088540952,208.53519088540952,208.53519088540952,208.53519088540952,208.53519088540952,208.53519088540952,208.53519088540952,208.53519088540952,208.53519088540952,208.53519088540952,208.53519088540952,208.53519088540952
227.1569247808049,227.1569247808049,227.1569247808049,227.1569247808049,227.1569247808049,227.1569247808049,227.1569247808049,227.1569247808049,227.1569247808049,227.1569247808049,227.1569247808049,227.1569247808049,227.1569247808049,227.1569247808049,227.1569247808049,227.1569247808049,227.1569247808049,227.1569247808049,227.1569247808049,227.1569247808049
246.91060804405762,246.91060804405762,246.91060804405762,246.91060804405762,246.91060804405762,246.91060804405762,246.91060804405762,246.91060804405762,246.91060804405762,246.91060804405762,246.91060804405762,246.91060804405762,246.91060804405762,246.91060804405762,246.91060804405762,246.91060804405762,246.91060804405762,246.91060804405762,246.91060804405762,246.91060804405762
265.76828120152095,265.76828120152095,265.76828120152095,265.76828120152095,265.76828120152095,265.76828120152095,265.76828120152095,265.76828120152095,265.76828120152095,265.76828120152095,265.76828120152095,265.76828120152095,265.76828120152095,265.76828120152095,265.76828120152095,265.76828120152095,265.76828120152095,265.76828120152095,265.76828120152095,265.76828120152095
281.69721841902236,281.69721841902236,281.69721841902236,281.69721841902236,281.69721841902236,281.69721841902236,281.69721841902236,281.69721841902236,281.69721841902236,281.69721841902236,281.69721841902236,281.69721841902236,281.69721841902236,281.69721841902236,281.69721841902236,281.69721841902236,281.69721841902236,281.69721841902236,281.69721841902236,281.69721841902236
292.65977572515436,292.65977572515436,292.65977572515436,292.65977572515436,292.65977572515436,292.65977572515436,292.65977572515436,292.65977572515436,292.65977572515436,292.65977572515436,292.65977572515436,292.65977572515436,292.65977572515436,292.65977572515436,292.65977572515436,292.65977572515436,292.65977572515436,292.65977572515436,292.65977572515436,292.65977572515436
304.235220272916,304.235220272916,304.235220272916,304.235220272916,304.235220272916,304.235220272916,304.235220272916,304.235220272916,304.235220272916,304.235220272916,304.235220272916,304.235220272916,304.235220272916,304.235220272916,304.235220272916,304.235220272916,304.235220272916,304.235220272916,304.235220272916,304.235220272916
310.8296086707722,310.8296086707722,310.8296086707722,310.8296086707722,310.8296086707722,310.8296086707722,310.8296086707722,310.8296086707722,310.8296086707722,310.8296086707722,310.8296086707722,310.8296086707722,310.8296086707722,310.8296086707722,310.8296086707722,310.8296086707722,310.8296086707722,310.8296086707722,310.8296086707722,310.8296086707722
314.3984284414814,314.3984284414814,314.3984284414814,314.3984284414814,314.3984284414814,314.3984284414814,314.3984284414814,314.3984284414814,314.3984284414814,314.3984284414814,314.3984284414814,314.3984284414814,314.3984284414814,314.3984284414814,314.3984284414814,314.3984284414814,314.3984284414814,314.3984284414814,314.3984284414814,314.3984284414814
311.87559380635827,311.87559380635827,311.87559380635827,311.87559380635827,311.87559380635827,311.87559380635827,311.87559380635827,311.87559380635827,311.87559380635827,311.87559380635827,311.87559380635827,311.87559380635827,311.87559380635827,311.87559380635827,311.87559380635827,311.87559380635827,311.87559380635827,311.87559380635827,311.87559380635827,311.87559380635827
305.52767667594173,305.52767667594173,305.52767667594173,305.52767667594173,305.52767667594173,305.52767667594173,305.52767667594173,305.52767667594173,305.52767667594173,305.52767667594173,305.52767667594173,305.52767667594173,305.52767667594173,305.52767667594173,305.52767667594173,305.52767667594173,305.52767667594173,305.52767667594173,305.52767667594173,305.52767667594173
302.71284833870413,302.71284833870413,302.71284833870413,302.71284833870413,302.71284833870413,302.71284833870413,302.71284833870413,302.71284833870413,302.71284833870413,302.71284833870413,302.71284833870413,302.71284833870413,302.71284833870413,302.71284833870413,302.71284833870413,302.71284833870413,302.71284833870413,302.71284833870413,302.71284833870413,302.71284833870413
298.7481556603844,298.7481556603844,298.7481556603844,298.7481556603844,298.7481556603844,298.7481556603844,298.7481556603844,298.7481556603844,298.7481556603844,298.7481556603844,298.7481556603844,298.7481556603844,298.7481556603844,298.7481556603844,298.7481556603844,298.7481556603844,298.7481556603844,298.7481556603844,298.7481556603844,298.7481556603844
297.2421365679416,297.2421365679416,297.2421365679416,297.2421365679416,297.2421365679416,297.2421365679416,297.2421365679416,297.2421365679416,297.2421365679416,297.2421365679416,297.2421365679416,297.2421365679416,297.2421365679416,297.2421365679416,297.2421365679416,297.2421365679416,297.2421365679416,297.2421365679416,297.2421365679416,297.2421365679416
294.6895206017287,294.6895206017287,294.6895206017287,294.6895206017287,294.6895206017287,294.6895206017287,294.6895206017287,294.6895206017287,294.6895206017287,294.6895206017287,294.6895206017287,294.6895206017287,294.6895206017287,294.6895206017287,294.6895206017287,294.6895206017287,294.6895206017287,294.6895206017287,294.6895206017287,294.6895206017287
300.14971652246646,300.14971652246646,300.14971652246646,300.14971652246646,300.14971652246646,300.14971652246646,300.14971652246646,300.14971652246646,300.14971652246646,300.14971652246646,300.14971652246646,300.14971652246646,300.14971652246646,300.14971652246646,300.14971652246646,300.14971652246646,300.14971652246646,300.14971652246646,300.14971652246646,300.14971652246646
300.9802541523165,300.9802541523165,300.9802541523165,300.9802541523165,300.9802541523165,300.9802541523165,300.9802541523165,300.9802541523165,300.9802541523165,300.9802541523165,300.9802541523165,300.9802541523165,300.9802541523165,300.9802541523165,300.9802541523165,300.9802541523165,300.9802541523165,300.9802541523165,300.9802541523165,300.9802541523165
309.1666171869088,309.1666171869088,309.1666171869088,309.1666171869088,309.1666171869088,309.1666171869088,309.1666171869088,309.1666171869088,309.1666171869088,309.1666171869088,309.1666171869088,309.1666171869088,309.1666171869088,309.1666171869088,309.1666171869088,309.1666171869088,309.1666171869088,309.1666171869088,309.1666171869088,309.1666171869088
318.2880160826782,318.2880160826782,318.2880160826782,318.2880160826782,318.2880160826782,318.2880160826782,318.2880160826782,318.2880160826782,318.2880160826782,318.2880160826782,318.2880160826782,318.2880160826782,318.2880160826782,318.2880160826782,318.2880160826782,318.2880160826782,318.2880160826782,318.2880160826782,318.2880160826782,318.2880160826782
329.57776224734346,329.57776224734346,329.57776224734346,329.57776224734346,329.57776224734346,329.57776224734346,329.57776224734346,329.57776224734346,329.57776224734346,329.57776224734346,329.57776224734346,329.57776224734346,329.57776224734346,329.57776224734346,329.57776224734346,329.57776224734346,329.57776224734346,329.57776224734346,329.57776224734346,329.57776224734346
341.36558490107166,341.36558490107166,341.36558490107166,341.36558490107166,341.36558490107166,341.36558490107166,341.36558490107166,341.36558490107166,341.36558490107166,341.36558490107166,341.36558490107166,341.36558490107166,341.36558490107166,341.36558490107166,341.36558490107166,341.36558490107166,341.36558490107166,341.36558490107166,341.36558490107166,341.36558490107166
347.68701620895325,347.68701620895325,347.68701620895325,347.68701620895325,347.68701620895325,347.68701620895325,347.68701620895325,347.68701620895325,347.68701620895325,347.68701620895325,347.68701620895325,347.68701620895325,347.68701620895325,347.68701620895325,347.68701620895325,347.68701620895325,347.68701620895325,347.68701620895325,347.68701620895325,347.68701620895325
348.79922545446806,348.79922545446806,348.79922545446806,348.79922545446806,348.79922545446806,348.79922545446806,348.79922545446806,348.79922545446806,348.79922545446806,348.79922545446806,348.79922545446806,348.79922545446806,348.79922545446806,348.79922545446806,348.79922545446806,348.79922545446806,348.79922545446806,348.79922545446806,348.79922545446806,348.79922545446806
350.764943286154,350.764943286154,350.764943286154,350.764943286154,350.764943286154,350.764943286154,350.764943286154,350.764943286154,350.764943286154,350.764943286154,350.764943286154,350.764943286154,350.764943286154,350.764943286154,350.764943286154,350.764943286154,350.764943286154,350.764943286154,350.764943286154,350.764943286154
345.4961146500766,345.4961146500766,345.4961146500766,345.4961146500766,345.4961146500766,345.4961146500766,345.4961146500766,345.4961146500766,345.4961146500766,345.4961146500766,345.4961146500766,345.4961146500766,345.4961146500766,345.4961146500766,345.4961146500766,345.4961146500766,345.4961146500766,345.4961146500766,345.4961146500766,345.4961146500766
342.19264518362104,342.19264518362104,342.19264518362104,342.19264518362104,342.19264518362104,342.19264518362104,342.19264518362104,342.19264518362104,342.19264518362104,342.19264518362104,342.19264518362104,342.19264518362104,342.19264518362104,342.19264518362104,342.19264518362104,342.19264518362104,342.19264518362104,342.19264518362104,342.19264518362104,342.19264518362104
341.0681595928741,341.0681595928741,341.0681595928741,341.0681595928741,341.0681595928741,341.0681595928741,341.0681595928741,341.0681595928741,341.0681595928741,341.0681595928741,341.0681595928741,341.0681595928741,341.0681595928741,341.0681595928741,341.0681595928741,341.0681595928741,341.0681595928741,341.0681595928741,341.0681595928741,341.0681595928741
338.22200493811835,338.22200493811835,338.22200493811835,338.22200493811835,338.22200493811835,338.22200493811835,338.22200493811835,338.22200493811835,338.22200493811835,338.22200493811835,338.22200493811835,338.22200493811835,338.22200493811835,338.22200493811835,338.22200493811835,338.22200493811835,338.22200493811835,338.22200493811835,338.22200493811835,338.22200493811835
344.2469774380922,344.2469774380922,344.2469774380922,344.2469774380922,344.2469774380922,344.2469774380922,344.2469774380922,344.2469774380922,344.2469774380922,344.2469774380922,344.2469774380922,344.2469774380922,344.2469774380922,344.2469774380922,344.2469774380922,344.2469774380922,344.2469774380922,344.2469774380922,344.2469774380922,344.2469774380922
353.3368708236165,353.3368708236165,353.3368708236165,353.3368708236165,353.3368708236165,353.3368708236165,353.3368708236165,353.3368708236165,353.3368708236165,353.3368708236165,353.3368708236165,353.3368708236165,353.3368708236165,353.3368708236165,353.3368708236165,353.3368708236165,353.3368708236165,353.3368708236165,353.3368708236165,353.3368708236165
365.5705407853368,365.5705407853368,365.5705407853368,365.5705407853368,365.5705407853368,365.5705407853368,365.5705407853368,365.5705407853368,365.5705407853368,365.5705407853368,365.5705407853368,365.5705407853368,365.5705407853368,365.5705407853368,365.5705407853368,365.5705407853368,365.5705407853368,365.5705407853368,365.5705407853368,365.5705407853368
380.78451978024185,380.78451978024185,380.78451978024185,380.78451978024185,380.78451978024185,380.78451978024185,380.78451978024185,380.78451978024185,380.78451978024185,380.78451978024185,380.78451978024185,380.78451978024185,380.78451978024185,380.78451978024185,380.78451978024185,380.78451978024185,380.78451978024185,380.78451978024185,380.78451978024185,380.78451978024185
404.82054444630666,404.82054444630666,404.82054444630666,404.82054444630666,404.82054444630666,404.82054444630666,404.82054444630666,404.82054444630666,404.82054444630666,404.82054444630666,404.82054444630666,404.82054444630666,404.82054444630666,404.82054444630666,404.82054444630666,404.82054444630666,404.82054444630666,404.82054444630666,404.82054444630666,404.82054444630666
420.8481745799253,420.8481745799253,420.8481745799253,420.8481745799253,420.8481745799253,420.8481745799253,420.8481745799253,420.8481745799253,420.8481745799253,420.8481745799253,420.8481745799253,420.8481745799253,420.8481745799253,420.8481745799253,420.8481745799253,420.8481745799253,420.8481745799253,420.8481745799253,420.8481745799253,420.8481745799253
431.9455580662327,431.9455580662327,431.9455580662327,431.9455580662327,431.9455580662327,431.9455580662327,431.9455580662327,431.9455580662327,431.9455580662327,431.9455580662327,431.9455580662327,431.9455580662327,431.9455580662327,431.9455580662327,431.9455580662327,431.9455580662327,431.9455580662327,431.9455580662327,431.9455580662327,431.9455580662327
445.02224072843757,445.02224072843757,445.02224072843757,445.02224072843757,445.02224072843757,445.02224072843757,445.02224072843757,445.02224072843757,445.02224072843757,445.02224072843757,445.02224072843757,445.02224072843757,445.02224072843757,445.02224072843757,445.02224072843757,445.02224072843757,445.02224072843757,445.02224072843757,445.02224072843757,445.02224072843757
443.4107186121328,443.4107186121328,443.4107186121328,443.4107186121328,443.4107186121328,443.4107186121328,443.4107186121328,443.4107186121328,443.4107186121328,443.4107186121328,443.4107186121328,443.4107186121328,443.4107186121328,443.4107186121328,443.4107186121328,443.4107186121328,443.4107186121328,443.4107186121328,443.4107186121328,443.4107186121328
437.08083757853,437.08083757853,437.08083757853,437.08083757853,437.08083757853,437.08083757853,437.08083757853,437.08083757853,437.08083757853,437.08083757853,437.08083757853,437.08083757853,437.08083757853,437.08083757853,437.08083757853,437.08083757853,437.08083757853,437.08083757853,437.08083757853,437.08083757853
423.7934117605177,423.7934117605177,423.7934117605177,423.7934117605177,423.7934117605177,423.7934117605177,423.7934117605177,423.7934117605177,423.7934117605177,423.7934117605177,423.7934117605177,423.7934117605177,423.7934117605177,423.7934117605177,423.7934117605177,423.7934117605177,423.7934117605177,423.7934117605177,423.7934117605177,423.7934117605177
409.4880190171394,409.4880190171394,409.4880190171394,409.4880190171394,409.4880190171394,409.4880190171394,409.4880190171394,409.4880190171394,409.4880190171394,409.4880190171394,409.4880190171394,409.4880190171394,409.4880190171394,409.4880190171394,409.4880190171394,409.4880190171394,409.4880190171394,409.4880190171394,409.4880190171394,409.4880190171394
374.8407237391187,374.8407237391187,374.8407237391187,374.8407237391187,374.8407237391187,374.8407237391187,374.8407237391187,374.8407237391187,374.8407237391187,374.8407237391187,374.8407237391187,374.8407237391187,374.8407237391187,374.8407237391187,374.8407237391187,374.8407237391187,374.8407237391187,374.8407237391187,374.8407237391187,374.8407237391187
358.2776662930624,358.2776662930624,358.2776662930624,358.2776662930624,358.2776662930624,358.2776662930624,358.2776662930624,358.2776662930624,358.2776662930624,358.2776662930624,358.2776662930624,358.2776662930624,358.2776662930624,358.2776662930624,358.2776662930624,358.2776662930624,358.2776662930624,358.2776662930624,358.2776662930624,358.2776662930624
347.97400304919745,347.97400304919745,347.97400304919745,347.97400304919745,347.97400304919745,347.97400304919745,347.97400304919745,347.97400304919745,347.97400304919745,347.97400304919745,347.97400304919745,347.97400304919745,347.97400304919745,347.97400304919745,347.97400304919745,347.97400304919745,347.97400304919745,347.97400304919745,347.97400304919745,347.97400304919745
339.2110973717671,339.2110973717671,339.2110973717671,339.2110973717671,339.2110973717671,339.2110973717671,339.2110973717671,339.2110973717671,339.2110973717671,339.2110973717671,339.2110973717671,339.2110973717671,339.2110973717671,339.2110973717671,339.2110973717671,339.2110973717671,339.2110973717671,339.2110973717671,339.2110973717671,339.2110973717671
326.83036512338225,326.83036512338225,326.83036512338225,326.83036512338225,326.83036512338225,326.83036512338225,326.83036512338225,326.83036512338225,326.83036512338225,326.83036512338225,326.83036512338225,326.83036512338225,326.83036512338225,326.83036512338225,326.83036512338225,326.83036512338225,326.83036512338225,326.83036512338225,326.83036512338225,326.83036512338225
325.3602728940435,325.3602728940435,325.3602728940435,325.3602728940435,325.3602728940435,325.3602728940435,325.3602728940435,325.3602728940435,325.3602728940435,325.3602728940435,325.3602728940435,325.3602728940435,325.3602728940435,325.3602728940435,325.3602728940435,325.3602728940435,325.3602728940435,325.3602728940435,325.3602728940435,325.3602728940435
315.0839222009582,315.0839222009582,315.0839222009582,315.0839222009582,315.0839222009582,315.0839222009582,315.0839222009582,315.0839222009582,315.0839222009582,315.0839222009582,315.0839222009582,315.0839222009582,315.0839222009582,315.0839222009582,315.0839222009582,315.0839222009582,315.0839222009582,315.0839222009582,315.0839222009582,315.0839222009582
307.492429433175,307.492429433175,307.492429433175,307.492429433175,307.492429433175,307.492429433175,307.492429433175,307.492429433175,307.492429433175,307.492429433175,307.492429433175,307.492429433175,307.492429433175,307.492429433175,307.492429433175,307.492429433175,307.492429433175,307.492429433175,307.492429433175,307.492429433175
297.4269009844699,297.4269009844699,297.4269009844699,297.4269009844699,297.4269009844699,297.4269009844699,297.4269009844699,297.4269009844699,297.4269009844699,297.4269009844699,297.4269009844699,297.4269009844699,297.4269009844699,297.4269009844699,297.4269009844699,297.4269009844699,297.4269009844699,297.4269009844699,297.4269009844699,297.4269009844699
287.0547488993782,287.0547488993782,287.0547488993782,287.0547488993782,287.0547488993782,287.0547488993782,287.0547488993782,287.0547488993782,287.0547488993782,287.0547488993782,287.0547488993782,287.0547488993782,287.0547488993782,287.0547488993782,287.0547488993782,287.0547488993782,287.0547488993782,287.0547488993782,287.0547488993782,287.0547488993782
283.56184500683105,283.56184500683105,283.56184500683105,283.56184500683105,283.56184500683105,283.56184500683105,283.56184500683105,283.56184500683105,283.56184500683105,283.56184500683105,283.56184500683105,283.56184500683105,283.56184500683105,283.56184500683105,283.56184500683105,283.56184500683105,283.56184500683105,283.56184500683105,283.56184500683105,283.56184500683105
276.68700618384264,276.68700618384264,276.68700618384264,276.68700618384264,276.68700618384264,276.68700618384264,276.68700618384264,276.68700618384264,276.68700618384264,276.68700618384264,276.68700618384264,276.68700618384264,276.68700618384264,276.68700618384264,276.68700618384264,276.68700618384264,276.68700618384264,276.68700618384264,276.68700618384264,276.68700618384264
270.6785412505815,270.6785412505815,270.6785412505815,270.6785412505815,270.6785412505815,270.6785412505815,270.6785412505815,270.6785412505815,270.6785412505815,270.6785412505815,270.6785412505815,270.6785412505815,270.6785412505815,270.6785412505815,270.6785412505815,270.6785412505815,270.6785412505815,270.6785412505815,270.6785412505815,270.6785412505815
269.6449041729368,269.6449041729368,269.6449041729368,269.6449041729368,269.6449041729368,269.6449041729368,269.6449041729368,269.6449041729368,269.6449041729368,269.6449041729368,269.6449041729368,269.6449041729368,269.6449041729368,269.6449041729368,269.6449041729368,269.6449041729368,269.6449041729368,269.6449041729368,269.6449041729368,269.6449041729368
270.272980532802,270.272980532802,270.272980532802,270.272980532802,270.272980532802,270.272980532802,270.272980532802,270.272980532802,270.272980532802,270.272980532802,270.272980532802,270.272980532802,270.272980532802,270.272980532802,270.272980532802,270.272980532802,270.272980532802,270.272980532802,270.272980532802,270.272980532802
273.1155928864614,273.1155928864614,273.1155928864614,273.1155928864614,273.1155928864614,273.1155928864614,273.1155928864614,273.1155928864614,273.1155928864614,273.1155928864614,273.1155928864614,273.1155928864614,273.1155928864614,273.1155928864614,273.1155928864614,273.1155928864614,273.1155928864614,273.1155928864614,273.1155928864614,273.1155928864614
263.21765847541866,263.21765847541866,263.21765847541866,263.21765847541866,263.21765847541866,263.21765847541866,263.21765847541866,263.21765847541866,263.21765847541866,263.21765847541866,263.21765847541866,263.21765847541866,263.21765847541866,263.21765847541866,263.21765847541866,263.21765847541866,263.21765847541866,263.21765847541866,263.21765847541866,263.21765847541866
254.00290449297648,254.00290449297648,254.00290449297648,254.00290449297648,254.00290449297648,254.00290449297648,254.00290449297648,254.00290449297648,254.00290449297648,254.00290449297648,254.00290449297648,254.00290449297648,254.00290449297648,254.00290449297648,254.00290449297648,254.00290449297648,254.00290449297648,254.00290449297648,254.00290449297648,254.00290449297648
247.15054822964305,247.15054822964305,247.15054822964305,247.15054822964305,247.15054822964305,247.15054822964305,247.15054822964305,247.15054822964305,247.15054822964305,247.15054822964305,247.15054822964305,247.15054822964305,247.15054822964305,247.15054822964305,247.15054822964305,247.15054822964305,247.15054822964305,247.15054822964305,247.15054822964305,247.15054822964305
252.9111270158071,252.9111270158071,252.9111270158071,252.9111270158071,252.9111270158071,252.9111270158071,252.9111270158071,252.9111270158071,252.9111270158071,252.9111270158071,252.9111270158071,252.9111270158071,252.9111270158071,252.9111270158071,252.9111270158071,252.9111270158071,252.9111270158071,252.9111270158071,252.9111270158071,252.9111270158071
266.45247169496434,266.45247169496434,266.45247169496434,266.45247169496434,266.45247169496434,266.45247169496434,266.45247169496434,266.45247169496434,266.45247169496434,266.45247169496434,266.45247169496434,266.45247169496434,266.45247169496434,266.45247169496434,266.45247169496434,266.45247169496434,266.45247169496434,266.45247169496434,266.45247169496434,266.45247169496434
286.3164161316728,286.3164161316728,286.3164161316728,286.3164161316728,286.3164161316728,286.3164161316728,286.3164161316728,286.3164161316728,286.3164161316728,286.3164161316728,286.3164161316728,286.3164161316728,286.3164161316728,286.3164161316728,286.3164161316728,286.3164161316728,286.3164161316728,286.3164161316728,286.3164161316728,286.3164161316728
311.3680307362611,311.3680307362611,311.3680307362611,311.3680307362611,311.3680307362611,311.3680307362611,311.3680307362611,311.3680307362611,311.3680307362611,311.3680307362611,311.3680307362611,311.3680307362611,311.3680307362611,311.3680307362611,311.3680307362611,311.3680307362611,311.3680307362611,311.3680307362611,311.3680307362611,311.3680307362611
341.20592778887806,341.20592778887806,341.20592778887806,341.20592778887806,341.20592778887806,341.20592778887806,341.20592778887806,341.20592778887806,341.20592778887806,341.20592778887806,341.20592778887806,341.20592778887806,341.20592778887806,341.20592778887806,341.20592778887806,341.20592778887806,341.20592778887806,341.20592778887806,341.20592778887806,341.20592778887806
369.47969631137784,369.47969631137784,369.47969631137784,369.47969631137784,369.47969631137784,369.47969631137784,369.47969631137784,369.47969631137784,369.47969631137784,369.47969631137784,369.47969631137784,369.47969631137784,369.47969631137784,369.47969631137784,369.47969631137784,369.47969631137784,369.47969631137784,369.47969631137784,369.47969631137784,369.47969631137784
396.44620571051286,396.44620571051286,396.44620571051286,396.44620571051286,396.44620571051286,396.44620571051286,396.44620571051286,396.44620571051286,396.44620571051286,396.44620571051286,396.44620571051286,396.44620571051286,396.44620571051286,396.44620571051286,396.44620571051286,396.44620571051286,396.44620571051286,396.44620571051286,396.44620571051286,396.44620571051286
421.8220048206678,421.8220048206678,421.8220048206678,421.8220048206678,421.8220048206678,421.8220048206678,421.8220048206678,421.8220048206678,421.8220048206678,421.8220048206678,421.8220048206678,421.8220048206678,421.8220048206678,421.8220048206678,421.8220048206678,421.8220048206678,421.8220048206678,421.8220048206678,421.8220048206678,421.8220048206678
428.03870053160523,428.03870053160523,428.03870053160523,428.03870053160523,428.03870053160523,428.03870053160523,428.03870053160523,428.03870053160523,428.03870053160523,428.03870053160523,428.03870053160523,428.03870053160523,428.03870053160523,428.03870053160523,428.03870053160523,428.03870053160523,428.03870053160523,428.03870053160523,428.03870053160523,428.03870053160523
424.91861534933975,424.91861534933975,424.91861534933975,424.91861534933975,424.91861534933975,424.91861534933975,424.91861534933975,424.91861534933975,424.91861534933975,424.91861534933975,424.91861534933975,424.91861534933975,424.91861534933975,424.91861534933975,424.91861534933975,424.91861534933975,424.91861534933975,424.91861534933975,424.91861534933975,424.91861534933975
419.9351183576847,419.9351183576847,419.9351183576847,419.9351183576847,419.9351183576847,419.9351183576847,419.9351183576847,419.9351183576847,419.9351183576847,419.9351183576847,419.9351183576847,419.9351183576847,419.9351183576847,419.9351183576847,419.9351183576847,419.9351183576847,419.9351183576847,419.9351183576847,419.9351183576847,419.9351183576847
407.3581336417049,407.3581336417049,407.3581336417049,407.3581336417049,407.3581336417049,407.3581336417049,407.3581336417049,407.3581336417049,407.3581336417049,407.3581336417049,407.3581336417049,407.3581336417049,407.3581336417049,407.3581336417049,407.3581336417049,407.3581336417049,407.3581336417049,407.3581336417049,407.3581336417049,407.3581336417049
384.457943470794,384.457943470794,384.457943470794,384.457943470794,384.457943470794,384.457943470794,384.457943470794,384.457943470794,384.457943470794,384.457943470794,384.457943470794,384.457943470794,384.457943470794,384.457943470794,384.457943470794,384.457943470794,384.457943470794,384.457943470794,384.457943470794,384.457943470794
349.39132158310736,349.39132158310736,349.39132158310736,349.39132158310736,349.39132158310736,349.39132158310736,349.39132158310736,349.39132158310736,349.39132158310736,349.39132158310736,349.39132158310736,349.39132158310736,349.39132158310736,349.39132158310736,349.39132158310736,349.39132158310736,349.39132158310736,349.39132158310736,349.39132158310736,349.39132158310736
317.43540091743023,317.43540091743023,317.43540091743023,317.43540091743023,317.43540091743023,317.43540091743023,317.43540091743023,317.43540091743023,317.43540091743023,317.43540091743023,317.43540091743023,317.43540091743023,317.43540091743023,317.43540091743023,317.43540091743023,317.43540091743023,317.43540091743023,317.43540091743023,317.43540091743023,317.43540091743023
287.1923758185881,287.1923758185881,287.1923758185881,287.1923758185881,287.1923758185881,287.1923758185881,287.1923758185881,287.1923758185881,287.1923758185881,287.1923758185881,287.1923758185881,287.1923758185881,287.1923758185881,287.1923758185881,287.1923758185881,287.1923758185881,287.1923758185881,287.1923758185881,287.1923758185881,287.1923758185881
268.7846825330706,268.7846825330706,268.7846825330706,268.7846825330706,268.7846825330706,268.7846825330706,268.7846825330706,268.7846825330706,268.7846825330706,268.7846825330706,268.7846825330706,268.7846825330706,268.7846825330706,268.7846825330706,268.7846825330706,268.7846825330706,268.7846825330706,268.7846825330706,268.7846825330706,268.7846825330706
258.83766067300496,258.83766067300496,258.83766067300496,258.83766067300496,258.83766067300496,258.83766067300496,258.83766067300496,258.83766067300496,258.83766067300496,258.83766067300496,258.83766067300496,258.83766067300496,258.83766067300496,258.83766067300496,258.83766067300496,258.83766067300496,258.83766067300496,258.83766067300496,258.83766067300496,258.83766067300496
253.1541825204668,253.1541825204668,253.1541825204668,253.1541825204668,253.1541825204668,253.1541825204668,253.1541825204668,253.1541825204668,253.1541825204668,253.1541825204668,253.1541825204668,253.1541825204668,253.1541825204668,253.1541825204668,253.1541825204668,253.1541825204668,253.1541825204668,253.1541825204668,253.1541825204668,253.1541825204668
269.6627095339594,269.6627095339594,269.6627095339594,269.6627095339594,269.6627095339594,269.6627095339594,269.6627095339594,269.6627095339594,269.6627095339594,269.6627095339594,269.6627095339594,269.6627095339594,269.6627095339594,269.6627095339594,269.6627095339594,269.6627095339594,269.6627095339594,269.6627095339594,269.6627095339594,269.6627095339594
283.47927626124346,283.47927626124346,283.47927626124346,283.47927626124346,283.47927626124346,283.47927626124346,283.47927626124346,283.47927626124346,283.47927626124346,283.47927626124346,283.47927626124346,283.47927626124346,283.47927626124346,283.47927626124346,283.47927626124346,283.47927626124346,283.47927626124346,283.47927626124346,283.47927626124346,283.47927626124346
309.7422490544119,309.7422490544119,309.7422490544119,309.7422490544119,309.7422490544119,309.7422490544119,309.7422490544119,309.7422490544119,309.7422490544119,309.7422490544119,309.7422490544119,309.7422490544119,309.7422490544119,309.7422490544119,309.7422490544119,309.7422490544119,309.7422490544119,309.7422490544119,309.7422490544119,309.7422490544119
328.5745128179381,328.5745128179381,328.5745128179381,328.5745128179381,328.5745128179381,328.5745128179381,328.5745128179381,328.5745128179381,328.5745128179381,328.5745128179381,328.5745128179381,328.5745128179381,328.5745128179381,328.5745128179381,328.5745128179381,328.5745128179381,328.5745128179381,328.5745128179381,328.5745128179381,328.5745128179381
343.1941866028133,343.1941866028133,343.1941866028133,343.1941866028133,343.1941866028133,343.1941866028133,343.1941866028133,343.1941866028133,343.1941866028133,343.1941866028133,343.1941866028133,343.1941866028133,343.1941866028133,343.1941866028133,343.1941866028133,343.1941866028133,343.1941866028133,343.1941866028133,343.1941866028133,343.1941866028133
349.67358373097744,349.67358373097744,349.67358373097744,349.67358373097744,349.67358373097744,349.67358373097744,349.67358373097744,349.67358373097744,349.67358373097744,349.67358373097744,349.67358373097744,349.67358373097744,349.67358373097744,349.67358373097744,349.67358373097744,349.67358373097744,349.67358373097744,349.67358373097744,349.67358373097744,349.67358373097744
349.8076021431232,349.8076021431232,349.8076021431232,349.8076021431232,349.8076021431232,349.8076021431232,349.8076021431232,349.8076021431232,349.8076021431232,349.8076021431232,349.8076021431232,349.8076021431232,349.8076021431232,349.8076021431232,349.8076021431232,349.8076021431232,349.8076021431232,349.8076021431232,349.8076021431232,349.8076021431232
339.7517450502744,339.7517450502744,339.7517450502744,339.7517450502744,339.7517450502744,339.7517450502744,339.7517450502744,339.7517450502744,339.7517450502744,339.7517450502744,339.7517450502744,339.7517450502744,339.7517450502744,339.7517450502744,339.7517450502744,339.7517450502744,339.7517450502744,339.7517450502744,339.7517450502744,339.7517450502744
330.6262901464441,330.6262901464441,330.6262901464441,330.6262901464441,330.6262901464441,330.6262901464441,330.6262901464441,330.6262901464441,330.6262901464441,330.6262901464441,330.6262901464441,330.6262901464441,330.6262901464441,330.6262901464441,330.6262901464441,330.6262901464441,330.6262901464441,330.6262901464441,330.6262901464441,330.6262901464441
320.8802780549883,320.8802780549883,320.8802780549883,320.8802780549883,320.8802780549883,320.8802780549883,320.8802780549883,320.8802780549883,320.8802780549883,320.8802780549883,320.8802780549883,320.8802780549883,320.8802780549883,320.8802780549883,320.8802780549883,320.8802780549883,320.8802780549883,320.8802780549883,320.8802780549883,320.8802780549883
307.352259572491,307.352259572491,307.352259572491,307.352259572491,307.352259572491,307.352259572491,307.352259572491,307.352259572491,307.352259572491,307.352259572491,307.352259572491,307.352259572491,307.352259572491,307.352259572491,307.352259572491,307.352259572491,307.352259572491,307.352259572491,307.352259572491,307.352259572491
302.82865620980544,302.82865620980544,302.82865620980544,302.82865620980544,302.82865620980544,302.82865620980544,302.82865620980544,302.82865620980544,302.82865620980544,302.82865620980544,302.82865620980544,302.82865620980544,302.82865620980544,302.82865620980544,302.82865620980544,302.82865620980544,302.82865620980544,302.82865620980544,302.82865620980544,302.82865620980544
304.0489913427471,304.0489913427471,304.0489913427471,304.0489913427471,304.0489913427471,304.0489913427471,304.0489913427471,304.0489913427471,304.0489913427471,304.0489913427471,304.0489913427471,304.0489913427471,304.0489913427471,304.0489913427471,304.0489913427471,304.0489913427471,304.0489913427471,304.0489913427471,304.0489913427471,304.0489913427471
307.9751531731241,307.9751531731241,307.9751531731241,307.9751531731241,307.9751531731241,307.9751531731241,307.9751531731241,307.9751531731241,307.9751531731241,307.9751531731241,307.9751531731241,307.9751531731241,307.9751531731241,307.9751531731241,307.9751531731241,307.9751531731241,307.9751531731241,307.9751531731241,307.9751531731241,307.9751531731241
310.66301356767104,310.66301356767104,310.66301356767104,310.66301356767104,310.66301356767104,310.66301356767104,310.66301356767104,310.66301356767104,310.66301356767104,310.66301356767104,310.66301356767104,310.66301356767104,310.66301356767104,310.66301356767104,310.66301356767104,310.66301356767104,310.66301356767104,310.66301356767104,310.66301356767104,310.66301356767104
312.60639400426584,312.60639400426584,312.60639400426584,312.60639400426584,312.60639400426584,312.60639400426584,312.60639400426584,312.60639400426584,312.60639400426584,312.60639400426584,312.60639400426584,312.60639400426584,312.60639400426584,312.60639400426584,312.60639400426584,312.60639400426584,312.60639400426584,312.60639400426584,312.60639400426584,312.60639400426584
317.57968152646004,317.57968152646004,317.57968152646004,317.57968152646004,317.57968152646004,317.57968152646004,317.57968152646004,317.57968152646004,317.57968152646004,317.57968152646004,317.57968152646004,317.57968152646004,317.57968152646004,317.57968152646004,317.57968152646004,317.57968152646004,317.57968152646004,317.57968152646004,317.57968152646004,317.57968152646004
315.62525240022325,315.62525240022325,315.62525240022325,315.62525240022325,315.62525240022325,315.62525240022325,315.62525240022325,315.62525240022325,315.62525240022325,315.62525240022325,315.62525240022325,315.62525240022325,315.62525240022325,315.62525240022325,315.62525240022325,315.62525240022325,315.62525240022325,315.62525240022325,315.62525240022325,315.62525240022325
318.87567811676837,318.87567811676837,318.87567811676837,318.87567811676837,318.87567811676837,318.87567811676837,318.87567811676837,318.87567811676837,318.87567811676837,318.87567811676837,318.87567811676837,318.87567811676837,318.87567811676837,318.87567811676837,318.87567811676837,318.87567811676837,318.87567811676837,318.87567811676837,318.87567811676837,318.87567811676837
309.3416735873918,309.3416735873918,309.3416735873918,309.3416735873918,309.3416735873918,309.3416735873918,309.3416735873918,309.3416735873918,309.3416735873918,309.3416735873918,309.3416735873918,309.3416735873918,309.3416735873918,309.3416735873918,309.3416735873918,309.3416735873918,309.3416735873918,309.3416735873918,309.3416735873918,309.3416735873918
295.3754785190732,295.3754785190732,295.3754785190732,295.3754785190732,295.3754785190732,295.3754785190732,295.3754785190732,295.3754785190732,295.3754785190732,295.3754785190732,295.3754785190732,295.3754785190732,295.3754785190732,295.3754785190732,295.3754785190732,295.3754785190732,295.3754785190732,295.3754785190732,295.3754785190732,295.3754785190732
279.40053538760986,279.40053538760986,279.40053538760986,279.40053538760986,279.40053538760986,279.40053538760986,279.40053538760986,279.40053538760986,279.40053538760986,279.40053538760986,279.40053538760986,279.40053538760986,279.40053538760986,279.40053538760986,279.40053538760986,279.40053538760986,279.40053538760986,279.40053538760986,279.40053538760986,279.40053538760986
260.26957095778477,260.26957095778477,260.26957095778477,260.26957095778477,260.26957095778477,260.26957095778477,260.26957095778477,260.26957095778477,260.26957095778477,260.26957095778477,260.26957095778477,260.26957095778477,260.26957095778477,260.26957095778477,260.26957095778477,260.26957095778477,260.26957095778477,260.26957095778477,260.26957095778477,260.26957095778477
240.49240424939848,240.49240424939848,240.49240424939848,240.49240424939848,240.49240424939848,240.49240424939848,240.49240424939848,240.49240424939848,240.49240424939848,240.49240424939848,240.49240424939848,240.49240424939848,240.49240424939848,240.49240424939848,240.49240424939848,240.49240424939848,240.49240424939848,240.49240424939848,240.49240424939848,240.49240424939848
227.60009958490215,227.60009958490215,227.60009958490215,227.60009958490215,227.60009958490215,227.60009958490215,227.60009958490215,227.60009958490215,227.60009958490215,227.60009958490215,227.60009958490215,227.60009958490215,227.60009958490215,227.60009958490215,227.60009958490215,227.60009958490215,227.60009958490215,227.60009958490215,227.60009958490215,227.60009958490215
224.21182476054167,224.21182476054167,224.21182476054167,224.21182476054167,224.21182476054167,224.21182476054167,224.21182476054167,224.21182476054167,224.21182476054167,224.21182476054167,224.21182476054167,224.21182476054167,224.21182476054167,224.21182476054167,224.21182476054167,224.21182476054167,224.21182476054167,224.21182476054167,224.21182476054167,224.21182476054167
234.5210323283132,234.5210323283132,234.5210323283132,234.5210323283132,234.5210323283132,234.5210323283132,234.5210323283132,234.5210323283132,234.5210323283132,234.5210323283132,234.5210323283132,234.5210323283132,234.5210323283132,234.5210323283132,234.5210323283132,234.5210323283132,234.5210323283132,234.5210323283132,234.5210323283132,234.5210323283132
244.13242730563354,244.13242730563354,244.13242730563354,244.13242730563354,244.13242730563354,244.13242730563354,244.13242730563354,244.13242730563354,244.13242730563354,244.13242730563354,244.13242730563354,244.13242730563354,244.13242730563354,244.13242730563354,244.13242730563354,244.13242730563354,244.13242730563354,244.13242730563354,244.13242730563354,244.13242730563354
275.13480140149164,275.13480140149164,275.13480140149164,275.13480140149164,275.13480140149164,275.13480140149164,275.13480140149164,275.13480140149164,275.13480140149164,275.13480140149164,275.13480140149164,275.13480140149164,275.13480140149164,275.13480140149164,275.13480140149164,275.13480140149164,275.13480140149164,275.13480140149164,275.13480140149164,275.13480140149164
305.09646708001094,305.09646708001094,305.09646708001094,305.09646708001094,305.09646708001094,305.09646708001094,305.09646708001094,305.09646708001094,305.09646708001094,305.09646708001094,305.09646708001094,305.09646708001094,305.09646708001094,305.09646708001094,305.09646708001094,305.09646708001094,305.09646708001094,305.09646708001094,305.09646708001094,305.09646708001094
322.8372307458705,322.8372307458705,322.8372307458705,322.8372307458705,322.8372307458705,322.8372307458705,322.8372307458705,322.8372307458705,322.8372307458705,322.8372307458705,322.8372307458705,322.8372307458705,322.8372307458705,322.8372307458705,322.8372307458705,322.8372307458705,322.8372307458705,322.8372307458705,322.8372307458705,322.8372307458705
339.36688691379845,339.36688691379845,339.36688691379845,339.36688691379845,339.36688691379845,339.36688691379845,339.36688691379845,339.36688691379845,339.36688691379845,339.36688691379845,339.36688691379845,339.36688691379845,339.36688691379845,339.36688691379845,339.36688691379845,339.36688691379845,339.36688691379845,339.36688691379845,339.36688691379845,339.36688691379845
335.4677151432209,335.4677151432209,335.4677151432209,335.4677151432209,335.4677151432209,335.4677151432209,335.4677151432209,335.4677151432209,335.4677151432209,335.4677151432209,335.4677151432209,335.4677151432209,335.4677151432209,335.4677151432209,335.4677151432209,335.4677151432209,335.4677151432209,335.4677151432209,335.4677151432209,335.4677151432209
327.05741027931197,327.05741027931197,327.05741027931197,327.05741027931197,327.05741027931197,327.05741027931197,327.05741027931197,327.05741027931197,327.05741027931197,327.05741027931197,327.05741027931197,327.05741027931197,327.05741027931197,327.05741027931197,327.05741027931197,327.05741027931197,327.05741027931197,327.05741027931197,327.05741027931197,327.05741027931197
310.13693646843,310.13693646843,310.13693646843,310.13693646843,310.13693646843,310.13693646843,310.13693646843,310.13693646843,310.13693646843,310.13693646843,310.13693646843,310.13693646843,310.13693646843,310.13693646843,310.13693646843,310.13693646843,310.13693646843,310.13693646843,310.13693646843,310.13693646843
285.51551708454764,285.51551708454764,285.51551708454764,285.51551708454764,285.51551708454764,285.51551708454764,285.51551708454764,285.51551708454764,285.51551708454764,285.51551708454764,285.51551708454764,285.51551708454764,285.51551708454764,285.51551708454764,285.51551708454764,285.51551708454764,285.51551708454764,285.51551708454764,285.51551708454764,285.51551708454764
257.36629093051073,257.36629093051073,257.36629093051073,257.36629093051073,257.36629093051073,257.36629093051073,257.36629093051073,257.36629093051073,257.36629093051073,257.36629093051073,257.36629093051073,257.36629093051073,257.36629093051073,257.36629093051073,257.36629093051073,257.36629093051073,257.36629093051073,257.36629093051073,257.36629093051073,257.36629093051073
232.3805980959891,232.3805980959891,232.3805980959891,232.3805980959891,232.3805980959891,232.3805980959891,232.3805980959891,232.3805980959891,232.3805980959891,232.3805980959891,232.3805980959891,232.3805980959891,232.3805980959891,232.3805980959891,232.3805980959891,232.3805980959891,232.3805980959891,232.3805980959891,232.3805980959891,232.3805980959891
215.75113489220013,215.75113489220013,215.75113489220013,215.75113489220013,215.75113489220013,215.75113489220013,215.75113489220013,215.75113489220013,215.75113489220013,215.75113489220013,215.75113489220013,215.75113489220013,215.75113489220013,215.75113489220013,215.75113489220013,215.75113489220013,215.75113489220013,215.75113489220013,215.75113489220013,215.75113489220013
202.36373364895513,202.36373364895513,202.36373364895513,202.36373364895513,202.36373364895513,202.36373364895513,202.36373364895513,202.36373364895513,202.36373364895513,202.36373364895513,202.36373364895513,202.36373364895513,202.36373364895513,202.36373364895513,202.36373364895513,202.36373364895513,202.36373364895513,202.36373364895513,202.36373364895513,202.36373364895513
210.06317903383993,210.06317903383993,210.06317903383993,210.06317903383993,210.06317903383993,210.06317903383993,210.06317903383993,210.06317903383993,210.06317903383993,210.06317903383993,210.06317903383993,210.06317903383993,210.06317903383993,210.06317903383993,210.06317903383993,210.06317903383993,210.06317903383993,210.06317903383993,210.06317903383993,210.06317903383993
213.65080039574815,213.65080039574815,213.65080039574815,213.65080039574815,213.65080039574815,213.65080039574815,213.65080039574815,213.65080039574815,213.65080039574815,213.65080039574815,213.65080039574815,213.65080039574815,213.65080039574815,213.65080039574815,213.65080039574815,213.65080039574815,213.65080039574815,213.65080039574815,213.65080039574815,213.65080039574815
223.81781421420501,223.81781421420501,223.81781421420501,223.81781421420501,223.81781421420501,223.81781421420501,223.81781421420501,223.81781421420501,223.81781421420501,223.81781421420501,223.81781421420501,223.81781421420501,223.81781421420501,223.81781421420501,223.81781421420501,223.81781421420501,223.81781421420501,223.81781421420501,223.81781421420501,223.81781421420501
225.74702555325115,225.74702555325115,225.74702555325115,225.74702555325115,225.74702555325115,225.74702555325115,225.74702555325115,225.74702555325115,225.74702555325115,225.74702555325115,225.74702555325115,225.74702555325115,225.74702555325115,225.74702555325115,225.74702555325115,225.74702555325115,225.74702555325115,225.74702555325115,225.74702555325115,225.74702555325115
233.9458025213589,233.9458025213589,233.9458025213589,233.9458025213589,233.9458025213589,233.9458025213589,233.9458025213589,233.9458025213589,233.9458025213589,233.9458025213589,233.9458025213589,233.9458025213589,233.9458025213589,233.9458025213589,233.9458025213589,233.9458025213589,233.9458025213589,233.9458025213589,233.9458025213589,233.9458025213589
234.2464146341498,234.2464146341498,234.2464146341498,234.2464146341498,234.2464146341498,234.2464146341498,234.2464146341498,234.2464146341498,234.2464146341498,234.2464146341498,234.2464146341498,234.2464146341498,234.2464146341498,234.2464146341498,234.2464146341498,234.2464146341498,234.2464146341498,234.2464146341498,234.2464146341498,234.2464146341498
228.70977355785075,228.70977355785075,228.70977355785075,228.70977355785075,228.70977355785075,228.70977355785075,228.70977355785075,228.70977355785075,228.70977355785075,228.70977355785075,228.70977355785075,228.70977355785075,228.70977355785075,228.70977355785075,228.70977355785075,228.70977355785075,228.70977355785075,228.70977355785075,228.70977355785075,228.70977355785075
220.20264904265807,220.20264904265807,220.20264904265807,220.20264904265807,220.20264904265807,220.20264904265807,220.20264904265807,220.20264904265807,220.20264904265807,220.20264904265807,220.20264904265807,220.20264904265807,220.20264904265807,220.20264904265807,220.20264904265807,220.20264904265807,220.20264904265807,220.20264904265807,220.20264904265807,220.20264904265807
217.61546404868605,217.61546404868605,217.61546404868605,217.61546404868605,217.61546404868605,217.61546404868605,217.61546404868605,217.61546404868605,217.61546404868605,217.61546404868605,217.61546404868605,217.61546404868605,217.61546404868605,217.61546404868605,217.61546404868605,217.61546404868605,217.61546404868605,217.61546404868605,217.61546404868605,217.61546404868605
204.1018698747278,204.1018698747278,204.1018698747278,204.1018698747278,204.1018698747278,204.1018698747278,204.1018698747278,204.1018698747278,204.1018698747278,204.1018698747278,204.1018698747278,204.1018698747278,204.1018698747278,204.1018698747278,204.1018698747278,204.1018698747278,204.1018698747278,204.1018698747278,204.1018698747278,204.1018698747278
192.5073938632332,192.5073938632332,192.5073938632332,192.5073938632332,192.5073938632332,192.5073938632332,192.5073938632332,192.5073938632332,192.5073938632332,192.5073938632332,192.5073938632332,192.5073938632332,192.5073938632332,192.5073938632332,192.5073938632332,192.5073938632332,192.5073938632332,192.5073938632332,192.5073938632332,192.5073938632332
183.03379050039328,183.03379050039328,183.03379050039328,183.03379050039328,183.03379050039328,183.03379050039328,183.03379050039328,183.03379050039328,183.03379050039328,183.03379050039328,183.03379050039328,183.03379050039328,183.03379050039328,183.03379050039328,183.03379050039328,183.03379050039328,183.03379050039328,183.03379050039328,183.03379050039328,183.03379050039328
178.2656080697097,178.2656080697097,178.2656080697097,178.2656080697097,178.2656080697097,178.2656080697097,178.2656080697097,178.2656080697097,178.2656080697097,178.2656080697097,178.2656080697097,178.2656080697097,178.2656080697097,178.2656080697097,178.2656080697097,178.2656080697097,178.2656080697097,178.2656080697097,178.2656080697097,178.2656080697097
175.7333111558737,175.7333111558737,175.7333111558737,175.7333111558737,175.7333111558737,175.7333111558737,175.7333111558737,175.7333111558737,175.7333111558737,175.7333111558737,175.7333111558737,175.7333111558737,175.7333111558737,175.7333111558737,175.7333111558737,175.7333111558737,175.7333111558737,175.7333111558737,175.7333111558737,175.7333111558737
181.78493954100733,181.78493954100733,181.78493954100733,181.78493954100733,181.78493954100733,181.78493954100733,181.78493954100733,181.78493954100733,181.78493954100733,181.78493954100733,181.78493954100733,181.78493954100733,181.78493954100733,181.78493954100733,181.78493954100733,181.78493954100733,181.78493954100733,181.78493954100733,181.78493954100733,181.78493954100733
188.53656944566166,188.53656944566166,188.53656944566166,188.53656944566166,188.53656944566166,188.53656944566166,188.53656944566166,188.53656944566166,188.53656944566166,188.53656944566166,188.53656944566166,188.53656944566166,188.53656944566166,188.53656944566166,188.53656944566166,188.53656944566166,188.53656944566166,188.53656944566166,188.53656944566166,188.53656944566166
198.0543376399788,198.0543376399788,198.0543376399788,198.0543376399788,198.0543376399788,198.0543376399788,198.0543376399788,198.0543376399788,198.0543376399788,198.0543376399788,198.0543376399788,198.0543376399788,198.0543376399788,198.0543376399788,198.0543376399788,198.0543376399788,198.0543376399788,198.0543376399788,198.0543376399788,198.0543376399788
203.06581670473892,203.06581670473892,203.06581670473892,203.06581670473892,203.06581670473892,203.06581670473892,203.06581670473892,203.06581670473892,203.06581670473892,203.06581670473892,203.06581670473892,203.06581670473892,203.06581670473892,203.06581670473892,203.06581670473892,203.06581670473892,203.06581670473892,203.06581670473892,203.06581670473892,203.06581670473892
195.62979804200526,195.62979804200526,195.62979804200526,195.62979804200526,195.62979804200526,195.62979804200526,195.62979804200526,195.62979804200526,195.62979804200526,195.62979804200526,195.62979804200526,195.62979804200526,195.62979804200526,195.62979804200526,195.62979804200526,195.62979804200526,195.62979804200526,195.62979804200526,195.62979804200526,195.62979804200526
183.98217522422246,183.98217522422246,183.98217522422246,183.98217522422246,183.98217522422246,183.98217522422246,183.98217522422246,183.98217522422246,183.98217522422246,183.98217522422246,183.98217522422246,183.98217522422246,183.98217522422246,183.98217522422246,183.98217522422246,183.98217522422246,183.98217522422246,183.98217522422246,183.98217522422246,183.98217522422246
170.69469725389905,170.69469725389905,170.69469725389905,170.69469725389905,170.69469725389905,170.69469725389905,170.69469725389905,170.69469725389905,170.69469725389905,170.69469725389905,170.69469725389905,170.69469725389905,170.69469725389905,170.69469725389905,170.69469725389905,170.69469725389905,170.69469725389905,170.69469725389905,170.69469725389905,170.69469725389905
157.62264392815956,157.62264392815956,157.62264392815956,157.62264392815956,157.62264392815956,157.62264392815956,157.62264392815956,157.62264392815956,157.62264392815956,157.62264392815956,157.62264392815956,157.62264392815956,157.62264392815956,157.62264392815956,157.62264392815956,157.62264392815956,157.62264392815956,157.62264392815956,157.62264392815956,157.62264392815956
151.35149669266235,151.35149669266235,151.35149669266235,151.35149669266235,151.35149669266235,151.35149669266235,151.35149669266235,151.35149669266235,151.35149669266235,151.35149669266235,151.35149669266235,151.35149669266235,151.35149669266235,151.35149669266235,151.35149669266235,151.35149669266235,151.35149669266235,151.35149669266235,151.35149669266235,151.35149669266235
142.74874018692464,142.74874018692464,142.74874018692464,142.74874018692464,142.74874018692464,142.74874018692464,142.74874018692464,142.74874018692464,142.74874018692464,142.74874018692464,142.74874018692464,142.74874018692464,142.74874018692464,142.74874018692464,142.74874018692464,142.74874018692464,142.74874018692464,142.74874018692464,142.74874018692464,142.74874018692464
144.95378323033742,144.95378323033742,144.95378323033742,144.95378323033742,144.95378323033742,144.95378323033742,144.95378323033742,144.95378323033742,144.95378323033742,144.95378323033742,144.95378323033742,144.95378323033742,144.95378323033742,144.95378323033742,144.95378323033742,144.95378323033742,144.95378323033742,144.95378323033742,144.95378323033742,144.95378323033742
158.89302310263,158.89302310263,158.89302310263,158.89302310263,158.89302310263,158.89302310263,158.89302310263,158.89302310263,158.89302310263,158.89302310263,158.89302310263,158.89302310263,158.89302310263,158.89302310263,158.89302310263,158.89302310263,158.89302310263,158.89302310263,158.89302310263,158.89302310263
174.38784196588907,174.38784196588907,174.38784196588907,174.38784196588907,174.38784196588907,174.38784196588907,174.38784196588907,174.38784196588907,174.38784196588907,174.38784196588907,174.38784196588907,174.38784196588907,174.38784196588907,174.38784196588907,174.38784196588907,174.38784196588907,174.38784196588907,174.38784196588907,174.38784196588907,174.38784196588907
189.2951625711004,189.2951625711004,189.2951625711004,189.2951625711004,189.2951625711004,189.2951625711004,189.2951625711004,189.2951625711004,189.2951625711004,189.2951625711004,189.2951625711004,189.2951625711004,189.2951625711004,189.2951625711004,189.2951625711004,189.2951625711004,189.2951625711004,189.2951625711004,189.2951625711004,189.2951625711004
205.6431766445091,205.6431766445091,205.6431766445091,205.6431766445091,205.6431766445091,205.6431766445091,205.6431766445091,205.6431766445091,205.6431766445091,205.6431766445091,205.6431766445091,205.6431766445091,205.6431766445091,205.6431766445091,205.6431766445091,205.6431766445091,205.6431766445091,205.6431766445091,205.6431766445091,205.6431766445091
216.00570361680423,216.00570361680423,216.00570361680423,216.00570361680423,216.00570361680423,216.00570361680423,216.00570361680423,216.00570361680423,216.00570361680423,216.00570361680423,216.00570361680423,216.00570361680423,216.00570361680423,216.00570361680423,216.00570361680423,216.00570361680423,216.00570361680423,216.00570361680423,216.00570361680423,216.00570361680423
220.32382952002442,220.32382952002442,220.32382952002442,220.32382952002442,220.32382952002442,220.32382952002442,220.32382952002442,220.32382952002442,220.32382952002442,220.32382952002442,220.32382952002442,220.32382952002442,220.32382952002442,220.32382952002442,220.32382952002442,220.32382952002442,220.32382952002442,220.32382952002442,220.32382952002442,220.32382952002442
216.38919371310698,216.38919371310698,216.38919371310698,216.38919371310698,216.38919371310698,216.38919371310698,216.38919371310698,216.38919371310698,216.38919371310698,216.38919371310698,216.38919371310698,216.38919371310698,216.38919371310698,216.38919371310698,216.38919371310698,216.38919371310698,216.38919371310698,216.38919371310698,216.38919371310698,216.38919371310698
195.53062698688626,195.53062698688626,195.53062698688626,195.53062698688626,195.53062698688626,195.53062698688626,195.53062698688626,195.53062698688626,195.53062698688626,195.53062698688626,195.53062698688626,195.53062698688626,195.53062698688626,195.53062698688626,195.53062698688626,195.53062698688626,195.53062698688626,195.53062698688626,195.53062698688626,195.53062698688626
175.05688137877115,175.05688137877115,175.05688137877115,175.05688137877115,175.05688137877115,175.05688137877115,175.05688137877115,175.05688137877115,175.05688137877115,175.05688137877115,175.05688137877115,175.05688137877115,175.05688137877115,175.05688137877115,175.05688137877115,175.05688137877115,175.05688137877115,175.05688137877115,175.05688137877115,175.05688137877115
153.76866565916865,153.76866565916865,153.76866565916865,153.76866565916865,153.76866565916865,153.76866565916865,153.76866565916865,153.76866565916865,153.76866565916865,153.76866565916865,153.76866565916865,153.76866565916865,153.76866565916865,153.76866565916865,153.76866565916865,153.76866565916865,153.76866565916865,153.76866565916865,153.76866565916865,153.76866565916865
135.6821552972704,135.6821552972704,135.6821552972704,135.6821552972704,135.6821552972704,135.6821552972704,135.6821552972704,135.6821552972704,135.6821552972704,135.6821552972704,135.6821552972704,135.6821552972704,135.6821552972704,135.6821552972704,135.6821552972704,135.6821552972704,135.6821552972704,135.6821552972704,135.6821552972704,135.6821552972704
124.04178083581641,124.04178083581641,124.04178083581641,124.04178083581641,124.04178083581641,124.04178083581641,124.04178083581641,124.04178083581641,124.04178083581641,124.04178083581641,124.04178083581641,124.04178083581641,124.04178083581641,124.04178083581641,124.04178083581641,124.04178083581641,124.04178083581641,124.04178083581641,124.04178083581641,124.04178083581641
126.17126729766736,126.17126729766736,126.17126729766736,126.17126729766736,126.17126729766736,126.17126729766736,126.17126729766736,126.17126729766736,126.17126729766736,126.17126729766736,126.17126729766736,126.17126729766736,126.17126729766736,126.17126729766736,126.17126729766736,126.17126729766736,126.17126729766736,126.17126729766736,126.17126729766736,126.17126729766736
133.28539552209452,133.28539552209452,133.28539552209452,133.28539552209452,133.28539552209452,133.28539552209452,133.28539552209452,133.28539552209452,133.28539552209452,133.28539552209452,133.28539552209452,133.28539552209452,133.28539552209452,133.28539552209452,133.28539552209452,133.28539552209452,133.28539552209452,133.28539552209452,133.28539552209452,133.28539552209452
149.15971696223463,149.15971696223463,149.15971696223463,149.15971696223463,149.15971696223463,149.15971696223463,149.15971696223463,149.15971696223463,149.15971696223463,149.15971696223463,149.15971696223463,149.15971696223463,149.15971696223463,149.15971696223463,149.15971696223463,149.15971696223463,149.15971696223463,149.15971696223463,149.15971696223463,149.15971696223463
163.7507822445842,163.7507822445842,163.7507822445842,163.7507822445842,163.7507822445842,163.7507822445842,163.7507822445842,163.7507822445842,163.7507822445842,163.7507822445842,163.7507822445842,163.7507822445842,163.7507822445842,163.7507822445842,163.7507822445842,163.7507822445842,163.7507822445842,163.7507822445842,163.7507822445842,163.7507822445842
185.79182477883586,185.79182477883586,185.79182477883586,185.79182477883586,185.79182477883586,185.79182477883586,185.79182477883586,185.79182477883586,185.79182477883586,185.79182477883586,185.79182477883586,185.79182477883586,185.79182477883586,185.79182477883586,185.79182477883586,185.79182477883586,185.79182477883586,185.79182477883586,185.79182477883586,185.79182477883586
198.32848433278429,198.32848433278429,198.32848433278429,198.32848433278429,198.32848433278429,198.32848433278429,198.32848433278429,198.32848433278429,198.32848433278429,198.32848433278429,198.32848433278429,198.32848433278429,198.32848433278429,198.32848433278429,198.32848433278429,198.32848433278429,198.32848433278429,198.32848433278429,198.32848433278429,198.32848433278429
207.67764139345996,207.67764139345996,207.67764139345996,207.67764139345996,207.67764139345996,207.67764139345996,207.67764139345996,207.67764139345996,207.67764139345996,207.67764139345996,207.67764139345996,207.67764139345996,207.67764139345996,207.67764139345996,207.67764139345996,207.67764139345996,207.67764139345996,207.67764139345996,207.67764139345996,207.67764139345996
215.49433143218295,215.49433143218295,215.49433143218295,215.49433143218295,215.49433143218295,215.49433143218295,215.49433143218295,215.49433143218295,215.49433143218295,215.49433143218295,215.49433143218295,215.49433143218295,215.49433143218295,215.49433143218295,215.49433143218295,215.49433143218295,215.49433143218295,215.49433143218295,215.49433143218295,215.49433143218295
214.0011242092545,214.0011242092545,214.0011242092545,214.0011242092545,214.0011242092545,214.0011242092545,214.0011242092545,214.0011242092545,214.0011242092545,214.0011242092545,214.0011242092545,214.0011242092545,214.0011242092545,214.0011242092545,214.0011242092545,214.0011242092545,214.0011242092545,214.0011242092545,214.0011242092545,214.0011242092545
210.04129336190002,210.04129336190002,210.04129336190002,210.04129336190002,210.04129336190002,210.04129336190002,210.04129336190002,210.04129336190002,210.04129336190002,210.04129336190002,210.04129336190002,210.04129336190002,210.04129336190002,210.04129336190002,210.04129336190002,210.04129336190002,210.04129336190002,210.04129336190002,210.04129336190002,210.04129336190002
200.95360087686197,200.95360087686197,200.95360087686197,200.95360087686197,200.95360087686197,200.95360087686197,200.95360087686197,200.95360087686197,200.95360087686197,200.95360087686197,200.95360087686197,200.95360087686197,200.95360087686197,200.95360087686197,200.95360087686197,200.95360087686197,200.95360087686197,200.95360087686197,200.95360087686197,200.95360087686197
197.3498847701001,197.3498847701001,197.3498847701001,197.3498847701001,197.3498847701001,197.3498847701001,197.3498847701001,197.3498847701001,197.3498847701001,197.3498847701001,197.3498847701001,197.3498847701001,197.3498847701001,197.3498847701001,197.3498847701001,197.3498847701001,197.3498847701001,197.3498847701001,197.3498847701001,197.3498847701001
