0,1,2,3,4,5,6,7,8,9,10,11,12,13,14,15,16,17,18,19
153.7881520440289,153.7881520440289,153.7881520440289,153.7881520440289,153.7881520440289,153.7881520440289,153.7881520440289,153.7881520440289,153.7881520440289,153.7881520440289,153.7881520440289,153.7881520440289,153.7881520440289,153.7881520440289,153.7881520440289,153.7881520440289,153.7881520440289,153.7881520440289,153.7881520440289,153.7881520440289
137.1736869748362,137.1736869748362,137.1736869748362,137.1736869748362,137.1736869748362,137.1736869748362,137.1736869748362,137.1736869748362,137.1736869748362,137.1736869748362,137.1736869748362,137.1736869748362,137.1736869748362,137.1736869748362,137.1736869748362,137.1736869748362,137.1736869748362,137.1736869748362,137.1736869748362,137.1736869748362
124.13528062340896,124.13528062340896,124.13528062340896,124.13528062340896,124.13528062340896,124.13528062340896,124.13528062340896,124.13528062340896,124.13528062340896,124.13528062340896,124.13528062340896,124.13528062340896,124.13528062340896,124.13528062340896,124.13528062340896,124.13528062340896,124.13528062340896,124.13528062340896,124.13528062340896,124.13528062340896
114.52284360877155,114.52284360877155,114.52284360877155,114.52284360877155,114.52284360877155,114.52284360877155,114.52284360877155,114.52284360877155,114.52284360877155,114.52284360877155,114.52284360877155,114.52284360877155,114.52284360877155,114.52284360877155,114.52284360877155,114.52284360877155,114.52284360877155,114.52284360877155,114.52284360877155,114.52284360877155
109.45682263517557,109.45682263517557,109.45682263517557,109.45682263517557,109.45682263517557,109.45682263517557,109.45682263517557,109.45682263517557,109.45682263517557,109.45682263517557,109.45682263517557,109.45682263517557,109.45682263517557,109.45682263517557,109.45682263517557,109.45682263517557,109.45682263517557,109.45682263517557,109.45682263517557,109.45682263517557
107.65857871286578,107.65857871286578,107.65857871286578,107.65857871286578,107.65857871286578,107.65857871286578,107.65857871286578,107.65857871286578,107.65857871286578,107.65857871286578,107.65857871286578,107.65857871286578,107.65857871286578,107.65857871286578,107.65857871286578,107.65857871286578,107.65857871286578,107.65857871286578,107.65857871286578,107.65857871286578
107.7111545491279,107.7111545491279,107.7111545491279,107.7111545491279,107.7111545491279,107.7111545491279,107.7111545491279,107.7111545491279,107.7111545491279,107.7111545491279,107.7111545491279,107.7111545491279,107.7111545491279,107.7111545491279,107.7111545491279,107.7111545491279,107.7111545491279,107.7111545491279,107.7111545491279,107.7111545491279
107.24219743649982,107.24219743649982,107.24219743649982,107.24219743649982,107.24219743649982,107.24219743649982,107.24219743649982,107.24219743649982,107.24219743649982,107.24219743649982,107.24219743649982,107.24219743649982,107.24219743649982,107.24219743649982,107.24219743649982,107.24219743649982,107.24219743649982,107.24219743649982,107.24219743649982,107.24219743649982
105.48731987892651,105.48731987892651,105.48731987892651,105.48731987892651,105.48731987892651,105.48731987892651,105.48731987892651,105.48731987892651,105.48731987892651,105.48731987892651,105.48731987892651,105.48731987892651,105.48731987892651,105.48731987892651,105.48731987892651,105.48731987892651,105.48731987892651,105.48731987892651,105.48731987892651,105.48731987892651
101.18229625399239,101.18229625399239,101.18229625399239,101.18229625399239,101.18229625399239,101.18229625399239,101.18229625399239,101.18229625399239,101.18229625399239,101.18229625399239,101.18229625399239,101.18229625399239,101.18229625399239,101.18229625399239,101.18229625399239,101.18229625399239,101.18229625399239,101.18229625399239,101.18229625399239,101.18229625399239
94.2120343661383,94.2120343661383,94.2120343661383,94.2120343661383,94.2120343661383,94.2120343661383,94.2120343661383,94.2120343661383,94.2120343661383,94.2120343661383,94.2120343661383,94.2120343661383,94.2120343661383,94.2120343661383,94.2120343661383,94.2120343661383,94.2120343661383,94.2120343661383,94.2120343661383,94.2120343661383
87.3354277358808,87.3354277358808,87.3354277358808,87.3354277358808,87.3354277358808,87.3354277358808,87.3354277358808,87.3354277358808,87.3354277358808,87.3354277358808,87.3354277358808,87.3354277358808,87.3354277358808,87.3354277358808,87.3354277358808,87.3354277358808,87.3354277358808,87.3354277358808,87.3354277358808,87.3354277358808
80.30944672875512,80.30944672875512,80.30944672875512,80.30944672875512,80.30944672875512,80.30944672875512,80.30944672875512,80.30944672875512,80.30944672875512,80.30944672875512,80.30944672875512,80.30944672875512,80.30944672875512,80.30944672875512,80.30944672875512,80.30944672875512,80.30944672875512,80.30944672875512,80.30944672875512,80.30944672875512
76.49463816499826,76.49463816499826,76.49463816499826,76.49463816499826,76.49463816499826,76.49463816499826,76.49463816499826,76.49463816499826,76.49463816499826,76.49463816499826,76.49463816499826,76.49463816499826,76.49463816499826,76.49463816499826,76.49463816499826,76.49463816499826,76.49463816499826,76.49463816499826,76.49463816499826,76.49463816499826
76.7682746314046,76.7682746314046,76.7682746314046,76.7682746314046,76.7682746314046,76.7682746314046,76.7682746314046,76.7682746314046,76.7682746314046,76.7682746314046,76.7682746314046,76.7682746314046,76.7682746314046,76.7682746314046,76.7682746314046,76.7682746314046,76.7682746314046,76.7682746314046,76.7682746314046,76.7682746314046
80.74573525730439,80.74573525730439,80.74573525730439,80.74573525730439,80.74573525730439,80.74573525730439,80.74573525730439,80.74573525730439,80.74573525730439,80.74573525730439,80.74573525730439,80.74573525730439,80.74573525730439,80.74573525730439,80.74573525730439,80.74573525730439,80.74573525730439,80.74573525730439,80.74573525730439,80.74573525730439
87.82539838013057,87.82539838013057,87.82539838013057,87.82539838013057,87.82539838013057,87.82539838013057,87.82539838013057,87.82539838013057,87.82539838013057,87.82539838013057,87.82539838013057,87.82539838013057,87.82539838013057,87.82539838013057,87.82539838013057,87.82539838013057,87.82539838013057,87.82539838013057,87.82539838013057,87.82539838013057
96.17333552460107,96.17333552460107,96.17333552460107,96.17333552460107,96.17333552460107,96.17333552460107,96.17333552460107,96.17333552460107,96.17333552460107,96.17333552460107,96.17333552460107,96.17333552460107,96.17333552460107,96.17333552460107,96.17333552460107,96.17333552460107,96.17333552460107,96.17333552460107,96.17333552460107,96.17333552460107
103.01140147122813,103.01140147122813,103.01140147122813,103.01140147122813,103.01140147122813,103.01140147122813,103.01140147122813,103.01140147122813,103.01140147122813,103.01140147122813,103.01140147122813,103.01140147122813,103.01140147122813,103.01140147122813,103.01140147122813,103.01140147122813,103.01140147122813,103.01140147122813,103.01140147122813,103.01140147122813
108.21131321023695,108.21131321023695,108.21131321023695,108.21131321023695,108.21131321023695,108.21131321023695,108.21131321023695,108.21131321023695,108.21131321023695,108.21131321023695,108.21131321023695,108.21131321023695,108.21131321023695,108.21131321023695,108.21131321023695,108.21131321023695,108.21131321023695,108.21131321023695,108.21131321023695,108.21131321023695
111.07499566433349,111.07499566433349,111.07499566433349,111.07499566433349,111.07499566433349,111.07499566433349,111.07499566433349,111.07499566433349,111.07499566433349,111.07499566433349,111.07499566433349,111.07499566433349,111.07499566433349,111.07499566433349,111.07499566433349,111.07499566433349,111.07499566433349,111.07499566433349,111.07499566433349,111.07499566433349
111.80994858049763,111.80994858049763,111.80994858049763,111.80994858049763,111.80994858049763,111.80994858049763,111.80994858049763,111.80994858049763,111.80994858049763,111.80994858049763,111.80994858049763,111.80994858049763,111.80994858049763,111.80994858049763,111.80994858049763,111.80994858049763,111.80994858049763,111.80994858049763,111.80994858049763,111.80994858049763
109.87387942723781,109.87387942723781,109.87387942723781,109.87387942723781,109.87387942723781,109.87387942723781,109.87387942723781,109.87387942723781,109.87387942723781,109.87387942723781,109.87387942723781,109.87387942723781,109.87387942723781,109.87387942723781,109.87387942723781,109.87387942723781,109.87387942723781,109.87387942723781,109.87387942723781,109.87387942723781
108.44990289073013,108.44990289073013,108.44990289073013,108.44990289073013,108.44990289073013,108.44990289073013,108.44990289073013,108.44990289073013,108.44990289073013,108.44990289073013,108.44990289073013,108.44990289073013,108.44990289073013,108.44990289073013,108.44990289073013,108.44990289073013,108.44990289073013,108.44990289073013,108.44990289073013,108.44990289073013
107.46624676390776,107.46624676390776,107.46624676390776,107.46624676390776,107.46624676390776,107.46624676390776,107.46624676390776,107.46624676390776,107.46624676390776,107.46624676390776,107.46624676390776,107.46624676390776,107.46624676390776,107.46624676390776,107.46624676390776,107.46624676390776,107.46624676390776,107.46624676390776,107.46624676390776,107.46624676390776
105.50291868253812,105.50291868253812,105.50291868253812,105.50291868253812,105.50291868253812,105.50291868253812,105.50291868253812,105.50291868253812,105.50291868253812,105.50291868253812,105.50291868253812,105.50291868253812,105.50291868253812,105.50291868253812,105.50291868253812,105.50291868253812,105.50291868253812,105.50291868253812,105.50291868253812,105.50291868253812
102.84921019829945,102.84921019829945,102.84921019829945,102.84921019829945,102.84921019829945,102.84921019829945,102.84921019829945,102.84921019829945,102.84921019829945,102.84921019829945,102.84921019829945,102.84921019829945,102.84921019829945,102.84921019829945,102.84921019829945,102.84921019829945,102.84921019829945,102.84921019829945,102.84921019829945,102.84921019829945
102.06185017570164,102.06185017570164,102.06185017570164,102.06185017570164,102.06185017570164,102.06185017570164,102.06185017570164,102.06185017570164,102.06185017570164,102.06185017570164,102.06185017570164,102.06185017570164,102.06185017570164,102.06185017570164,102.06185017570164,102.06185017570164,102.06185017570164,102.06185017570164,102.06185017570164,102.06185017570164
100.86803136830673,100.86803136830673,100.86803136830673,100.86803136830673,100.86803136830673,100.86803136830673,100.86803136830673,100.86803136830673,100.86803136830673,100.86803136830673,100.86803136830673,100.86803136830673,100.86803136830673,100.86803136830673,100.86803136830673,100.86803136830673,100.86803136830673,100.86803136830673,100.86803136830673,100.86803136830673
99.96603960601776,99.96603960601776,99.96603960601776,99.96603960601776,99.96603960601776,99.96603960601776,99.96603960601776,99.96603960601776,99.96603960601776,99.96603960601776,99.96603960601776,99.96603960601776,99.96603960601776,99.96603960601776,99.96603960601776,99.96603960601776,99.96603960601776,99.96603960601776,99.96603960601776,99.96603960601776
99.80662130236203,99.80662130236203,99.80662130236203,99.80662130236203,99.80662130236203,99.80662130236203,99.80662130236203,99.80662130236203,99.80662130236203,99.80662130236203,99.80662130236203,99.80662130236203,99.80662130236203,99.80662130236203,99.80662130236203,99.80662130236203,99.80662130236203,99.80662130236203,99.80662130236203,99.80662130236203
100.45307941516174,100.45307941516174,100.45307941516174,100.45307941516174,100.45307941516174,100.45307941516174,100.45307941516174,100.45307941516174,100.45307941516174,100.45307941516174,100.45307941516174,100.45307941516174,100.45307941516174,100.45307941516174,100.45307941516174,100.45307941516174,100.45307941516174,100.45307941516174,100.45307941516174,100.45307941516174
100.63232150529993,100.63232150529993,100.63232150529993,100.63232150529993,100.63232150529993,100.63232150529993,100.63232150529993,100.63232150529993,100.63232150529993,100.63232150529993,100.63232150529993,100.63232150529993,100.63232150529993,100.63232150529993,100.63232150529993,100.63232150529993,100.63232150529993,100.63232150529993,100.63232150529993,100.63232150529993
100.60165332310577,100.60165332310577,100.60165332310577,100.60165332310577,100.60165332310577,100.60165332310577,100.60165332310577,100.60165332310577,100.60165332310577,100.60165332310577,100.60165332310577,100.60165332310577,100.60165332310577,100.60165332310577,100.60165332310577,100.60165332310577,100.60165332310577,100.60165332310577,100.60165332310577,100.60165332310577
99.695970889296,99.695970889296,99.695970889296,99.695970889296,99.695970889296,99.695970889296,99.695970889296,99.695970889296,99.695970889296,99.695970889296,99.695970889296,99.695970889296,99.695970889296,99.695970889296,99.695970889296,99.695970889296,99.695970889296,99.695970889296,99.695970889296,99.695970889296
97.9382181915869,97.9382181915869,97.9382181915869,97.9382181915869,97.9382181915869,97.9382181915869,97.9382181915869,97.9382181915869,97.9382181915869,97.9382181915869,97.9382181915869,97.9382181915869,97.9382181915869,97.9382181915869,97.9382181915869,97.9382181915869,97.9382181915869,97.9382181915869,97.9382181915869,97.9382181915869
94.47417895740246,94.47417895740246,94.47417895740246,94.47417895740246,94.47417895740246,94.47417895740246,94.47417895740246,94.47417895740246,94.47417895740246,94.47417895740246,94.47417895740246,94.47417895740246,94.47417895740246,94.47417895740246,94.47417895740246,94.47417895740246,94.47417895740246,94.47417895740246,94.47417895740246,94.47417895740246
89.91695199507433,89.91695199507433,89.91695199507433,89.91695199507433,89.91695199507433,89.91695199507433,89.91695199507433,89.91695199507433,89.91695199507433,89.91695199507433,89.91695199507433,89.91695199507433,89.91695199507433,89.91695199507433,89.91695199507433,89.91695199507433,89.91695199507433,89.91695199507433,89.91695199507433,89.91695199507433
84.38049241123365,84.38049241123365,84.38049241123365,84.38049241123365,84.38049241123365,84.38049241123365,84.38049241123365,84.38049241123365,84.38049241123365,84.38049241123365,84.38049241123365,84.38049241123365,84.38049241123365,84.38049241123365,84.38049241123365,84.38049241123365,84.38049241123365,84.38049241123365,84.38049241123365,84.38049241123365
78.52648550542939,78.52648550542939,78.52648550542939,78.52648550542939,78.52648550542939,78.52648550542939,78.52648550542939,78.52648550542939,78.52648550542939,78.52648550542939,78.52648550542939,78.52648550542939,78.52648550542939,78.52648550542939,78.52648550542939,78.52648550542939,78.52648550542939,78.52648550542939,78.52648550542939,78.52648550542939
73.52737944713239,73.52737944713239,73.52737944713239,73.52737944713239,73.52737944713239,73.52737944713239,73.52737944713239,73.52737944713239,73.52737944713239,73.52737944713239,73.52737944713239,73.52737944713239,73.52737944713239,73.52737944713239,73.52737944713239,73.52737944713239,73.52737944713239,73.52737944713239,73.52737944713239,73.52737944713239
69.16005406078932,69.16005406078932,69.16005406078932,69.16005406078932,69.16005406078932,69.16005406078932,69.16005406078932,69.16005406078932,69.16005406078932,69.16005406078932,69.16005406078932,69.16005406078932,69.16005406078932,69.16005406078932,69.16005406078932,69.16005406078932,69.16005406078932,69.16005406078932,69.16005406078932,69.16005406078932
64.54205011319132,64.54205011319132,64.54205011319132,64.54205011319132,64.54205011319132,64.54205011319132,64.54205011319132,64.54205011319132,64.54205011319132,64.54205011319132,64.54205011319132,64.54205011319132,64.54205011319132,64.54205011319132,64.54205011319132,64.54205011319132,64.54205011319132,64.54205011319132,64.54205011319132,64.54205011319132
62.11519248360792,62.11519248360792,62.11519248360792,62.11519248360792,62.11519248360792,62.11519248360792,62.11519248360792,62.11519248360792,62.11519248360792,62.11519248360792,62.11519248360792,62.11519248360792,62.11519248360792,62.11519248360792,62.11519248360792,62.11519248360792,62.11519248360792,62.11519248360792,62.11519248360792,62.11519248360792
61.13998958687801,61.13998958687801,61.13998958687801,61.13998958687801,61.13998958687801,61.13998958687801,61.13998958687801,61.13998958687801,61.13998958687801,61.13998958687801,61.13998958687801,61.13998958687801,61.13998958687801,61.13998958687801,61.13998958687801,61.13998958687801,61.13998958687801,61.13998958687801,61.13998958687801,61.13998958687801
61.18800623139262,61.18800623139262,61.18800623139262,61.18800623139262,61.18800623139262,61.18800623139262,61.18800623139262,61.18800623139262,61.18800623139262,61.18800623139262,61.18800623139262,61.18800623139262,61.18800623139262,61.18800623139262,61.18800623139262,61.18800623139262,61.18800623139262,61.18800623139262,61.18800623139262,61.18800623139262
62.049306250566644,62.049306250566644,62.049306250566644,62.049306250566644,62.049306250566644,62.049306250566644,62.049306250566644,62.049306250566644,62.049306250566644,62.049306250566644,62.049306250566644,62.049306250566644,62.049306250566644,62.049306250566644,62.049306250566644,62.049306250566644,62.049306250566644,62.049306250566644,62.049306250566644,62.049306250566644
63.467742482072346,63.467742482072346,63.467742482072346,63.467742482072346,63.467742482072346,63.467742482072346,63.467742482072346,63.467742482072346,63.467742482072346,63.467742482072346,63.467742482072346,63.467742482072346,63.467742482072346,63.467742482072346,63.467742482072346,63.467742482072346,63.467742482072346,63.467742482072346,63.467742482072346,63.467742482072346
65.11091366892947,65.11091366892947,65.11091366892947,65.11091366892947,65.11091366892947,65.11091366892947,65.11091366892947,65.11091366892947,65.11091366892947,65.11091366892947,65.11091366892947,65.11091366892947,65.11091366892947,65.11091366892947,65.11091366892947,65.11091366892947,65.11091366892947,65.11091366892947,65.11091366892947,65.11091366892947
66.14211649010151,66.14211649010151,66.14211649010151,66.14211649010151,66.14211649010151,66.14211649010151,66.14211649010151,66.14211649010151,66.14211649010151,66.14211649010151,66.14211649010151,66.14211649010151,66.14211649010151,66.14211649010151,66.14211649010151,66.14211649010151,66.14211649010151,66.14211649010151,66.14211649010151,66.14211649010151
67.01167661169471,67.01167661169471,67.01167661169471,67.01167661169471,67.01167661169471,67.01167661169471,67.01167661169471,67.01167661169471,67.01167661169471,67.01167661169471,67.01167661169471,67.01167661169471,67.01167661169471,67.01167661169471,67.01167661169471,67.01167661169471,67.01167661169471,67.01167661169471,67.01167661169471,67.01167661169471
67.78547512765229,67.78547512765229,67.78547512765229,67.78547512765229,67.78547512765229,67.78547512765229,67.78547512765229,67.78547512765229,67.78547512765229,67.78547512765229,67.78547512765229,67.78547512765229,67.78547512765229,67.78547512765229,67.78547512765229,67.78547512765229,67.78547512765229,67.78547512765229,67.78547512765229,67.78547512765229
67.6488255850839,67.6488255850839,67.6488255850839,67.6488255850839,67.6488255850839,67.6488255850839,67.6488255850839,67.6488255850839,67.6488255850839,67.6488255850839,67.6488255850839,67.6488255850839,67.6488255850839,67.6488255850839,67.6488255850839,67.6488255850839,67.6488255850839,67.6488255850839,67.6488255850839,67.6488255850839
69.76095506519974,69.76095506519974,69.76095506519974,69.76095506519974,69.76095506519974,69.76095506519974,69.76095506519974,69.76095506519974,69.76095506519974,69.76095506519974,69.76095506519974,69.76095506519974,69.76095506519974,69.76095506519974,69.76095506519974,69.76095506519974,69.76095506519974,69.76095506519974,69.76095506519974,69.76095506519974
72.22268179962482,72.22268179962482,72.22268179962482,72.22268179962482,72.22268179962482,72.22268179962482,72.22268179962482,72.22268179962482,72.22268179962482,72.22268179962482,72.22268179962482,72.22268179962482,72.22268179962482,72.22268179962482,72.22268179962482,72.22268179962482,72.22268179962482,72.22268179962482,72.22268179962482,72.22268179962482
73.77555784790917,73.77555784790917,73.77555784790917,73.77555784790917,73.77555784790917,73.77555784790917,73.77555784790917,73.77555784790917,73.77555784790917,73.77555784790917,73.77555784790917,73.77555784790917,73.77555784790917,73.77555784790917,73.77555784790917,73.77555784790917,73.77555784790917,73.77555784790917,73.77555784790917,73.77555784790917
77.48495212357406,77.48495212357406,77.48495212357406,77.48495212357406,77.48495212357406,77.48495212357406,77.48495212357406,77.48495212357406,77.48495212357406,77.48495212357406,77.48495212357406,77.48495212357406,77.48495212357406,77.48495212357406,77.48495212357406,77.48495212357406,77.48495212357406,77.48495212357406,77.48495212357406,77.48495212357406
80.58858184732996,80.58858184732996,80.58858184732996,80.58858184732996,80.58858184732996,80.58858184732996,80.58858184732996,80.58858184732996,80.58858184732996,80.58858184732996,80.58858184732996,80.58858184732996,80.58858184732996,80.58858184732996,80.58858184732996,80.58858184732996,80.58858184732996,80.58858184732996,80.58858184732996,80.58858184732996
82.85005239971085,82.85005239971085,82.85005239971085,82.85005239971085,82.85005239971085,82.85005239971085,82.85005239971085,82.85005239971085,82.85005239971085,82.85005239971085,82.85005239971085,82.85005239971085,82.85005239971085,82.85005239971085,82.85005239971085,82.85005239971085,82.85005239971085,82.85005239971085,82.85005239971085,82.85005239971085
85.06825004479686,85.06825004479686,85.06825004479686,85.06825004479686,85.06825004479686,85.06825004479686,85.06825004479686,85.06825004479686,85.06825004479686,85.06825004479686,85.06825004479686,85.06825004479686,85.06825004479686,85.06825004479686,85.06825004479686,85.06825004479686,85.06825004479686,85.06825004479686,85.06825004479686,85.06825004479686
85.42269286618001,85.42269286618001,85.42269286618001,85.42269286618001,85.42269286618001,85.42269286618001,85.42269286618001,85.42269286618001,85.42269286618001,85.42269286618001,85.42269286618001,85.42269286618001,85.42269286618001,85.42269286618001,85.42269286618001,85.42269286618001,85.42269286618001,85.42269286618001,85.42269286618001,85.42269286618001
84.88043123319623,84.88043123319623,84.88043123319623,84.88043123319623,84.88043123319623,84.88043123319623,84.88043123319623,84.88043123319623,84.88043123319623,84.88043123319623,84.88043123319623,84.88043123319623,84.88043123319623,84.88043123319623,84.88043123319623,84.88043123319623,84.88043123319623,84.88043123319623,84.88043123319623,84.88043123319623
83.38669917099719,83.38669917099719,83.38669917099719,83.38669917099719,83.38669917099719,83.38669917099719,83.38669917099719,83.38669917099719,83.38669917099719,83.38669917099719,83.38669917099719,83.38669917099719,83.38669917099719,83.38669917099719,83.38669917099719,83.38669917099719,83.38669917099719,83.38669917099719,83.38669917099719,83.38669917099719
81.63456898939286,81.63456898939286,81.63456898939286,81.63456898939286,81.63456898939286,81.63456898939286,81.63456898939286,81.63456898939286,81.63456898939286,81.63456898939286,81.63456898939286,81.63456898939286,81.63456898939286,81.63456898939286,81.63456898939286,81.63456898939286,81.63456898939286,81.63456898939286,81.63456898939286,81.63456898939286
80.38501200962908,80.38501200962908,80.38501200962908,80.38501200962908,80.38501200962908,80.38501200962908,80.38501200962908,80.38501200962908,80.38501200962908,80.38501200962908,80.38501200962908,80.38501200962908,80.38501200962908,80.38501200962908,80.38501200962908,80.38501200962908,80.38501200962908,80.38501200962908,80.38501200962908,80.38501200962908
80.54742242624084,80.54742242624084,80.54742242624084,80.54742242624084,80.54742242624084,80.54742242624084,80.54742242624084,80.54742242624084,80.54742242624084,80.54742242624084,80.54742242624084,80.54742242624084,80.54742242624084,80.54742242624084,80.54742242624084,80.54742242624084,80.54742242624084,80.54742242624084,80.54742242624084,80.54742242624084
80.23487298022658,80.23487298022658,80.23487298022658,80.23487298022658,80.23487298022658,80.23487298022658,80.23487298022658,80.23487298022658,80.23487298022658,80.23487298022658,80.23487298022658,80.23487298022658,80.23487298022658,80.23487298022658,80.23487298022658,80.23487298022658,80.23487298022658,80.23487298022658,80.23487298022658,80.23487298022658
82.48038479887083,82.48038479887083,82.48038479887083,82.48038479887083,82.48038479887083,82.48038479887083,82.48038479887083,82.48038479887083,82.48038479887083,82.48038479887083,82.48038479887083,82.48038479887083,82.48038479887083,82.48038479887083,82.48038479887083,82.48038479887083,82.48038479887083,82.48038479887083,82.48038479887083,82.48038479887083
84.65264473164841,84.65264473164841,84.65264473164841,84.65264473164841,84.65264473164841,84.65264473164841,84.65264473164841,84.65264473164841,84.65264473164841,84.65264473164841,84.65264473164841,84.65264473164841,84.65264473164841,84.65264473164841,84.65264473164841,84.65264473164841,84.65264473164841,84.65264473164841,84.65264473164841,84.65264473164841
86.27799336378077,86.27799336378077,86.27799336378077,86.27799336378077,86.27799336378077,86.27799336378077,86.27799336378077,86.27799336378077,86.27799336378077,86.27799336378077,86.27799336378077,86.27799336378077,86.27799336378077,86.27799336378077,86.27799336378077,86.27799336378077,86.27799336378077,86.27799336378077,86.27799336378077,86.27799336378077
87.26262706378645,87.26262706378645,87.26262706378645,87.26262706378645,87.26262706378645,87.26262706378645,87.26262706378645,87.26262706378645,87.26262706378645,87.26262706378645,87.26262706378645,87.26262706378645,87.26262706378645,87.26262706378645,87.26262706378645,87.26262706378645,87.26262706378645,87.26262706378645,87.26262706378645,87.26262706378645
87.91908124605996,87.91908124605996,87.91908124605996,87.91908124605996,87.91908124605996,87.91908124605996,87.91908124605996,87.91908124605996,87.91908124605996,87.91908124605996,87.91908124605996,87.91908124605996,87.91908124605996,87.91908124605996,87.91908124605996,87.91908124605996,87.91908124605996,87.91908124605996,87.91908124605996,87.91908124605996
88.13647471373844,88.13647471373844,88.13647471373844,88.13647471373844,88.13647471373844,88.13647471373844,88.13647471373844,88.13647471373844,88.13647471373844,88.13647471373844,88.13647471373844,88.13647471373844,88.13647471373844,88.13647471373844,88.13647471373844,88.13647471373844,88.13647471373844,88.13647471373844,88.13647471373844,88.13647471373844
88.69588782300934,88.69588782300934,88.69588782300934,88.69588782300934,88.69588782300934,88.69588782300934,88.69588782300934,88.69588782300934,88.69588782300934,88.69588782300934,88.69588782300934,88.69588782300934,88.69588782300934,88.69588782300934,88.69588782300934,88.69588782300934,88.69588782300934,88.69588782300934,88.69588782300934,88.69588782300934
88.76681799034975,88.76681799034975,88.76681799034975,88.76681799034975,88.76681799034975,88.76681799034975,88.76681799034975,88.76681799034975,88.76681799034975,88.76681799034975,88.76681799034975,88.76681799034975,88.76681799034975,88.76681799034975,88.76681799034975,88.76681799034975,88.76681799034975,88.76681799034975,88.76681799034975,88.76681799034975
89.6328562469172,89.6328562469172,89.6328562469172,89.6328562469172,89.6328562469172,89.6328562469172,89.6328562469172,89.6328562469172,89.6328562469172,89.6328562469172,89.6328562469172,89.6328562469172,89.6328562469172,89.6328562469172,89.6328562469172,89.6328562469172,89.6328562469172,89.6328562469172,89.6328562469172,89.6328562469172
90.84646892049122,90.84646892049122,90.84646892049122,90.84646892049122,90.84646892049122,90.84646892049122,90.84646892049122,90.84646892049122,90.84646892049122,90.84646892049122,90.84646892049122,90.84646892049122,90.84646892049122,90.84646892049122,90.84646892049122,90.84646892049122,90.84646892049122,90.84646892049122,90.84646892049122,90.84646892049122
90.98042232798001,90.98042232798001,90.98042232798001,90.98042232798001,90.98042232798001,90.98042232798001,90.98042232798001,90.98042232798001,90.98042232798001,90.98042232798001,90.98042232798001,90.98042232798001,90.98042232798001,90.98042232798001,90.98042232798001,90.98042232798001,90.98042232798001,90.98042232798001,90.98042232798001,90.98042232798001
89.82864678012614,89.82864678012614,89.82864678012614,89.82864678012614,89.82864678012614,89.82864678012614,89.82864678012614,89.82864678012614,89.82864678012614,89.82864678012614,89.82864678012614,89.82864678012614,89.82864678012614,89.82864678012614,89.82864678012614,89.82864678012614,89.82864678012614,89.82864678012614,89.82864678012614,89.82864678012614
87.72315449555137,87.72315449555137,87.72315449555137,87.72315449555137,87.72315449555137,87.72315449555137,87.72315449555137,87.72315449555137,87.72315449555137,87.72315449555137,87.72315449555137,87.72315449555137,87.72315449555137,87.72315449555137,87.72315449555137,87.72315449555137,87.72315449555137,87.72315449555137,87.72315449555137,87.72315449555137
86.14199220142422,86.14199220142422,86.14199220142422,86.14199220142422,86.14199220142422,86.14199220142422,86.14199220142422,86.14199220142422,86.14199220142422,86.14199220142422,86.14199220142422,86.14199220142422,86.14199220142422,86.14199220142422,86.14199220142422,86.14199220142422,86.14199220142422,86.14199220142422,86.14199220142422,86.14199220142422
85.74640735669051,85.74640735669051,85.74640735669051,85.74640735669051,85.74640735669051,85.74640735669051,85.74640735669051,85.74640735669051,85.74640735669051,85.74640735669051,85.74640735669051,85.74640735669051,85.74640735669051,85.74640735669051,85.74640735669051,85.74640735669051,85.74640735669051,85.74640735669051,85.74640735669051,85.74640735669051
86.49260914623166,86.49260914623166,86.49260914623166,86.49260914623166,86.49260914623166,86.49260914623166,86.49260914623166,86.49260914623166,86.49260914623166,86.49260914623166,86.49260914623166,86.49260914623166,86.49260914623166,86.49260914623166,86.49260914623166,86.49260914623166,86.49260914623166,86.49260914623166,86.49260914623166,86.49260914623166
91.65759239461664,91.65759239461664,91.65759239461664,91.65759239461664,91.65759239461664,91.65759239461664,91.65759239461664,91.65759239461664,91.65759239461664,91.65759239461664,91.65759239461664,91.65759239461664,91.65759239461664,91.65759239461664,91.65759239461664,91.65759239461664,91.65759239461664,91.65759239461664,91.65759239461664,91.65759239461664
97.48392492395124,97.48392492395124,97.48392492395124,97.48392492395124,97.48392492395124,97.48392492395124,97.48392492395124,97.48392492395124,97.48392492395124,97.48392492395124,97.48392492395124,97.48392492395124,97.48392492395124,97.48392492395124,97.48392492395124,97.48392492395124,97.48392492395124,97.48392492395124,97.48392492395124,97.48392492395124
105.69895370377313,105.69895370377313,105.69895370377313,105.69895370377313,105.69895370377313,105.69895370377313,105.69895370377313,105.69895370377313,105.69895370377313,105.69895370377313,105.69895370377313,105.69895370377313,105.69895370377313,105.69895370377313,105.69895370377313,105.69895370377313,105.69895370377313,105.69895370377313,105.69895370377313,105.69895370377313
113.7097369349597,113.7097369349597,113.7097369349597,113.7097369349597,113.7097369349597,113.7097369349597,113.7097369349597,113.7097369349597,113.7097369349597,113.7097369349597,113.7097369349597,113.7097369349597,113.7097369349597,113.7097369349597,113.7097369349597,113.7097369349597,113.7097369349597,113.7097369349597,113.7097369349597,113.7097369349597
122.90769230718877,122.90769230718877,122.90769230718877,122.90769230718877,122.90769230718877,122.90769230718877,122.90769230718877,122.90769230718877,122.90769230718877,122.90769230718877,122.90769230718877,122.90769230718877,122.90769230718877,122.90769230718877,122.90769230718877,122.90769230718877,122.90769230718877,122.90769230718877,122.90769230718877,122.90769230718877
132.84829651318273,132.84829651318273,132.84829651318273,132.84829651318273,132.84829651318273,132.84829651318273,132.84829651318273,132.84829651318273,132.84829651318273,132.84829651318273,132.84829651318273,132.84829651318273,132.84829651318273,132.84829651318273,132.84829651318273,132.84829651318273,132.84829651318273,132.84829651318273,132.84829651318273,132.84829651318273
142.49770847000238,142.49770847000238,142.49770847000238,142.49770847000238,142.49770847000238,142.49770847000238,142.49770847000238,142.49770847000238,142.49770847000238,142.49770847000238,142.49770847000238,142.49770847000238,142.49770847000238,142.49770847000238,142.49770847000238,142.49770847000238,142.49770847000238,142.49770847000238,142.49770847000238,142.49770847000238
150.85311709493683,150.85311709493683,150.85311709493683,150.85311709493683,150.85311709493683,150.85311709493683,150.85311709493683,150.85311709493683,150.85311709493683,150.85311709493683,150.85311709493683,150.85311709493683,150.85311709493683,150.85311709493683,150.85311709493683,150.85311709493683,150.85311709493683,150.85311709493683,150.85311709493683,150.85311709493683
157.25634066407474,157.25634066407474,157.25634066407474,157.25634066407474,157.25634066407474,157.25634066407474,157.25634066407474,157.25634066407474,157.25634066407474,157.25634066407474,157.25634066407474,157.25634066407474,157.25634066407474,157.25634066407474,157.25634066407474,157.25634066407474,157.25634066407474,157.25634066407474,157.25634066407474,157.25634066407474
159.696644820263,159.696644820263,159.696644820263,159.696644820263,159.696644820263,159.696644820263,159.696644820263,159.696644820263,159.696644820263,159.696644820263,159.696644820263,159.696644820263,159.696644820263,159.696644820263,159.696644820263,159.696644820263,159.696644820263,159.696644820263,159.696644820263,159.696644820263
155.38043379118014,155.38043379118014,155.38043379118014,155.38043379118014,155.38043379118014,155.38043379118014,155.38043379118014,155.38043379118014,155.38043379118014,155.38043379118014,155.38043379118014,155.38043379118014,155.38043379118014,155.38043379118014,155.38043379118014,155.38043379118014,155.38043379118014,155.38043379118014,155.38043379118014,155.38043379118014
146.70288606211932,146.70288606211932,146.70288606211932,146.70288606211932,146.70288606211932,146.70288606211932,146.70288606211932,146.70288606211932,146.70288606211932,146.70288606211932,146.70288606211932,146.70288606211932,146.70288606211932,146.70288606211932,146.70288606211932,146.70288606211932,146.70288606211932,146.70288606211932,146.70288606211932,146.70288606211932
135.1903323731119,135.1903323731119,135.1903323731119,135.1903323731119,135.1903323731119,135.1903323731119,135.1903323731119,135.1903323731119,135.1903323731119,135.1903323731119,135.1903323731119,135.1903323731119,135.1903323731119,135.1903323731119,135.1903323731119,135.1903323731119,135.1903323731119,135.1903323731119,135.1903323731119,135.1903323731119
126.67620681930121,126.67620681930121,126.67620681930121,126.67620681930121,126.67620681930121,126.67620681930121,126.67620681930121,126.67620681930121,126.67620681930121,126.67620681930121,126.67620681930121,126.67620681930121,126.67620681930121,126.67620681930121,126.67620681930121,126.67620681930121,126.67620681930121,126.67620681930121,126.67620681930121,126.67620681930121
121.26904340951262,121.26904340951262,121.26904340951262,121.26904340951262,121.26904340951262,121.26904340951262,121.26904340951262,121.26904340951262,121.26904340951262,121.26904340951262,121.26904340951262,121.26904340951262,121.26904340951262,121.26904340951262,121.26904340951262,121.26904340951262,121.26904340951262,121.26904340951262,121.26904340951262,121.26904340951262
122.31724773408513,122.31724773408513,122.31724773408513,122.31724773408513,122.31724773408513,122.31724773408513,122.31724773408513,122.31724773408513,122.31724773408513,122.31724773408513,122.31724773408513,122.31724773408513,122.31724773408513,122.31724773408513,122.31724773408513,122.31724773408513,122.31724773408513,122.31724773408513,122.31724773408513,122.31724773408513
128.7140273160455,128.7140273160455,128.7140273160455,128.7140273160455,128.7140273160455,128.7140273160455,128.7140273160455,128.7140273160455,128.7140273160455,128.7140273160455,128.7140273160455,128.7140273160455,128.7140273160455,128.7140273160455,128.7140273160455,128.7140273160455,128.7140273160455,128.7140273160455,128.7140273160455,128.7140273160455
139.36298968464527,139.36298968464527,139.36298968464527,139.36298968464527,139.36298968464527,139.36298968464527,139.36298968464527,139.36298968464527,139.36298968464527,139.36298968464527,139.36298968464527,139.36298968464527,139.36298968464527,139.36298968464527,139.36298968464527,139.36298968464527,139.36298968464527,139.36298968464527,139.36298968464527,139.36298968464527
150.44632361976554,150.44632361976554,150.44632361976554,150.44632361976554,150.44632361976554,150.44632361976554,150.44632361976554,150.44632361976554,150.44632361976554,150.44632361976554,150.44632361976554,150.44632361976554,150.44632361976554,150.44632361976554,150.44632361976554,150.44632361976554,150.44632361976554,150.44632361976554,150.44632361976554,150.44632361976554
160.1711713066508,160.1711713066508,160.1711713066508,160.1711713066508,160.1711713066508,160.1711713066508,160.1711713066508,160.1711713066508,160.1711713066508,160.1711713066508,160.1711713066508,160.1711713066508,160.1711713066508,160.1711713066508,160.1711713066508,160.1711713066508,160.1711713066508,160.1711713066508,160.1711713066508,160.1711713066508
165.8013484837244,165.8013484837244,165.8013484837244,165.8013484837244,165.8013484837244,165.8013484837244,165.8013484837244,165.8013484837244,165.8013484837244,165.8013484837244,165.8013484837244,165.8013484837244,165.8013484837244,165.8013484837244,165.8013484837244,165.8013484837244,165.8013484837244,165.8013484837244,165.8013484837244,165.8013484837244
166.9372185604975,166.9372185604975,166.9372185604975,166.9372185604975,166.9372185604975,166.9372185604975,166.9372185604975,166.9372185604975,166.9372185604975,166.9372185604975,166.9372185604975,166.9372185604975,166.9372185604975,166.9372185604975,166.9372185604975,166.9372185604975,166.9372185604975,166.9372185604975,166.9372185604975,166.9372185604975
164.75439492180152,164.75439492180152,164.75439492180152,164.75439492180152,164.75439492180152,164.75439492180152,164.75439492180152,164.75439492180152,164.75439492180152,164.75439492180152,164.75439492180152,164.75439492180152,164.75439492180152,164.75439492180152,164.75439492180152,164.75439492180152,164.75439492180152,164.75439492180152,164.75439492180152,164.75439492180152
161.30566917570746,161.30566917570746,161.30566917570746,161.30566917570746,161.30566917570746,161.30566917570746,161.30566917570746,161.30566917570746,161.30566917570746,161.30566917570746,161.30566917570746,161.30566917570746,161.30566917570746,161.30566917570746,161.30566917570746,161.30566917570746,161.30566917570746,161.30566917570746,161.30566917570746,161.30566917570746
157.96009080524905,157.96009080524905,157.96009080524905,157.96009080524905,157.96009080524905,157.96009080524905,157.96009080524905,157.96009080524905,157.96009080524905,157.96009080524905,157.96009080524905,157.96009080524905,157.96009080524905,157.96009080524905,157.96009080524905,157.96009080524905,157.96009080524905,157.96009080524905,157.96009080524905,157.96009080524905
157.3198193747672,157.3198193747672,157.3198193747672,157.3198193747672,157.3198193747672,157.3198193747672,157.3198193747672,157.3198193747672,157.3198193747672,157.3198193747672,157.3198193747672,157.3198193747672,157.3198193747672,157.3198193747672,157.3198193747672,157.3198193747672,157.3198193747672,157.3198193747672,157.3198193747672,157.3198193747672
160.15651090356258,160.15651090356258,160.15651090356258,160.15651090356258,160.15651090356258,160.15651090356258,160.15651090356258,160.15651090356258,160.15651090356258,160.15651090356258,160.15651090356258,160.15651090356258,160.15651090356258,160.15651090356258,160.15651090356258,160.15651090356258,160.15651090356258,160.15651090356258,160.15651090356258,160.15651090356258
166.67053281193154,166.67053281193154,166.67053281193154,166.67053281193154,166.67053281193154,166.67053281193154,166.67053281193154,166.67053281193154,166.67053281193154,166.67053281193154,166.67053281193154,166.67053281193154,166.67053281193154,166.67053281193154,166.67053281193154,166.67053281193154,166.67053281193154,166.67053281193154,166.67053281193154,166.67053281193154
176.99171204055887,176.99171204055887,176.99171204055887,176.99171204055887,176.99171204055887,176.99171204055887,176.99171204055887,176.99171204055887,176.99171204055887,176.99171204055887,176.99171204055887,176.99171204055887,176.99171204055887,176.99171204055887,176.99171204055887,176.99171204055887,176.99171204055887,176.99171204055887,176.99171204055887,176.99171204055887
192.11218452224105,192.11218452224105,192.11218452224105,192.11218452224105,192.11218452224105,192.11218452224105,192.11218452224105,192.11218452224105,192.11218452224105,192.11218452224105,192.11218452224105,192.11218452224105,192.11218452224105,192.11218452224105,192.11218452224105,192.11218452224105,192.11218452224105,192.11218452224105,192.11218452224105,192.11218452224105
208.06433042169675,208.06433042169675,208.06433042169675,208.06433042169675,208.06433042169675,208.06433042169675,208.06433042169675,208.06433042169675,208.06433042169675,208.06433042169675,208.06433042169675,208.06433042169675,208.06433042169675,208.06433042169675,208.06433042169675,208.06433042169675,208.06433042169675,208.06433042169675,208.06433042169675,208.06433042169675
226.0756073994036,226.0756073994036,226.0756073994036,226.0756073994036,226.0756073994036,226.0756073994036,226.0756073994036,226.0756073994036,226.0756073994036,226.0756073994036,226.0756073994036,226.0756073994036,226.0756073994036,226.0756073994036,226.0756073994036,226.0756073994036,226.0756073994036,226.0756073994036,226.0756073994036,226.0756073994036
244.2934241906035,244.2934241906035,244.2934241906035,244.2934241906035,244.2934241906035,244.2934241906035,244.2934241906035,244.2934241906035,244.2934241906035,244.2934241906035,244.2934241906035,244.2934241906035,244.2934241906035,244.2934241906035,244.2934241906035,244.2934241906035,244.2934241906035,244.2934241906035,244.2934241906035,244.2934241906035
261.8007650023772,261.8007650023772,261.8007650023772,261.8007650023772,261.8007650023772,261.8007650023772,261.8007650023772,261.8007650023772,261.8007650023772,261.8007650023772,261.8007650023772,261.8007650023772,261.8007650023772,261.8007650023772,261.8007650023772,261.8007650023772,261.8007650023772,261.8007650023772,261.8007650023772,261.8007650023772
278.43464191659706,278.43464191659706,278.43464191659706,278.43464191659706,278.43464191659706,278.43464191659706,278.43464191659706,278.43464191659706,278.43464191659706,278.43464191659706,278.43464191659706,278.43464191659706,278.43464191659706,278.43464191659706,278.43464191659706,278.43464191659706,278.43464191659706,278.43464191659706,278.43464191659706,278.43464191659706
292.1272078361772,292.1272078361772,292.1272078361772,292.1272078361772,292.1272078361772,292.1272078361772,292.1272078361772,292.1272078361772,292.1272078361772,292.1272078361772,292.1272078361772,292.1272078361772,292.1272078361772,292.1272078361772,292.1272078361772,292.1272078361772,292.1272078361772,292.1272078361772,292.1272078361772,292.1272078361772
302.565034009723,302.565034009723,302.565034009723,302.565034009723,302.565034009723,302.565034009723,302.565034009723,302.565034009723,302.565034009723,302.565034009723,302.565034009723,302.565034009723,302.565034009723,302.565034009723,302.565034009723,302.565034009723,302.565034009723,302.565034009723,302.565034009723,302.565034009723
308.14142729853575,308.14142729853575,308.14142729853575,308.14142729853575,308.14142729853575,308.14142729853575,308.14142729853575,308.14142729853575,308.14142729853575,308.14142729853575,308.14142729853575,308.14142729853575,308.14142729853575,308.14142729853575,308.14142729853575,308.14142729853575,308.14142729853575,308.14142729853575,308.14142729853575,308.14142729853575
310.6954908777589,310.6954908777589,310.6954908777589,310.6954908777589,310.6954908777589,310.6954908777589,310.6954908777589,310.6954908777589,310.6954908777589,310.6954908777589,310.6954908777589,310.6954908777589,310.6954908777589,310.6954908777589,310.6954908777589,310.6954908777589,310.6954908777589,310.6954908777589,310.6954908777589,310.6954908777589
309.9855997656575,309.9855997656575,309.9855997656575,309.9855997656575,309.9855997656575,309.9855997656575,309.9855997656575,309.9855997656575,309.9855997656575,309.9855997656575,309.9855997656575,309.9855997656575,309.9855997656575,309.9855997656575,309.9855997656575,309.9855997656575,309.9855997656575,309.9855997656575,309.9855997656575,309.9855997656575
307.1722357415466,307.1722357415466,307.1722357415466,307.1722357415466,307.1722357415466,307.1722357415466,307.1722357415466,307.1722357415466,307.1722357415466,307.1722357415466,307.1722357415466,307.1722357415466,307.1722357415466,307.1722357415466,307.1722357415466,307.1722357415466,307.1722357415466,307.1722357415466,307.1722357415466,307.1722357415466
303.1764910301082,303.1764910301082,303.1764910301082,303.1764910301082,303.1764910301082,303.1764910301082,303.1764910301082,303.1764910301082,303.1764910301082,303.1764910301082,303.1764910301082,303.1764910301082,303.1764910301082,303.1764910301082,303.1764910301082,303.1764910301082,303.1764910301082,303.1764910301082,303.1764910301082,303.1764910301082
298.5870834577396,298.5870834577396,298.5870834577396,298.5870834577396,298.5870834577396,298.5870834577396,298.5870834577396,298.5870834577396,298.5870834577396,298.5870834577396,298.5870834577396,298.5870834577396,298.5870834577396,298.5870834577396,298.5870834577396,298.5870834577396,298.5870834577396,298.5870834577396,298.5870834577396,298.5870834577396
295.2808629571513,295.2808629571513,295.2808629571513,295.2808629571513,295.2808629571513,295.2808629571513,295.2808629571513,295.2808629571513,295.2808629571513,295.2808629571513,295.2808629571513,295.2808629571513,295.2808629571513,295.2808629571513,295.2808629571513,295.2808629571513,295.2808629571513,295.2808629571513,295.2808629571513,295.2808629571513
294.37792325467535,294.37792325467535,294.37792325467535,294.37792325467535,294.37792325467535,294.37792325467535,294.37792325467535,294.37792325467535,294.37792325467535,294.37792325467535,294.37792325467535,294.37792325467535,294.37792325467535,294.37792325467535,294.37792325467535,294.37792325467535,294.37792325467535,294.37792325467535,294.37792325467535,294.37792325467535
297.0467799091651,297.0467799091651,297.0467799091651,297.0467799091651,297.0467799091651,297.0467799091651,297.0467799091651,297.0467799091651,297.0467799091651,297.0467799091651,297.0467799091651,297.0467799091651,297.0467799091651,297.0467799091651,297.0467799091651,297.0467799091651,297.0467799091651,297.0467799091651,297.0467799091651,297.0467799091651
301.2789792127528,301.2789792127528,301.2789792127528,301.2789792127528,301.2789792127528,301.2789792127528,301.2789792127528,301.2789792127528,301.2789792127528,301.2789792127528,301.2789792127528,301.2789792127528,301.2789792127528,301.2789792127528,301.2789792127528,301.2789792127528,301.2789792127528,301.2789792127528,301.2789792127528,301.2789792127528
308.9488797806215,308.9488797806215,308.9488797806215,308.9488797806215,308.9488797806215,308.9488797806215,308.9488797806215,308.9488797806215,308.9488797806215,308.9488797806215,308.9488797806215,308.9488797806215,308.9488797806215,308.9488797806215,308.9488797806215,308.9488797806215,308.9488797806215,308.9488797806215,308.9488797806215,308.9488797806215
320.16030215342545,320.16030215342545,320.16030215342545,320.16030215342545,320.16030215342545,320.16030215342545,320.16030215342545,320.16030215342545,320.16030215342545,320.16030215342545,320.16030215342545,320.16030215342545,320.16030215342545,320.16030215342545,320.16030215342545,320.16030215342545,320.16030215342545,320.16030215342545,320.16030215342545,320.16030215342545
332.336660935704,332.336660935704,332.336660935704,332.336660935704,332.336660935704,332.336660935704,332.336660935704,332.336660935704,332.336660935704,332.336660935704,332.336660935704,332.336660935704,332.336660935704,332.336660935704,332.336660935704,332.336660935704,332.336660935704,332.336660935704,332.336660935704,332.336660935704
341.76186303498247,341.76186303498247,341.76186303498247,341.76186303498247,341.76186303498247,341.76186303498247,341.76186303498247,341.76186303498247,341.76186303498247,341.76186303498247,341.76186303498247,341.76186303498247,341.76186303498247,341.76186303498247,341.76186303498247,341.76186303498247,341.76186303498247,341.76186303498247,341.76186303498247,341.76186303498247
349.0136292079975,349.0136292079975,349.0136292079975,349.0136292079975,349.0136292079975,349.0136292079975,349.0136292079975,349.0136292079975,349.0136292079975,349.0136292079975,349.0136292079975,349.0136292079975,349.0136292079975,349.0136292079975,349.0136292079975,349.0136292079975,349.0136292079975,349.0136292079975,349.0136292079975,349.0136292079975
353.29566010462213,353.29566010462213,353.29566010462213,353.29566010462213,353.29566010462213,353.29566010462213,353.29566010462213,353.29566010462213,353.29566010462213,353.29566010462213,353.29566010462213,353.29566010462213,353.29566010462213,353.29566010462213,353.29566010462213,353.29566010462213,353.29566010462213,353.29566010462213,353.29566010462213,353.29566010462213
352.4406096986396,352.4406096986396,352.4406096986396,352.4406096986396,352.4406096986396,352.4406096986396,352.4406096986396,352.4406096986396,352.4406096986396,352.4406096986396,352.4406096986396,352.4406096986396,352.4406096986396,352.4406096986396,352.4406096986396,352.4406096986396,352.4406096986396,352.4406096986396,352.4406096986396,352.4406096986396
348.18306948171664,348.18306948171664,348.18306948171664,348.18306948171664,348.18306948171664,348.18306948171664,348.18306948171664,348.18306948171664,348.18306948171664,348.18306948171664,348.18306948171664,348.18306948171664,348.18306948171664,348.18306948171664,348.18306948171664,348.18306948171664,348.18306948171664,348.18306948171664,348.18306948171664,348.18306948171664
342.1498443512438,342.1498443512438,342.1498443512438,342.1498443512438,342.1498443512438,342.1498443512438,342.1498443512438,342.1498443512438,342.1498443512438,342.1498443512438,342.1498443512438,342.1498443512438,342.1498443512438,342.1498443512438,342.1498443512438,342.1498443512438,342.1498443512438,342.1498443512438,342.1498443512438,342.1498443512438
337.9437889960012,337.9437889960012,337.9437889960012,337.9437889960012,337.9437889960012,337.9437889960012,337.9437889960012,337.9437889960012,337.9437889960012,337.9437889960012,337.9437889960012,337.9437889960012,337.9437889960012,337.9437889960012,337.9437889960012,337.9437889960012,337.9437889960012,337.9437889960012,337.9437889960012,337.9437889960012
337.34239167517364,337.34239167517364,337.34239167517364,337.34239167517364,337.34239167517364,337.34239167517364,337.34239167517364,337.34239167517364,337.34239167517364,337.34239167517364,337.34239167517364,337.34239167517364,337.34239167517364,337.34239167517364,337.34239167517364,337.34239167517364,337.34239167517364,337.34239167517364,337.34239167517364,337.34239167517364
341.8464913015428,341.8464913015428,341.8464913015428,341.8464913015428,341.8464913015428,341.8464913015428,341.8464913015428,341.8464913015428,341.8464913015428,341.8464913015428,341.8464913015428,341.8464913015428,341.8464913015428,341.8464913015428,341.8464913015428,341.8464913015428,341.8464913015428,341.8464913015428,341.8464913015428,341.8464913015428
353.0395994713486,353.0395994713486,353.0395994713486,353.0395994713486,353.0395994713486,353.0395994713486,353.0395994713486,353.0395994713486,353.0395994713486,353.0395994713486,353.0395994713486,353.0395994713486,353.0395994713486,353.0395994713486,353.0395994713486,353.0395994713486,353.0395994713486,353.0395994713486,353.0395994713486,353.0395994713486
368.61525162866275,368.61525162866275,368.61525162866275,368.61525162866275,368.61525162866275,368.61525162866275,368.61525162866275,368.61525162866275,368.61525162866275,368.61525162866275,368.61525162866275,368.61525162866275,368.61525162866275,368.61525162866275,368.61525162866275,368.61525162866275,368.61525162866275,368.61525162866275,368.61525162866275,368.61525162866275
387.9269703047375,387.9269703047375,387.9269703047375,387.9269703047375,387.9269703047375,387.9269703047375,387.9269703047375,387.9269703047375,387.9269703047375,387.9269703047375,387.9269703047375,387.9269703047375,387.9269703047375,387.9269703047375,387.9269703047375,387.9269703047375,387.9269703047375,387.9269703047375,387.9269703047375,387.9269703047375
407.5276112221957,407.5276112221957,407.5276112221957,407.5276112221957,407.5276112221957,407.5276112221957,407.5276112221957,407.5276112221957,407.5276112221957,407.5276112221957,407.5276112221957,407.5276112221957,407.5276112221957,407.5276112221957,407.5276112221957,407.5276112221957,407.5276112221957,407.5276112221957,407.5276112221957,407.5276112221957
424.9892688003658,424.9892688003658,424.9892688003658,424.9892688003658,424.9892688003658,424.9892688003658,424.9892688003658,424.9892688003658,424.9892688003658,424.9892688003658,424.9892688003658,424.9892688003658,424.9892688003658,424.9892688003658,424.9892688003658,424.9892688003658,424.9892688003658,424.9892688003658,424.9892688003658,424.9892688003658
435.29860155634304,435.29860155634304,435.29860155634304,435.29860155634304,435.29860155634304,435.29860155634304,435.29860155634304,435.29860155634304,435.29860155634304,435.29860155634304,435.29860155634304,435.29860155634304,435.29860155634304,435.29860155634304,435.29860155634304,435.29860155634304,435.29860155634304,435.29860155634304,435.29860155634304,435.29860155634304
438.68530714164297,438.68530714164297,438.68530714164297,438.68530714164297,438.68530714164297,438.68530714164297,438.68530714164297,438.68530714164297,438.68530714164297,438.68530714164297,438.68530714164297,438.68530714164297,438.68530714164297,438.68530714164297,438.68530714164297,438.68530714164297,438.68530714164297,438.68530714164297,438.68530714164297,438.68530714164297
434.85488645989454,434.85488645989454,434.85488645989454,434.85488645989454,434.85488645989454,434.85488645989454,434.85488645989454,434.85488645989454,434.85488645989454,434.85488645989454,434.85488645989454,434.85488645989454,434.85488645989454,434.85488645989454,434.85488645989454,434.85488645989454,434.85488645989454,434.85488645989454,434.85488645989454,434.85488645989454
424.32235457400185,424.32235457400185,424.32235457400185,424.32235457400185,424.32235457400185,424.32235457400185,424.32235457400185,424.32235457400185,424.32235457400185,424.32235457400185,424.32235457400185,424.32235457400185,424.32235457400185,424.32235457400185,424.32235457400185,424.32235457400185,424.32235457400185,424.32235457400185,424.32235457400185,424.32235457400185
408.66109769476174,408.66109769476174,408.66109769476174,408.66109769476174,408.66109769476174,408.66109769476174,408.66109769476174,408.66109769476174,408.66109769476174,408.66109769476174,408.66109769476174,408.66109769476174,408.66109769476174,408.66109769476174,408.66109769476174,408.66109769476174,408.66109769476174,408.66109769476174,408.66109769476174,408.66109769476174
389.6909013855702,389.6909013855702,389.6909013855702,389.6909013855702,389.6909013855702,389.6909013855702,389.6909013855702,389.6909013855702,389.6909013855702,389.6909013855702,389.6909013855702,389.6909013855702,389.6909013855702,389.6909013855702,389.6909013855702,389.6909013855702,389.6909013855702,389.6909013855702,389.6909013855702,389.6909013855702
370.7959337193913,370.7959337193913,370.7959337193913,370.7959337193913,370.7959337193913,370.7959337193913,370.7959337193913,370.7959337193913,370.7959337193913,370.7959337193913,370.7959337193913,370.7959337193913,370.7959337193913,370.7959337193913,370.7959337193913,370.7959337193913,370.7959337193913,370.7959337193913,370.7959337193913,370.7959337193913
353.71066031229725,353.71066031229725,353.71066031229725,353.71066031229725,353.71066031229725,353.71066031229725,353.71066031229725,353.71066031229725,353.71066031229725,353.71066031229725,353.71066031229725,353.71066031229725,353.71066031229725,353.71066031229725,353.71066031229725,353.71066031229725,353.71066031229725,353.71066031229725,353.71066031229725,353.71066031229725
341.2351014605144,341.2351014605144,341.2351014605144,341.2351014605144,341.2351014605144,341.2351014605144,341.2351014605144,341.2351014605144,341.2351014605144,341.2351014605144,341.2351014605144,341.2351014605144,341.2351014605144,341.2351014605144,341.2351014605144,341.2351014605144,341.2351014605144,341.2351014605144,341.2351014605144,341.2351014605144
331.75654247409653,331.75654247409653,331.75654247409653,331.75654247409653,331.75654247409653,331.75654247409653,331.75654247409653,331.75654247409653,331.75654247409653,331.75654247409653,331.75654247409653,331.75654247409653,331.75654247409653,331.75654247409653,331.75654247409653,331.75654247409653,331.75654247409653,331.75654247409653,331.75654247409653,331.75654247409653
324.92385370359057,324.92385370359057,324.92385370359057,324.92385370359057,324.92385370359057,324.92385370359057,324.92385370359057,324.92385370359057,324.92385370359057,324.92385370359057,324.92385370359057,324.92385370359057,324.92385370359057,324.92385370359057,324.92385370359057,324.92385370359057,324.92385370359057,324.92385370359057,324.92385370359057,324.92385370359057
318.37073546532315,318.37073546532315,318.37073546532315,318.37073546532315,318.37073546532315,318.37073546532315,318.37073546532315,318.37073546532315,318.37073546532315,318.37073546532315,318.37073546532315,318.37073546532315,318.37073546532315,318.37073546532315,318.37073546532315,318.37073546532315,318.37073546532315,318.37073546532315,318.37073546532315,318.37073546532315
309.9628319668686,309.9628319668686,309.9628319668686,309.9628319668686,309.9628319668686,309.9628319668686,309.9628319668686,309.9628319668686,309.9628319668686,309.9628319668686,309.9628319668686,309.9628319668686,309.9628319668686,309.9628319668686,309.9628319668686,309.9628319668686,309.9628319668686,309.9628319668686,309.9628319668686,309.9628319668686
299.90744961699374,299.90744961699374,299.90744961699374,299.90744961699374,299.90744961699374,299.90744961699374,299.90744961699374,299.90744961699374,299.90744961699374,299.90744961699374,299.90744961699374,299.90744961699374,299.90744961699374,299.90744961699374,299.90744961699374,299.90744961699374,299.90744961699374,299.90744961699374,299.90744961699374,299.90744961699374
287.2924634917207,287.2924634917207,287.2924634917207,287.2924634917207,287.2924634917207,287.2924634917207,287.2924634917207,287.2924634917207,287.2924634917207,287.2924634917207,287.2924634917207,287.2924634917207,287.2924634917207,287.2924634917207,287.2924634917207,287.2924634917207,287.2924634917207,287.2924634917207,287.2924634917207,287.2924634917207
271.40655333320933,271.40655333320933,271.40655333320933,271.40655333320933,271.40655333320933,271.40655333320933,271.40655333320933,271.40655333320933,271.40655333320933,271.40655333320933,271.40655333320933,271.40655333320933,271.40655333320933,271.40655333320933,271.40655333320933,271.40655333320933,271.40655333320933,271.40655333320933,271.40655333320933,271.40655333320933
257.36488941523805,257.36488941523805,257.36488941523805,257.36488941523805,257.36488941523805,257.36488941523805,257.36488941523805,257.36488941523805,257.36488941523805,257.36488941523805,257.36488941523805,257.36488941523805,257.36488941523805,257.36488941523805,257.36488941523805,257.36488941523805,257.36488941523805,257.36488941523805,257.36488941523805,257.36488941523805
245.22908595739287,245.22908595739287,245.22908595739287,245.22908595739287,245.22908595739287,245.22908595739287,245.22908595739287,245.22908595739287,245.22908595739287,245.22908595739287,245.22908595739287,245.22908595739287,245.22908595739287,245.22908595739287,245.22908595739287,245.22908595739287,245.22908595739287,245.22908595739287,245.22908595739287,245.22908595739287
238.33511984448918,238.33511984448918,238.33511984448918,238.33511984448918,238.33511984448918,238.33511984448918,238.33511984448918,238.33511984448918,238.33511984448918,238.33511984448918,238.33511984448918,238.33511984448918,238.33511984448918,238.33511984448918,238.33511984448918,238.33511984448918,238.33511984448918,238.33511984448918,238.33511984448918,238.33511984448918
233.27219157741948,233.27219157741948,233.27219157741948,233.27219157741948,233.27219157741948,233.27219157741948,233.27219157741948,233.27219157741948,233.27219157741948,233.27219157741948,233.27219157741948,233.27219157741948,233.27219157741948,233.27219157741948,233.27219157741948,233.27219157741948,233.27219157741948,233.27219157741948,233.27219157741948,233.27219157741948
231.6757385224402,231.6757385224402,231.6757385224402,231.6757385224402,231.6757385224402,231.6757385224402,231.6757385224402,231.6757385224402,231.6757385224402,231.6757385224402,231.6757385224402,231.6757385224402,231.6757385224402,231.6757385224402,231.6757385224402,231.6757385224402,231.6757385224402,231.6757385224402,231.6757385224402,231.6757385224402
231.98366884607498,231.98366884607498,231.98366884607498,231.98366884607498,231.98366884607498,231.98366884607498,231.98366884607498,231.98366884607498,231.98366884607498,231.98366884607498,231.98366884607498,231.98366884607498,231.98366884607498,231.98366884607498,231.98366884607498,231.98366884607498,231.98366884607498,231.98366884607498,231.98366884607498,231.98366884607498
231.927539107862,231.927539107862,231.927539107862,231.927539107862,231.927539107862,231.927539107862,231.927539107862,231.927539107862,231.927539107862,231.927539107862,231.927539107862,231.927539107862,231.927539107862,231.927539107862,231.927539107862,231.927539107862,231.927539107862,231.927539107862,231.927539107862,231.927539107862
233.9919785179468,233.9919785179468,233.9919785179468,233.9919785179468,233.9919785179468,233.9919785179468,233.9919785179468,233.9919785179468,233.9919785179468,233.9919785179468,233.9919785179468,233.9919785179468,233.9919785179468,233.9919785179468,233.9919785179468,233.9919785179468,233.9919785179468,233.9919785179468,233.9919785179468,233.9919785179468
237.54199019741807,237.54199019741807,237.54199019741807,237.54199019741807,237.54199019741807,237.54199019741807,237.54199019741807,237.54199019741807,237.54199019741807,237.54199019741807,237.54199019741807,237.54199019741807,237.54199019741807,237.54199019741807,237.54199019741807,237.54199019741807,237.54199019741807,237.54199019741807,237.54199019741807,237.54199019741807
246.87990726896342,246.87990726896342,246.87990726896342,246.87990726896342,246.87990726896342,246.87990726896342,246.87990726896342,246.87990726896342,246.87990726896342,246.87990726896342,246.87990726896342,246.87990726896342,246.87990726896342,246.87990726896342,246.87990726896342,246.87990726896342,246.87990726896342,246.87990726896342,246.87990726896342,246.87990726896342
262.9720687177051,262.9720687177051,262.9720687177051,262.9720687177051,262.9720687177051,262.9720687177051,262.9720687177051,262.9720687177051,262.9720687177051,262.9720687177051,262.9720687177051,262.9720687177051,262.9720687177051,262.9720687177051,262.9720687177051,262.9720687177051,262.9720687177051,262.9720687177051,262.9720687177051,262.9720687177051
285.747918270248,285.747918270248,285.747918270248,285.747918270248,285.747918270248,285.747918270248,285.747918270248,285.747918270248,285.747918270248,285.747918270248,285.747918270248,285.747918270248,285.747918270248,285.747918270248,285.747918270248,285.747918270248,285.747918270248,285.747918270248,285.747918270248,285.747918270248
315.0805930909613,315.0805930909613,315.0805930909613,315.0805930909613,315.0805930909613,315.0805930909613,315.0805930909613,315.0805930909613,315.0805930909613,315.0805930909613,315.0805930909613,315.0805930909613,315.0805930909613,315.0805930909613,315.0805930909613,315.0805930909613,315.0805930909613,315.0805930909613,315.0805930909613,315.0805930909613
346.9894456983969,346.9894456983969,346.9894456983969,346.9894456983969,346.9894456983969,346.9894456983969,346.9894456983969,346.9894456983969,346.9894456983969,346.9894456983969,346.9894456983969,346.9894456983969,346.9894456983969,346.9894456983969,346.9894456983969,346.9894456983969,346.9894456983969,346.9894456983969,346.9894456983969,346.9894456983969
377.3609981832939,377.3609981832939,377.3609981832939,377.3609981832939,377.3609981832939,377.3609981832939,377.3609981832939,377.3609981832939,377.3609981832939,377.3609981832939,377.3609981832939,377.3609981832939,377.3609981832939,377.3609981832939,377.3609981832939,377.3609981832939,377.3609981832939,377.3609981832939,377.3609981832939,377.3609981832939
402.4900179545159,402.4900179545159,402.4900179545159,402.4900179545159,402.4900179545159,402.4900179545159,402.4900179545159,402.4900179545159,402.4900179545159,402.4900179545159,402.4900179545159,402.4900179545159,402.4900179545159,402.4900179545159,402.4900179545159,402.4900179545159,402.4900179545159,402.4900179545159,402.4900179545159,402.4900179545159
419.63963979660775,419.63963979660775,419.63963979660775,419.63963979660775,419.63963979660775,419.63963979660775,419.63963979660775,419.63963979660775,419.63963979660775,419.63963979660775,419.63963979660775,419.63963979660775,419.63963979660775,419.63963979660775,419.63963979660775,419.63963979660775,419.63963979660775,419.63963979660775,419.63963979660775,419.63963979660775
426.39142571112313,426.39142571112313,426.39142571112313,426.39142571112313,426.39142571112313,426.39142571112313,426.39142571112313,426.39142571112313,426.39142571112313,426.39142571112313,426.39142571112313,426.39142571112313,426.39142571112313,426.39142571112313,426.39142571112313,426.39142571112313,426.39142571112313,426.39142571112313,426.39142571112313,426.39142571112313
423.264373257337,423.264373257337,423.264373257337,423.264373257337,423.264373257337,423.264373257337,423.264373257337,423.264373257337,423.264373257337,423.264373257337,423.264373257337,423.264373257337,423.264373257337,423.264373257337,423.264373257337,423.264373257337,423.264373257337,423.264373257337,423.264373257337,423.264373257337
411.24079430187675,411.24079430187675,411.24079430187675,411.24079430187675,411.24079430187675,411.24079430187675,411.24079430187675,411.24079430187675,411.24079430187675,411.24079430187675,411.24079430187675,411.24079430187675,411.24079430187675,411.24079430187675,411.24079430187675,411.24079430187675,411.24079430187675,411.24079430187675,411.24079430187675,411.24079430187675
392.3007227114771,392.3007227114771,392.3007227114771,392.3007227114771,392.3007227114771,392.3007227114771,392.3007227114771,392.3007227114771,392.3007227114771,392.3007227114771,392.3007227114771,392.3007227114771,392.3007227114771,392.3007227114771,392.3007227114771,392.3007227114771,392.3007227114771,392.3007227114771,392.3007227114771,392.3007227114771
365.75205784615963,365.75205784615963,365.75205784615963,365.75205784615963,365.75205784615963,365.75205784615963,365.75205784615963,365.75205784615963,365.75205784615963,365.75205784615963,365.75205784615963,365.75205784615963,365.75205784615963,365.75205784615963,365.75205784615963,365.75205784615963,365.75205784615963,365.75205784615963,365.75205784615963,365.75205784615963
334.31033485212413,334.31033485212413,334.31033485212413,334.31033485212413,334.31033485212413,334.31033485212413,334.31033485212413,334.31033485212413,334.31033485212413,334.31033485212413,334.31033485212413,334.31033485212413,334.31033485212413,334.31033485212413,334.31033485212413,334.31033485212413,334.31033485212413,334.31033485212413,334.31033485212413,334.31033485212413
302.9268012663588,302.9268012663588,302.9268012663588,302.9268012663588,302.9268012663588,302.9268012663588,302.9268012663588,302.9268012663588,302.9268012663588,302.9268012663588,302.9268012663588,302.9268012663588,302.9268012663588,302.9268012663588,302.9268012663588,302.9268012663588,302.9268012663588,302.9268012663588,302.9268012663588,302.9268012663588
275.60906724228056,275.60906724228056,275.60906724228056,275.60906724228056,275.60906724228056,275.60906724228056,275.60906724228056,275.60906724228056,275.60906724228056,275.60906724228056,275.60906724228056,275.60906724228056,275.60906724228056,275.60906724228056,275.60906724228056,275.60906724228056,275.60906724228056,275.60906724228056,275.60906724228056,275.60906724228056
257.0933972110519,257.0933972110519,257.0933972110519,257.0933972110519,257.0933972110519,257.0933972110519,257.0933972110519,257.0933972110519,257.0933972110519,257.0933972110519,257.0933972110519,257.0933972110519,257.0933972110519,257.0933972110519,257.0933972110519,257.0933972110519,257.0933972110519,257.0933972110519,257.0933972110519,257.0933972110519
249.11000531107337,249.11000531107337,249.11000531107337,249.11000531107337,249.11000531107337,249.11000531107337,249.11000531107337,249.11000531107337,249.11000531107337,249.11000531107337,249.11000531107337,249.11000531107337,249.11000531107337,249.11000531107337,249.11000531107337,249.11000531107337,249.11000531107337,249.11000531107337,249.11000531107337,249.11000531107337
255.88263840982975,255.88263840982975,255.88263840982975,255.88263840982975,255.88263840982975,255.88263840982975,255.88263840982975,255.88263840982975,255.88263840982975,255.88263840982975,255.88263840982975,255.88263840982975,255.88263840982975,255.88263840982975,255.88263840982975,255.88263840982975,255.88263840982975,255.88263840982975,255.88263840982975,255.88263840982975
270.97019301046515,270.97019301046515,270.97019301046515,270.97019301046515,270.97019301046515,270.97019301046515,270.97019301046515,270.97019301046515,270.97019301046515,270.97019301046515,270.97019301046515,270.97019301046515,270.97019301046515,270.97019301046515,270.97019301046515,270.97019301046515,270.97019301046515,270.97019301046515,270.97019301046515,270.97019301046515
292.11533181031143,292.11533181031143,292.11533181031143,292.11533181031143,292.11533181031143,292.11533181031143,292.11533181031143,292.11533181031143,292.11533181031143,292.11533181031143,292.11533181031143,292.11533181031143,292.11533181031143,292.11533181031143,292.11533181031143,292.11533181031143,292.11533181031143,292.11533181031143,292.11533181031143,292.11533181031143
313.70273486912674,313.70273486912674,313.70273486912674,313.70273486912674,313.70273486912674,313.70273486912674,313.70273486912674,313.70273486912674,313.70273486912674,313.70273486912674,313.70273486912674,313.70273486912674,313.70273486912674,313.70273486912674,313.70273486912674,313.70273486912674,313.70273486912674,313.70273486912674,313.70273486912674,313.70273486912674
331.4948926340511,331.4948926340511,331.4948926340511,331.4948926340511,331.4948926340511,331.4948926340511,331.4948926340511,331.4948926340511,331.4948926340511,331.4948926340511,331.4948926340511,331.4948926340511,331.4948926340511,331.4948926340511,331.4948926340511,331.4948926340511,331.4948926340511,331.4948926340511,331.4948926340511,331.4948926340511
341.1428359623605,341.1428359623605,341.1428359623605,341.1428359623605,341.1428359623605,341.1428359623605,341.1428359623605,341.1428359623605,341.1428359623605,341.1428359623605,341.1428359623605,341.1428359623605,341.1428359623605,341.1428359623605,341.1428359623605,341.1428359623605,341.1428359623605,341.1428359623605,341.1428359623605,341.1428359623605
345.1314659985165,345.1314659985165,345.1314659985165,345.1314659985165,345.1314659985165,345.1314659985165,345.1314659985165,345.1314659985165,345.1314659985165,345.1314659985165,345.1314659985165,345.1314659985165,345.1314659985165,345.1314659985165,345.1314659985165,345.1314659985165,345.1314659985165,345.1314659985165,345.1314659985165,345.1314659985165
340.4496727197887,340.4496727197887,340.4496727197887,340.4496727197887,340.4496727197887,340.4496727197887,340.4496727197887,340.4496727197887,340.4496727197887,340.4496727197887,340.4496727197887,340.4496727197887,340.4496727197887,340.4496727197887,340.4496727197887,340.4496727197887,340.4496727197887,340.4496727197887,340.4496727197887,340.4496727197887
332.15501962968915,332.15501962968915,332.15501962968915,332.15501962968915,332.15501962968915,332.15501962968915,332.15501962968915,332.15501962968915,332.15501962968915,332.15501962968915,332.15501962968915,332.15501962968915,332.15501962968915,332.15501962968915,332.15501962968915,332.15501962968915,332.15501962968915,332.15501962968915,332.15501962968915,332.15501962968915
322.5810142582998,322.5810142582998,322.5810142582998,322.5810142582998,322.5810142582998,322.5810142582998,322.5810142582998,322.5810142582998,322.5810142582998,322.5810142582998,322.5810142582998,322.5810142582998,322.5810142582998,322.5810142582998,322.5810142582998,322.5810142582998,322.5810142582998,322.5810142582998,322.5810142582998,322.5810142582998
313.75403983213823,313.75403983213823,313.75403983213823,313.75403983213823,313.75403983213823,313.75403983213823,313.75403983213823,313.75403983213823,313.75403983213823,313.75403983213823,313.75403983213823,313.75403983213823,313.75403983213823,313.75403983213823,313.75403983213823,313.75403983213823,313.75403983213823,313.75403983213823,313.75403983213823,313.75403983213823
305.87373571593594,305.87373571593594,305.87373571593594,305.87373571593594,305.87373571593594,305.87373571593594,305.87373571593594,305.87373571593594,305.87373571593594,305.87373571593594,305.87373571593594,305.87373571593594,305.87373571593594,305.87373571593594,305.87373571593594,305.87373571593594,305.87373571593594,305.87373571593594,305.87373571593594,305.87373571593594
301.74669235237207,301.74669235237207,301.74669235237207,301.74669235237207,301.74669235237207,301.74669235237207,301.74669235237207,301.74669235237207,301.74669235237207,301.74669235237207,301.74669235237207,301.74669235237207,301.74669235237207,301.74669235237207,301.74669235237207,301.74669235237207,301.74669235237207,301.74669235237207,301.74669235237207,301.74669235237207
300.13223840681786,300.13223840681786,300.13223840681786,300.13223840681786,300.13223840681786,300.13223840681786,300.13223840681786,300.13223840681786,300.13223840681786,300.13223840681786,300.13223840681786,300.13223840681786,300.13223840681786,300.13223840681786,300.13223840681786,300.13223840681786,300.13223840681786,300.13223840681786,300.13223840681786,300.13223840681786
302.8981253004642,302.8981253004642,302.8981253004642,302.8981253004642,302.8981253004642,302.8981253004642,302.8981253004642,302.8981253004642,302.8981253004642,302.8981253004642,302.8981253004642,302.8981253004642,302.8981253004642,302.8981253004642,302.8981253004642,302.8981253004642,302.8981253004642,302.8981253004642,302.8981253004642,302.8981253004642
307.5671791352851,307.5671791352851,307.5671791352851,307.5671791352851,307.5671791352851,307.5671791352851,307.5671791352851,307.5671791352851,307.5671791352851,307.5671791352851,307.5671791352851,307.5671791352851,307.5671791352851,307.5671791352851,307.5671791352851,307.5671791352851,307.5671791352851,307.5671791352851,307.5671791352851,307.5671791352851
313.5701292032351,313.5701292032351,313.5701292032351,313.5701292032351,313.5701292032351,313.5701292032351,313.5701292032351,313.5701292032351,313.5701292032351,313.5701292032351,313.5701292032351,313.5701292032351,313.5701292032351,313.5701292032351,313.5701292032351,313.5701292032351,313.5701292032351,313.5701292032351,313.5701292032351,313.5701292032351
319.401759903645,319.401759903645,319.401759903645,319.401759903645,319.401759903645,319.401759903645,319.401759903645,319.401759903645,319.401759903645,319.401759903645,319.401759903645,319.401759903645,319.401759903645,319.401759903645,319.401759903645,319.401759903645,319.401759903645,319.401759903645,319.401759903645,319.401759903645
322.6595033303077,322.6595033303077,322.6595033303077,322.6595033303077,322.6595033303077,322.6595033303077,322.6595033303077,322.6595033303077,322.6595033303077,322.6595033303077,322.6595033303077,322.6595033303077,322.6595033303077,322.6595033303077,322.6595033303077,322.6595033303077,322.6595033303077,322.6595033303077,322.6595033303077,322.6595033303077
321.43280552683177,321.43280552683177,321.43280552683177,321.43280552683177,321.43280552683177,321.43280552683177,321.43280552683177,321.43280552683177,321.43280552683177,321.43280552683177,321.43280552683177,321.43280552683177,321.43280552683177,321.43280552683177,321.43280552683177,321.43280552683177,321.43280552683177,321.43280552683177,321.43280552683177,321.43280552683177
312.8649526575905,312.8649526575905,312.8649526575905,312.8649526575905,312.8649526575905,312.8649526575905,312.8649526575905,312.8649526575905,312.8649526575905,312.8649526575905,312.8649526575905,312.8649526575905,312.8649526575905,312.8649526575905,312.8649526575905,312.8649526575905,312.8649526575905,312.8649526575905,312.8649526575905,312.8649526575905
297.12788764441274,297.12788764441274,297.12788764441274,297.12788764441274,297.12788764441274,297.12788764441274,297.12788764441274,297.12788764441274,297.12788764441274,297.12788764441274,297.12788764441274,297.12788764441274,297.12788764441274,297.12788764441274,297.12788764441274,297.12788764441274,297.12788764441274,297.12788764441274,297.12788764441274,297.12788764441274
276.0786445145185,276.0786445145185,276.0786445145185,276.0786445145185,276.0786445145185,276.0786445145185,276.0786445145185,276.0786445145185,276.0786445145185,276.0786445145185,276.0786445145185,276.0786445145185,276.0786445145185,276.0786445145185,276.0786445145185,276.0786445145185,276.0786445145185,276.0786445145185,276.0786445145185,276.0786445145185
252.957460329235,252.957460329235,252.957460329235,252.957460329235,252.957460329235,252.957460329235,252.957460329235,252.957460329235,252.957460329235,252.957460329235,252.957460329235,252.957460329235,252.957460329235,252.957460329235,252.957460329235,252.957460329235,252.957460329235,252.957460329235,252.957460329235,252.957460329235
232.7121477635156,232.7121477635156,232.7121477635156,232.7121477635156,232.7121477635156,232.7121477635156,232.7121477635156,232.7121477635156,232.7121477635156,232.7121477635156,232.7121477635156,232.7121477635156,232.7121477635156,232.7121477635156,232.7121477635156,232.7121477635156,232.7121477635156,232.7121477635156,232.7121477635156,232.7121477635156
220.86463637149393,220.86463637149393,220.86463637149393,220.86463637149393,220.86463637149393,220.86463637149393,220.86463637149393,220.86463637149393,220.86463637149393,220.86463637149393,220.86463637149393,220.86463637149393,220.86463637149393,220.86463637149393,220.86463637149393,220.86463637149393,220.86463637149393,220.86463637149393,220.86463637149393,220.86463637149393
220.36076766659497,220.36076766659497,220.36076766659497,220.36076766659497,220.36076766659497,220.36076766659497,220.36076766659497,220.36076766659497,220.36076766659497,220.36076766659497,220.36076766659497,220.36076766659497,220.36076766659497,220.36076766659497,220.36076766659497,220.36076766659497,220.36076766659497,220.36076766659497,220.36076766659497,220.36076766659497
231.76488861456698,231.76488861456698,231.76488861456698,231.76488861456698,231.76488861456698,231.76488861456698,231.76488861456698,231.76488861456698,231.76488861456698,231.76488861456698,231.76488861456698,231.76488861456698,231.76488861456698,231.76488861456698,231.76488861456698,231.76488861456698,231.76488861456698,231.76488861456698,231.76488861456698,231.76488861456698
254.15048004527839,254.15048004527839,254.15048004527839,254.15048004527839,254.15048004527839,254.15048004527839,254.15048004527839,254.15048004527839,254.15048004527839,254.15048004527839,254.15048004527839,254.15048004527839,254.15048004527839,254.15048004527839,254.15048004527839,254.15048004527839,254.15048004527839,254.15048004527839,254.15048004527839,254.15048004527839
281.2725299292803,281.2725299292803,281.2725299292803,281.2725299292803,281.2725299292803,281.2725299292803,281.2725299292803,281.2725299292803,281.2725299292803,281.2725299292803,281.2725299292803,281.2725299292803,281.2725299292803,281.2725299292803,281.2725299292803,281.2725299292803,281.2725299292803,281.2725299292803,281.2725299292803,281.2725299292803
308.3001087031418,308.3001087031418,308.3001087031418,308.3001087031418,308.3001087031418,308.3001087031418,308.3001087031418,308.3001087031418,308.3001087031418,308.3001087031418,308.3001087031418,308.3001087031418,308.3001087031418,308.3001087031418,308.3001087031418,308.3001087031418,308.3001087031418,308.3001087031418,308.3001087031418,308.3001087031418
328.8178859231785,328.8178859231785,328.8178859231785,328.8178859231785,328.8178859231785,328.8178859231785,328.8178859231785,328.8178859231785,328.8178859231785,328.8178859231785,328.8178859231785,328.8178859231785,328.8178859231785,328.8178859231785,328.8178859231785,328.8178859231785,328.8178859231785,328.8178859231785,328.8178859231785,328.8178859231785
338.38809936296366,338.38809936296366,338.38809936296366,338.38809936296366,338.38809936296366,338.38809936296366,338.38809936296366,338.38809936296366,338.38809936296366,338.38809936296366,338.38809936296366,338.38809936296366,338.38809936296366,338.38809936296366,338.38809936296366,338.38809936296366,338.38809936296366,338.38809936296366,338.38809936296366,338.38809936296366
335.93081363961574,335.93081363961574,335.93081363961574,335.93081363961574,335.93081363961574,335.93081363961574,335.93081363961574,335.93081363961574,335.93081363961574,335.93081363961574,335.93081363961574,335.93081363961574,335.93081363961574,335.93081363961574,335.93081363961574,335.93081363961574,335.93081363961574,335.93081363961574,335.93081363961574,335.93081363961574
321.36112864862577,321.36112864862577,321.36112864862577,321.36112864862577,321.36112864862577,321.36112864862577,321.36112864862577,321.36112864862577,321.36112864862577,321.36112864862577,321.36112864862577,321.36112864862577,321.36112864862577,321.36112864862577,321.36112864862577,321.36112864862577,321.36112864862577,321.36112864862577,321.36112864862577,321.36112864862577
300.3991973444324,300.3991973444324,300.3991973444324,300.3991973444324,300.3991973444324,300.3991973444324,300.3991973444324,300.3991973444324,300.3991973444324,300.3991973444324,300.3991973444324,300.3991973444324,300.3991973444324,300.3991973444324,300.3991973444324,300.3991973444324,300.3991973444324,300.3991973444324,300.3991973444324,300.3991973444324
275.02281447669804,275.02281447669804,275.02281447669804,275.02281447669804,275.02281447669804,275.02281447669804,275.02281447669804,275.02281447669804,275.02281447669804,275.02281447669804,275.02281447669804,275.02281447669804,275.02281447669804,275.02281447669804,275.02281447669804,275.02281447669804,275.02281447669804,275.02281447669804,275.02281447669804,275.02281447669804
250.0517632687156,250.0517632687156,250.0517632687156,250.0517632687156,250.0517632687156,250.0517632687156,250.0517632687156,250.0517632687156,250.0517632687156,250.0517632687156,250.0517632687156,250.0517632687156,250.0517632687156,250.0517632687156,250.0517632687156,250.0517632687156,250.0517632687156,250.0517632687156,250.0517632687156,250.0517632687156
229.9369731544684,229.9369731544684,229.9369731544684,229.9369731544684,229.9369731544684,229.9369731544684,229.9369731544684,229.9369731544684,229.9369731544684,229.9369731544684,229.9369731544684,229.9369731544684,229.9369731544684,229.9369731544684,229.9369731544684,229.9369731544684,229.9369731544684,229.9369731544684,229.9369731544684,229.9369731544684
215.67663953258293,215.67663953258293,215.67663953258293,215.67663953258293,215.67663953258293,215.67663953258293,215.67663953258293,215.67663953258293,215.67663953258293,215.67663953258293,215.67663953258293,215.67663953258293,215.67663953258293,215.67663953258293,215.67663953258293,215.67663953258293,215.67663953258293,215.67663953258293,215.67663953258293,215.67663953258293
208.06371171901836,208.06371171901836,208.06371171901836,208.06371171901836,208.06371171901836,208.06371171901836,208.06371171901836,208.06371171901836,208.06371171901836,208.06371171901836,208.06371171901836,208.06371171901836,208.06371171901836,208.06371171901836,208.06371171901836,208.06371171901836,208.06371171901836,208.06371171901836,208.06371171901836,208.06371171901836
208.44502062144406,208.44502062144406,208.44502062144406,208.44502062144406,208.44502062144406,208.44502062144406,208.44502062144406,208.44502062144406,208.44502062144406,208.44502062144406,208.44502062144406,208.44502062144406,208.44502062144406,208.44502062144406,208.44502062144406,208.44502062144406,208.44502062144406,208.44502062144406,208.44502062144406,208.44502062144406
210.82684054627003,210.82684054627003,210.82684054627003,210.82684054627003,210.82684054627003,210.82684054627003,210.82684054627003,210.82684054627003,210.82684054627003,210.82684054627003,210.82684054627003,210.82684054627003,210.82684054627003,210.82684054627003,210.82684054627003,210.82684054627003,210.82684054627003,210.82684054627003,210.82684054627003,210.82684054627003
216.38883082659663,216.38883082659663,216.38883082659663,216.38883082659663,216.38883082659663,216.38883082659663,216.38883082659663,216.38883082659663,216.38883082659663,216.38883082659663,216.38883082659663,216.38883082659663,216.38883082659663,216.38883082659663,216.38883082659663,216.38883082659663,216.38883082659663,216.38883082659663,216.38883082659663,216.38883082659663
221.44455887846547,221.44455887846547,221.44455887846547,221.44455887846547,221.44455887846547,221.44455887846547,221.44455887846547,221.44455887846547,221.44455887846547,221.44455887846547,221.44455887846547,221.44455887846547,221.44455887846547,221.44455887846547,221.44455887846547,221.44455887846547,221.44455887846547,221.44455887846547,221.44455887846547,221.44455887846547
225.53380455614072,225.53380455614072,225.53380455614072,225.53380455614072,225.53380455614072,225.53380455614072,225.53380455614072,225.53380455614072,225.53380455614072,225.53380455614072,225.53380455614072,225.53380455614072,225.53380455614072,225.53380455614072,225.53380455614072,225.53380455614072,225.53380455614072,225.53380455614072,225.53380455614072,225.53380455614072
227.84382462830354,227.84382462830354,227.84382462830354,227.84382462830354,227.84382462830354,227.84382462830354,227.84382462830354,227.84382462830354,227.84382462830354,227.84382462830354,227.84382462830354,227.84382462830354,227.84382462830354,227.84382462830354,227.84382462830354,227.84382462830354,227.84382462830354,227.84382462830354,227.84382462830354,227.84382462830354
224.4945447449963,224.4945447449963,224.4945447449963,224.4945447449963,224.4945447449963,224.4945447449963,224.4945447449963,224.4945447449963,224.4945447449963,224.4945447449963,224.4945447449963,224.4945447449963,224.4945447449963,224.4945447449963,224.4945447449963,224.4945447449963,224.4945447449963,224.4945447449963,224.4945447449963,224.4945447449963
218.14884791753147,218.14884791753147,218.14884791753147,218.14884791753147,218.14884791753147,218.14884791753147,218.14884791753147,218.14884791753147,218.14884791753147,218.14884791753147,218.14884791753147,218.14884791753147,218.14884791753147,218.14884791753147,218.14884791753147,218.14884791753147,218.14884791753147,218.14884791753147,218.14884791753147,218.14884791753147
207.90756256782066,207.90756256782066,207.90756256782066,207.90756256782066,207.90756256782066,207.90756256782066,207.90756256782066,207.90756256782066,207.90756256782066,207.90756256782066,207.90756256782066,207.90756256782066,207.90756256782066,207.90756256782066,207.90756256782066,207.90756256782066,207.90756256782066,207.90756256782066,207.90756256782066,207.90756256782066
196.07962585128047,196.07962585128047,196.07962585128047,196.07962585128047,196.07962585128047,196.07962585128047,196.07962585128047,196.07962585128047,196.07962585128047,196.07962585128047,196.07962585128047,196.07962585128047,196.07962585128047,196.07962585128047,196.07962585128047,196.07962585128047,196.07962585128047,196.07962585128047,196.07962585128047,196.07962585128047
184.9733556110991,184.9733556110991,184.9733556110991,184.9733556110991,184.9733556110991,184.9733556110991,184.9733556110991,184.9733556110991,184.9733556110991,184.9733556110991,184.9733556110991,184.9733556110991,184.9733556110991,184.9733556110991,184.9733556110991,184.9733556110991,184.9733556110991,184.9733556110991,184.9733556110991,184.9733556110991
176.56069518665095,176.56069518665095,176.56069518665095,176.56069518665095,176.56069518665095,176.56069518665095,176.56069518665095,176.56069518665095,176.56069518665095,176.56069518665095,176.56069518665095,176.56069518665095,176.56069518665095,176.56069518665095,176.56069518665095,176.56069518665095,176.56069518665095,176.56069518665095,176.56069518665095,176.56069518665095
174.10870984665377,174.10870984665377,174.10870984665377,174.10870984665377,174.10870984665377,174.10870984665377,174.10870984665377,174.10870984665377,174.10870984665377,174.10870984665377,174.10870984665377,174.10870984665377,174.10870984665377,174.10870984665377,174.10870984665377,174.10870984665377,174.10870984665377,174.10870984665377,174.10870984665377,174.10870984665377
176.96606960406305,176.96606960406305,176.96606960406305,176.96606960406305,176.96606960406305,176.96606960406305,176.96606960406305,176.96606960406305,176.96606960406305,176.96606960406305,176.96606960406305,176.96606960406305,176.96606960406305,176.96606960406305,176.96606960406305,176.96606960406305,176.96606960406305,176.96606960406305,176.96606960406305,176.96606960406305
182.48792677042402,182.48792677042402,182.48792677042402,182.48792677042402,182.48792677042402,182.48792677042402,182.48792677042402,182.48792677042402,182.48792677042402,182.48792677042402,182.48792677042402,182.48792677042402,182.48792677042402,182.48792677042402,182.48792677042402,182.48792677042402,182.48792677042402,182.48792677042402,182.48792677042402,182.48792677042402
190.447430687894,190.447430687894,190.447430687894,190.447430687894,190.447430687894,190.447430687894,190.447430687894,190.447430687894,190.447430687894,190.447430687894,190.447430687894,190.447430687894,190.447430687894,190.447430687894,190.447430687894,190.447430687894,190.447430687894,190.447430687894,190.447430687894,190.447430687894
195.0295369721944,195.0295369721944,195.0295369721944,195.0295369721944,195.0295369721944,195.0295369721944,195.0295369721944,195.0295369721944,195.0295369721944,195.0295369721944,195.0295369721944,195.0295369721944,195.0295369721944,195.0295369721944,195.0295369721944,195.0295369721944,195.0295369721944,195.0295369721944,195.0295369721944,195.0295369721944
194.40824149553296,194.40824149553296,194.40824149553296,194.40824149553296,194.40824149553296,194.40824149553296,194.40824149553296,194.40824149553296,194.40824149553296,194.40824149553296,194.40824149553296,194.40824149553296,194.40824149553296,194.40824149553296,194.40824149553296,194.40824149553296,194.40824149553296,194.40824149553296,194.40824149553296,194.40824149553296
188.61008827960092,188.61008827960092,188.61008827960092,188.61008827960092,188.61008827960092,188.61008827960092,188.61008827960092,188.61008827960092,188.61008827960092,188.61008827960092,188.61008827960092,188.61008827960092,188.61008827960092,188.61008827960092,188.61008827960092,188.61008827960092,188.61008827960092,188.61008827960092,188.61008827960092,188.61008827960092
177.76919179409674,177.76919179409674,177.76919179409674,177.76919179409674,177.76919179409674,177.76919179409674,177.76919179409674,177.76919179409674,177.76919179409674,177.76919179409674,177.76919179409674,177.76919179409674,177.76919179409674,177.76919179409674,177.76919179409674,177.76919179409674,177.76919179409674,177.76919179409674,177.76919179409674,177.76919179409674
165.13402790149684,165.13402790149684,165.13402790149684,165.13402790149684,165.13402790149684,165.13402790149684,165.13402790149684,165.13402790149684,165.13402790149684,165.13402790149684,165.13402790149684,165.13402790149684,165.13402790149684,165.13402790149684,165.13402790149684,165.13402790149684,165.13402790149684,165.13402790149684,165.13402790149684,165.13402790149684
152.7869643225607,152.7869643225607,152.7869643225607,152.7869643225607,152.7869643225607,152.7869643225607,152.7869643225607,152.7869643225607,152.7869643225607,152.7869643225607,152.7869643225607,152.7869643225607,152.7869643225607,152.7869643225607,152.7869643225607,152.7869643225607,152.7869643225607,152.7869643225607,152.7869643225607,152.7869643225607
144.4283308023756,144.4283308023756,144.4283308023756,144.4283308023756,144.4283308023756,144.4283308023756,144.4283308023756,144.4283308023756,144.4283308023756,144.4283308023756,144.4283308023756,144.4283308023756,144.4283308023756,144.4283308023756,144.4283308023756,144.4283308023756,144.4283308023756,144.4283308023756,144.4283308023756,144.4283308023756
142.51488693772612,142.51488693772612,142.51488693772612,142.51488693772612,142.51488693772612,142.51488693772612,142.51488693772612,142.51488693772612,142.51488693772612,142.51488693772612,142.51488693772612,142.51488693772612,142.51488693772612,142.51488693772612,142.51488693772612,142.51488693772612,142.51488693772612,142.51488693772612,142.51488693772612,142.51488693772612
147.37044903230415,147.37044903230415,147.37044903230415,147.37044903230415,147.37044903230415,147.37044903230415,147.37044903230415,147.37044903230415,147.37044903230415,147.37044903230415,147.37044903230415,147.37044903230415,147.37044903230415,147.37044903230415,147.37044903230415,147.37044903230415,147.37044903230415,147.37044903230415,147.37044903230415,147.37044903230415
158.4142018974261,158.4142018974261,158.4142018974261,158.4142018974261,158.4142018974261,158.4142018974261,158.4142018974261,158.4142018974261,158.4142018974261,158.4142018974261,158.4142018974261,158.4142018974261,158.4142018974261,158.4142018974261,158.4142018974261,158.4142018974261,158.4142018974261,158.4142018974261,158.4142018974261,158.4142018974261
173.59469131617442,173.59469131617442,173.59469131617442,173.59469131617442,173.59469131617442,173.59469131617442,173.59469131617442,173.59469131617442,173.59469131617442,173.59469131617442,173.59469131617442,173.59469131617442,173.59469131617442,173.59469131617442,173.59469131617442,173.59469131617442,173.59469131617442,173.59469131617442,173.59469131617442,173.59469131617442
191.17069654275124,191.17069654275124,191.17069654275124,191.17069654275124,191.17069654275124,191.17069654275124,191.17069654275124,191.17069654275124,191.17069654275124,191.17069654275124,191.17069654275124,191.17069654275124,191.17069654275124,191.17069654275124,191.17069654275124,191.17069654275124,191.17069654275124,191.17069654275124,191.17069654275124,191.17069654275124
205.9568626270965,205.9568626270965,205.9568626270965,205.9568626270965,205.9568626270965,205.9568626270965,205.9568626270965,205.9568626270965,205.9568626270965,205.9568626270965,205.9568626270965,205.9568626270965,205.9568626270965,205.9568626270965,205.9568626270965,205.9568626270965,205.9568626270965,205.9568626270965,205.9568626270965,205.9568626270965
213.86562466325526,213.86562466325526,213.86562466325526,213.86562466325526,213.86562466325526,213.86562466325526,213.86562466325526,213.86562466325526,213.86562466325526,213.86562466325526,213.86562466325526,213.86562466325526,213.86562466325526,213.86562466325526,213.86562466325526,213.86562466325526,213.86562466325526,213.86562466325526,213.86562466325526,213.86562466325526
213.78012723252166,213.78012723252166,213.78012723252166,213.78012723252166,213.78012723252166,213.78012723252166,213.78012723252166,213.78012723252166,213.78012723252166,213.78012723252166,213.78012723252166,213.78012723252166,213.78012723252166,213.78012723252166,213.78012723252166,213.78012723252166,213.78012723252166,213.78012723252166,213.78012723252166,213.78012723252166
205.0349272318167,205.0349272318167,205.0349272318167,205.0349272318167,205.0349272318167,205.0349272318167,205.0349272318167,205.0349272318167,205.0349272318167,205.0349272318167,205.0349272318167,205.0349272318167,205.0349272318167,205.0349272318167,205.0349272318167,205.0349272318167,205.0349272318167,205.0349272318167,205.0349272318167,205.0349272318167
188.1248935369401,188.1248935369401,188.1248935369401,188.1248935369401,188.1248935369401,188.1248935369401,188.1248935369401,188.1248935369401,188.1248935369401,188.1248935369401,188.1248935369401,188.1248935369401,188.1248935369401,188.1248935369401,188.1248935369401,188.1248935369401,188.1248935369401,188.1248935369401,188.1248935369401,188.1248935369401
168.1875382048405,168.1875382048405,168.1875382048405,168.1875382048405,168.1875382048405,168.1875382048405,168.1875382048405,168.1875382048405,168.1875382048405,168.1875382048405,168.1875382048405,168.1875382048405,168.1875382048405,168.1875382048405,168.1875382048405,168.1875382048405,168.1875382048405,168.1875382048405,168.1875382048405,168.1875382048405
148.11189312965593,148.11189312965593,148.11189312965593,148.11189312965593,148.11189312965593,148.11189312965593,148.11189312965593,148.11189312965593,148.11189312965593,148.11189312965593,148.11189312965593,148.11189312965593,148.11189312965593,148.11189312965593,148.11189312965593,148.11189312965593,148.11189312965593,148.11189312965593,148.11189312965593,148.11189312965593
132.65941325425743,132.65941325425743,132.65941325425743,132.65941325425743,132.65941325425743,132.65941325425743,132.65941325425743,132.65941325425743,132.65941325425743,132.65941325425743,132.65941325425743,132.65941325425743,132.65941325425743,132.65941325425743,132.65941325425743,132.65941325425743,132.65941325425743,132.65941325425743,132.65941325425743,132.65941325425743
125.50334543512162,125.50334543512162,125.50334543512162,125.50334543512162,125.50334543512162,125.50334543512162,125.50334543512162,125.50334543512162,125.50334543512162,125.50334543512162,125.50334543512162,125.50334543512162,125.50334543512162,125.50334543512162,125.50334543512162,125.50334543512162,125.50334543512162,125.50334543512162,125.50334543512162,125.50334543512162
125.76405131749955,125.76405131749955,125.76405131749955,125.76405131749955,125.76405131749955,125.76405131749955,125.76405131749955,125.76405131749955,125.76405131749955,125.76405131749955,125.76405131749955,125.76405131749955,125.76405131749955,125.76405131749955,125.76405131749955,125.76405131749955,125.76405131749955,125.76405131749955,125.76405131749955,125.76405131749955
134.4637607848914,134.4637607848914,134.4637607848914,134.4637607848914,134.4637607848914,134.4637607848914,134.4637607848914,134.4637607848914,134.4637607848914,134.4637607848914,134.4637607848914,134.4637607848914,134.4637607848914,134.4637607848914,134.4637607848914,134.4637607848914,134.4637607848914,134.4637607848914,134.4637607848914,134.4637607848914
149.10634090619308,149.10634090619308,149.10634090619308,149.10634090619308,149.10634090619308,149.10634090619308,149.10634090619308,149.10634090619308,149.10634090619308,149.10634090619308,149.10634090619308,149.10634090619308,149.10634090619308,149.10634090619308,149.10634090619308,149.10634090619308,149.10634090619308,149.10634090619308,149.10634090619308,149.10634090619308
166.04301763591906,166.04301763591906,166.04301763591906,166.04301763591906,166.04301763591906,166.04301763591906,166.04301763591906,166.04301763591906,166.04301763591906,166.04301763591906,166.04301763591906,166.04301763591906,166.04301763591906,166.04301763591906,166.04301763591906,166.04301763591906,166.04301763591906,166.04301763591906,166.04301763591906,166.04301763591906
183.65075247896672,183.65075247896672,183.65075247896672,183.65075247896672,183.65075247896672,183.65075247896672,183.65075247896672,183.65075247896672,183.65075247896672,183.65075247896672,183.65075247896672,183.65075247896672,183.65075247896672,183.65075247896672,183.65075247896672,183.65075247896672,183.65075247896672,183.65075247896672,183.65075247896672,183.65075247896672
198.48799105645125,198.48799105645125,198.48799105645125,198.48799105645125,198.48799105645125,198.48799105645125,198.48799105645125,198.48799105645125,198.48799105645125,198.48799105645125,198.48799105645125,198.48799105645125,198.48799105645125,198.48799105645125,198.48799105645125,198.48799105645125,198.48799105645125,198.48799105645125,198.48799105645125,198.48799105645125
208.69042053667246,208.69042053667246,208.69042053667246,208.69042053667246,208.69042053667246,208.69042053667246,208.69042053667246,208.69042053667246,208.69042053667246,208.69042053667246,208.69042053667246,208.69042053667246,208.69042053667246,208.69042053667246,208.69042053667246,208.69042053667246,208.69042053667246,208.69042053667246,208.69042053667246,208.69042053667246
213.4125380583147,213.4125380583147,213.4125380583147,213.4125380583147,213.4125380583147,213.4125380583147,213.4125380583147,213.4125380583147,213.4125380583147,213.4125380583147,213.4125380583147,213.4125380583147,213.4125380583147,213.4125380583147,213.4125380583147,213.4125380583147,213.4125380583147,213.4125380583147,213.4125380583147,213.4125380583147
212.1496794828478,212.1496794828478,212.1496794828478,212.1496794828478,212.1496794828478,212.1496794828478,212.1496794828478,212.1496794828478,212.1496794828478,212.1496794828478,212.1496794828478,212.1496794828478,212.1496794828478,212.1496794828478,212.1496794828478,212.1496794828478,212.1496794828478,212.1496794828478,212.1496794828478,212.1496794828478
206.43515131527454,206.43515131527454,206.43515131527454,206.43515131527454,206.43515131527454,206.43515131527454,206.43515131527454,206.43515131527454,206.43515131527454,206.43515131527454,206.43515131527454,206.43515131527454,206.43515131527454,206.43515131527454,206.43515131527454,206.43515131527454,206.43515131527454,206.43515131527454,206.43515131527454,206.43515131527454
197.72932163160567,197.72932163160567,197.72932163160567,197.72932163160567,197.72932163160567,197.72932163160567,197.72932163160567,197.72932163160567,197.72932163160567,197.72932163160567,197.72932163160567,197.72932163160567,197.72932163160567,197.72932163160567,197.72932163160567,197.72932163160567,197.72932163160567,197.72932163160567,197.72932163160567,197.72932163160567
189.87195119547195,189.87195119547195,189.87195119547195,189.87195119547195,189.87195119547195,189.87195119547195,189.87195119547195,189.87195119547195,189.87195119547195,189.87195119547195,189.87195119547195,189.87195119547195,189.87195119547195,189.87195119547195,189.87195119547195,189.87195119547195,189.87195119547195,189.87195119547195,189.87195119547195,189.87195119547195
