0,1,2,3,4,5,6,7,8,9,10,11,12,13,14,15,16,17,18,19
158.8875000830762,159.72148598139515,159.3192140103179,160.6123164426841,159.5124953222118,159.10001274132807,159.00971017434492,159.07138561252293,160.6412479993154,159.5521759387791,158.83098070954242,159.81138916075471,159.1372611784645,158.43515652808446,159.81744736986582,160.05451734048205,159.32825770679986,158.83828257529518,158.8888929805002,158.0555327366361
140.87682006153793,141.7560912929927,141.5076077872389,142.79309201664697,141.83550421436138,141.59741468878366,141.04865585397886,141.2729370143613,143.3459069198004,141.48098992175113,141.22840918593215,141.8080886352625,141.38767278545347,140.74269859754804,141.4442786972089,142.0241768973379,141.91469090236427,141.14209616679491,141.03911736239613,139.88088295956453
125.32040643179263,126.10752178016172,125.27056639777724,127.0039416668335,125.16100330009542,124.80151326896662,124.9979386287449,125.03350537489648,127.00243082851908,125.70915949746852,125.92774269819363,126.14146640330907,125.75907148702835,124.48869042995717,125.85462429386621,126.5344014851038,125.1740048016795,126.1549044536188,125.72622969959258,124.53944623364964
113.64751887477905,114.2797916439279,115.06236298447466,115.82778180584245,114.88974688305932,114.52763724036956,113.89216500745272,114.91652911749703,115.8292756233013,114.47354787216072,114.58009002076913,114.515487144026,114.44203907017057,113.1615139762071,114.54565446839449,115.17739243300014,114.23838282338392,114.86917753857738,114.50404844195752,112.77547998317247
107.4998496246013,108.90481105155746,108.23664994103058,109.40951804847137,108.75068629263764,108.10397162005084,108.0419367937114,108.13386485750716,110.09279301238196,107.90017891728992,108.17808592292967,108.39736250203256,107.74075170616183,107.3148634522156,108.35846178491293,108.79605656517865,109.35127350176099,108.46495178053043,108.07813033381237,106.63378268833564
108.51989568271173,109.3879819428811,109.17306828417281,110.30839166411093,109.85696051450543,109.25167518683045,109.33926148498891,109.09692395663919,110.75894552397678,109.26557556082996,109.25176922487394,110.0521537032149,108.61202160301687,107.60685568146182,109.23799628869439,109.57653139864219,109.5148879387948,109.9002617843244,108.63311011724157,107.23618046778742
108.52566759354418,108.86648109869735,108.49268972902804,110.46139556894808,109.57966144204788,108.21811766461268,108.44337618344468,108.79919513768067,110.51043379847336,109.17176158164533,109.06748676149437,109.94534879268792,108.535731864481,107.87357772561259,108.8627188546243,110.20738663117525,109.16212650993299,108.46449421630264,108.80285574343006,107.89995266620086
108.63888803128214,109.06883512829722,108.83978877355811,110.43619750663055,109.5204985573623,108.309011830665,108.55953968032965,108.48225402153675,109.51911039180587,108.69133414766874,108.78710805845412,109.71198661856025,108.05105807254746,107.6870038902281,109.15671348368353,109.11691534945565,109.07367630503362,109.33715295958875,108.55642765880266,107.7924251101338
110.56145891551688,111.37667997048209,110.4483854052571,111.73650893818711,111.73397530741407,110.18466158988178,110.4070263495522,110.05567358935875,111.66201099906985,110.02104366773641,110.60578640213996,110.99934400255164,109.90308541906921,109.73604561014473,111.05636050993186,111.7155828964553,110.62760604644654,110.42952422491634,110.67932210183201,108.86737519778613
104.77339893922131,104.97306021740152,105.09611045112841,105.86741363951282,104.96106401471866,104.69057908556483,104.68060227114897,104.98338277589455,106.38458178251742,105.30043153014718,105.10312685045618,105.46479902097244,104.57873762351862,104.26658379486108,105.45035289310552,105.56750156917526,104.79639059776648,104.76931925238277,105.04642001338225,103.33807808211401
97.86109842189504,98.23797164028873,98.84793025252398,99.67086861985264,99.20865080385538,97.8767475269547,98.32789529926433,98.79381275560277,99.73852123089621,98.83228407794539,99.12829035167033,98.61394261016912,98.53189314639593,97.83394369557094,98.93268411442294,99.23003360820435,99.11339142379711,98.50920590953514,98.35816186036142,97.46867376725018
91.43187425183612,91.08239826637515,91.4553912801877,92.30059469715412,92.3919411468505,91.1395479428719,91.2349745312391,91.73617736893556,93.1177995733032,91.9488452457859,91.80317843981037,91.42490571454596,91.45695648373643,91.21329114089586,91.48025264716556,91.96520134628413,92.11842442307159,91.72654220397546,91.82685548295748,90.19126030672116
82.58319024118957,83.08752651652841,83.5097988217075,84.37236105151494,83.84794833067293,82.75262359369756,82.8238350713574,83.24148314903965,84.92511777655986,83.26106638875324,83.5049090726219,83.71543760227036,82.68826210052246,82.6127597713361,82.91627459593084,83.5658163489758,83.59261918775077,83.0221757437559,83.49569745894077,82.08005948411429
77.317649774607,78.74718861614815,78.20585220771079,78.95137146235284,78.49535687197036,77.98589092222542,77.70584318354678,78.02315202026354,79.43490464876612,78.11361433087583,78.49484945560796,77.99622100169483,77.782224340816,77.42709261399852,78.45142266390367,78.71633749630512,78.71370940290952,77.49062288092033,77.89702774371676,76.45954452149442
74.8104814604896,74.81381496607021,74.13055457160678,75.6153464458867,74.95516531547341,74.28190395484359,73.69335459924575,74.44982246056786,76.21932909808389,74.12520182458368,74.0610823198345,75.27974834185424,74.4955151320854,73.76992923241926,74.87908412265033,75.51980081928461,74.95186366601347,74.29751291553195,74.03897860296723,73.31405855314709
77.79588596027617,78.0155471774176,78.6029676210945,79.42353393401694,79.14165325180497,77.93520300654775,78.37274196565177,77.88964705380602,79.72177187936929,78.43325548947294,78.3692255149453,79.2820240472833,78.41392272513724,77.4322212039093,77.73860243388599,79.22533357751362,78.82829726197828,78.10662219450944,78.00599835504734,76.68132725844494
85.0804698625713,85.63193330863281,85.1889893781777,86.5675820363695,85.87514427481864,84.79728160268009,85.42906172350996,85.11973443241962,86.49500504857228,85.54585342997945,85.49945991374642,85.67628103883793,84.86121710752238,85.0623520218551,85.31125605156755,86.23634465481804,85.36932500292995,85.60469119939026,84.85093682200213,83.47349247445933
94.21406873638796,94.07023132367507,95.1984339916589,95.60199457950455,94.6016541135441,93.84264317584001,93.80246018995194,94.49366635871645,95.76891935459551,94.27503490029709,94.04516235576405,95.21433087508534,93.83463909383208,93.57344307811128,94.75755319031227,94.72285227467617,94.60141366135824,94.38968596575897,94.13025976550254,92.99260585626175
102.39361333803004,102.97715538635009,102.66398321037136,103.97628603868273,103.3089174693769,101.99004688682555,102.5074202800318,102.76836203670682,104.1515309663187,103.62061033494874,103.41412512296363,103.26338997861386,103.17680948822921,101.79674422117075,102.9945867003241,103.53124214116029,103.48138668377658,102.51467250275756,102.41424253402371,102.04831249035172
110.60529756155114,111.01156857771971,110.44540076004441,111.88703220713535,111.41084570178248,109.6068956834559,110.32733407944536,110.30069868195898,111.84806669484624,111.10402511810793,111.4153965482979,111.61871075477836,110.34529421221656,110.05621890834375,110.9253144444343,111.21625214009133,111.03838870522982,110.75775810427928,110.83760588015426,109.7091736296993
117.26271189954444,117.81467244786907,117.37623273703029,118.71694956581383,118.70341568167701,117.22259287845056,116.87633975242514,117.51848556343414,119.48767422915428,117.89857489996514,117.29963840705568,117.8175121566437,116.6969909746209,116.39966822337679,117.72506320384514,117.5980005924799,117.49086620265518,116.92436604628472,117.18088087559471,115.42297977185959
115.04874645297846,115.8595776419736,114.87939055058241,117.10541877729176,116.15707181208515,114.4763680620764,114.4689262991774,115.27967933456763,117.05287392937002,115.63082528031237,115.7193523210302,115.89338097648336,114.96719917224374,115.21987913204839,115.56673878354646,115.78831968671658,116.03115957175812,115.06443797661147,115.04096212234896,113.97392942072595
115.24975211789787,115.65448322454482,115.31402556090053,116.45604407537202,116.04102106609068,115.0721981328647,114.87038423919488,115.38031777038431,117.49324818174365,115.88533586630261,115.96156763930986,116.23799041226921,115.50574887875815,115.23031758618737,115.84323789072512,116.27833133827778,116.0255212305584,115.52146284143119,115.63968712653332,114.3010237480892
109.27810310645327,110.5779590070427,109.6740695894056,111.61567312348751,110.64464010500774,109.30883870242415,108.97899133554841,109.11888019477216,111.57330022161149,109.88118608335192,110.1832105776599,110.77308118839674,110.4355494413806,109.22486145595566,109.93162754418599,110.1946586942721,110.16540984269845,110.18813075354882,109.59963764273921,108.21841663066141
107.60616856065904,108.2703948348977,108.27337757754674,108.96691149831891,108.0190078160065,107.4342917121415,107.1720263649071,107.1710622782276,109.50142593978221,108.37152789802032,108.14564924450298,108.8614244759253,107.44656918827057,107.30716436877614,108.35601887334904,108.61940032145027,108.2134338612218,108.09596788627096,107.3741999379282,106.40734895432298
105.97991312806072,106.71378762590516,106.42689377215467,107.435219840347,107.10134799432996,106.02958280050039,105.7173546956291,106.46574008030952,107.79616656738067,106.5046530426491,106.85298367164631,107.01410313987557,105.70676408113592,105.86355581422434,106.72977786649511,106.53515309953846,106.85353073742064,106.5696854311772,106.06916151141644,104.97559975138644
101.8834424808303,102.68469520011566,102.24576363791286,104.08423738609503,102.93641884491262,102.09494645866891,101.98600478597643,102.5477386675836,104.06189040681693,102.97779741830999,102.68827757803115,103.0981187984427,102.04109812999378,102.04310029123772,102.81260626482917,103.71334339114804,102.53455920057218,102.59276137874079,102.45428760655045,100.95055332966142
103.21895820388924,104.83006407354323,103.95991689171082,105.67884837188498,104.70372599270002,104.06992329972988,103.17666553044454,103.90206522438324,105.00995507763567,104.61279203973734,103.88498303632802,104.71408441689856,103.72451203828741,102.82674844533155,103.69457998696875,104.8076109370343,104.07242756446506,104.05245074927215,103.36344295413856,102.47733110230074
100.62889255231092,102.23067355547711,100.48378288694734,102.84730684910664,102.02293632546774,101.09674676718264,101.0859892753981,101.11454098988375,101.91584951910365,102.00290642472423,101.52676165452324,101.62251871000711,100.74203286494418,99.9843461256693,101.14143598182146,102.245826579062,101.2552122196873,101.29569021792315,101.07324941930185,99.73236653020855
99.76175958956094,100.82481526712952,99.55360271834206,101.59427283448221,100.77356798263052,100.06068489551303,99.450413035852,99.90069836840064,101.3318040075262,100.412402776223,100.62753702505987,100.68758882298161,99.79707815970713,99.2424911473574,100.351469264568,101.17287268188798,99.97743187324808,100.45379405468091,99.78315358013427,98.33168820622048
99.39962657219215,100.66568671297483,99.69484298854167,100.9524992527817,100.84736673657511,99.67967971049087,98.99539945279061,99.71802689566809,100.95121289263977,100.44505103025432,100.02235914785342,99.89825613036868,99.64455795214997,98.94660455497225,99.79068781275288,100.5245636682029,100.14244000074271,99.33575378146759,99.67739090481146,98.7339606714698
99.32159328528293,100.32181046814759,100.02245326958409,100.89736479744327,100.16595395639108,99.68301735682864,99.21282184885388,99.32455430768661,101.03863537943168,99.62385884227638,99.9913003009308,101.0169116396761,99.23376974092139,98.39386162917214,99.67603525634051,100.49792607923986,100.3461313733028,99.25197577156453,99.54550083246616,98.53136709006044
98.28834483792356,99.2050938326992,98.63078354940703,99.53545972022076,99.17072106449272,98.29668995801387,98.3536232987618,98.60385106852789,100.26574653565186,98.50128734483513,98.97835899345135,99.518581856815,98.56552476284824,97.98952829898039,98.70754376338779,99.11897140395797,99.18280925704853,98.80085215577677,98.65103767905565,97.15644392867839
98.82642496433739,100.01459178889614,99.46166560150142,99.97875983118658,99.8668228365067,98.65616182282504,98.81221768249964,98.81065413984116,101.093980825351,99.04977660420708,99.56458233375957,99.54137519333382,99.09462718827841,98.49798475111585,99.23771641745871,99.22123862736682,99.50521265604705,99.58532843812552,99.12236822305898,97.43339498598516
98.06962298766219,98.93886411732947,98.54584137113554,99.46113542407858,99.13075002865955,98.46226267182413,98.33945483030418,98.53885347785244,100.17806475483623,98.60177829740967,98.65998359330324,99.31802119978039,98.53005236007898,97.66943728828295,98.48330823184601,99.30349058328007,98.73762978551622,98.72988442668982,98.5158251660523,96.97432647655343
97.60706436049666,98.38381766683047,97.99096562976601,99.13700001803308,98.25935572163372,97.71771143349524,97.54962593391203,98.34049041609893,99.09715135159054,97.77035537053159,98.17765662617147,98.40876176629776,98.02148095501236,97.61391134010358,98.44543415525116,98.60343983749003,98.54204586465538,98.16114373891972,97.81701240441107,96.72862880068365
96.75081219296067,97.33007766957459,96.94927222837472,98.0680198038957,97.01747022310691,96.55092959967656,97.03773204384399,97.07446483984506,98.62663008475117,97.33764186938623,97.48928558502821,97.36289223599353,96.95737447475737,96.46164293651678,97.27628668024614,97.74818750772596,97.75320611272356,97.1393508702216,96.74422980093634,95.70586123607691
93.43747426415759,93.79550804740316,93.55633305670489,94.44461778094725,94.02686479031497,93.65828305162627,93.56422199657172,93.30825470898417,95.28857632834766,94.06637623423039,94.43516532935624,94.17516304263171,93.6021697418571,93.19625644096345,94.10899585042938,94.51016988255597,94.2692613201527,94.1407479993187,93.49582847721497,92.17001413667737
88.68294773206455,89.25675768595897,88.53844117097645,90.1417388871387,89.46477612694031,88.4616907419038,87.85941851394743,88.67174458337539,90.53640586462275,88.97187428434238,89.18162883276418,89.62574123699954,88.73144086510129,88.11519280558538,89.04117612141118,89.32811682619247,89.38705996858758,89.07772947403332,88.44861057900816,87.5313580629184
81.66251192721663,82.69930806831049,82.03579694347853,83.37296277488933,82.63446150892831,81.85250308931553,81.73991880607228,82.01957891570645,83.64021437544744,82.22165462614662,82.09222470098725,82.89977093242607,82.30592443051232,81.23166419546865,82.39086192283393,82.86613789655043,81.82301004724279,82.02339336500627,81.7359245764716,80.85307598439647
79.07511406884498,79.78655287871494,78.85581774367125,80.67520156422694,79.79385004760768,79.02275061072221,79.21176650838447,79.24233596490137,80.84451299627824,79.66934517193538,79.55875387107571,80.45887145591347,79.31648703592582,78.70306288506742,79.32854657886533,79.91777046565267,79.86040446137144,79.52361925871834,78.85272019099229,77.72367885491003
73.47406024472349,73.89578616859922,73.4925149754613,75.16258866928831,74.137592840859,73.06714605302568,73.02883815426867,73.69215574352059,74.66463098260314,74.01199382476035,73.77485762393826,74.17214059159095,73.40221351814982,72.99223733409882,73.50886308601011,74.56906154548415,74.02317014138389,73.714419702603,73.26414794176847,72.27253090420133
69.02818247904523,69.26674446175025,69.06827823941066,70.04215752685859,69.83849873430854,68.51317590261485,68.83200457534996,69.18874094944296,70.6245470414125,69.58272539503399,69.25082688439825,69.74851245250889,68.94559408706759,68.34374562197995,68.97419866000308,69.67303214472452,69.3182768247826,69.35705732753536,68.93704467117475,67.90356281951638
67.90066727123708,68.48495487935924,67.97225178971229,69.3497971233881,68.46231956446246,67.93465411698124,68.08933279942833,68.14202229781142,69.55288245836732,68.262841811541,67.89170063048078,68.87713763158695,67.81267011130679,67.35931898902984,67.94710447319487,68.83263613059823,68.5408209107512,68.17447460048939,67.97744724791734,67.01041704265462
65.81315000682079,65.98477802161857,66.1383774793268,66.91690302590823,66.37570609469884,65.73996948646796,65.863668302875,65.87210762044332,67.48177332727559,65.89977594551989,66.01835694987194,66.82082507958816,65.76493872661248,65.26635573924403,66.3271603396859,66.87440804046346,66.48530822873937,66.25240675756088,66.03133327475621,64.52523535540283
66.58389619104433,67.35436389195135,67.04560660946954,68.19212715424163,67.26127847583462,66.64180139694176,66.95950434546604,67.21438032639269,68.71996911326843,67.09789740675227,67.34680094925713,67.82497119391432,66.95321469304156,66.27637169708376,67.4633029282875,67.79706680684075,67.64687513960558,67.23936012382096,66.83548674934305,66.04752503222373
68.7069015411371,68.89892910066733,69.08201007370852,69.8041875461853,69.17734650833332,68.59566196859612,68.88626167896349,68.77200761278121,70.21357353955314,68.96314979858057,69.23748568765686,69.35986502630531,69.01430515457366,68.08948792278753,68.94001280474419,69.35981562312362,69.22885267525591,68.71640826422387,68.18264251870868,67.5279908563582
72.10810908372517,72.2708058852154,71.95066130216792,73.02344826159123,72.55552461958834,72.03888851193366,71.85867223574539,72.1314346371133,73.6620371968502,71.97346402191171,72.40573573736276,72.83063508246174,72.37844946731697,71.37919234097568,72.16625180415684,72.92305953809678,72.4070065594449,71.9929173881915,71.87820237409316,71.12025286692284
74.10313164730938,74.56461067388929,74.1674548692519,75.29973036962934,74.68123244263694,73.75835764860432,73.69841761487936,74.05670517715834,75.72328749882047,74.1141606068912,74.39394380039492,74.73655752634751,74.31744427301133,73.502243976715,74.514735148422,74.98808208468384,74.52553761290102,74.47953725132926,73.68516453562698,72.97313217810321
75.3819906151072,76.08454732193918,75.43838474860904,76.71017973779902,76.40117144696761,75.28432802067304,75.05510908842565,75.46929147968109,77.3885989142613,76.0795384311668,75.84287437381789,76.33967911508705,75.3698806810011,74.81435401116349,75.6383295856595,76.18355390730382,75.83147874136787,75.94769729231129,75.55914058971288,74.32290092373053
75.17069161079253,76.00626803547662,75.86897247750986,76.5128306916626,75.67467388268246,75.43382634953608,75.32772830713877,75.78351504142644,77.28538619192784,75.98406221536807,75.63271456791288,76.06225728732338,75.4946157591852,74.92486917386992,75.84736891912331,76.23327470057431,75.9786540617957,75.75230968984245,75.66437209070439,74.44697466687342
76.75524111354052,77.31496788573519,76.74893374337893,78.08994199519978,77.31303482012892,76.77068938131248,76.49332957469097,76.97648990495968,78.44325072400528,77.08407283331248,76.97047586755781,77.61516167723441,77.07209042055457,76.13510411830276,77.19089955439591,77.53908715584338,77.11752487969501,76.98361877334716,76.58888069731194,75.87019429332257
76.60664394934562,77.37537067561803,76.85149316606902,78.27907771523734,77.46991621801861,76.80866225634385,76.30484456155173,76.74554250224365,78.21382510998092,76.94633030706554,77.00605862577595,77.82215056593502,76.83140794620992,76.0735990285607,77.31402865315053,77.54458717029591,77.2123665768879,77.04418880431435,76.76323523319122,75.72895777514161
78.64829085052821,79.49697799260099,78.84847654359149,80.1573698822068,79.61014759329535,79.19811432323834,78.54614433995076,78.83655496375295,80.42307965939483,79.0828523650196,79.40445959460958,79.62331611449842,78.5077036781415,78.58880722606305,78.76961301189857,79.78565449425318,79.47960493434186,79.02029583055905,79.18691885099398,78.17044863504688
79.47363515325318,80.33841546588418,79.49825927048909,81.23035584131279,80.16339596995087,79.6358545508994,79.86576626625072,80.05873727549108,80.84070211086365,80.06607696643164,80.50117039217352,80.42387386205063,79.69219068589605,79.19880976862862,80.01668673671152,80.83449664642146,80.43887447314789,79.91186797274484,79.94999978877647,78.69168021082899
82.5483677127929,83.17922416688207,82.62485256644031,84.15660744239123,83.53243413356904,82.25493651874675,82.05919281832007,82.9354973777467,84.31076640967846,83.04813172504,83.26565604009004,83.1935396373605,82.60924810386165,81.92422779070488,82.87701447581186,83.70417269104792,83.39163914473991,82.85782178049469,82.46106198402475,81.66125017646
85.39980507843337,85.85441188536517,85.62517512106304,86.62887803088293,86.01765726788125,85.23881856087789,85.15444477061645,85.59471233750213,87.36169717370188,85.41241139809604,86.04166154816767,86.2952730691837,85.26818907255328,84.78001257899732,86.04562500604767,86.29275935618712,86.24208725950595,85.64135012614045,85.07977757255232,84.39172902364236
87.49378401400699,87.95139399364156,87.53872067271878,88.7887225284773,88.11652098197891,86.76137685703088,86.69207002518131,87.43255401770242,88.66200988167978,87.74087684797797,88.20156378575679,88.33629662429351,87.28954627962263,86.83565508560265,88.14475867707237,88.04237117476983,88.00589753462276,87.59424248300041,86.94758841826884,86.04323022843515
90.77066316536639,91.38896228473274,91.68127433198303,92.372841491105,91.19711946348093,90.42437662771631,90.64875717101621,90.97243561613436,92.6304789386595,91.24817455838826,91.15677459479423,91.61714469154249,91.23896878404135,90.36824773642066,91.11037884176015,92.13252070396076,91.44952314731614,90.97903617005913,90.50701551904857,89.9268144309589
91.26999126397315,91.87747839870502,91.69177607936264,92.96285294904669,92.14963887865473,91.15083694239827,91.426684159161,91.58696729856364,92.8979287102374,91.79404180559347,91.52665487243793,92.34423494862153,91.52162355667068,91.22063534055145,91.77710579597517,92.56342622947442,91.5877966130428,91.56277374307052,91.05325819700433,90.39137232128506
91.66157687275792,92.71128411648529,92.39800558837298,93.36874992966786,92.24086326989321,91.54034944082836,91.83535758284546,92.22011701880714,93.15902208817167,92.05791025915045,92.20895611014593,92.82134071793297,92.03715158780949,91.70088855023322,92.59908330039619,93.11452508067293,92.08887778108159,92.22373103507547,91.71665301117442,91.03169822845294
93.09526601166077,93.89141630604306,93.10472080028147,94.45990073499654,93.90693631459982,92.92246339815469,92.99151106922217,93.88475703317359,95.1042948752841,93.63556778536348,93.24256360429278,94.25410032248162,93.43820447221992,92.74959682453434,93.63364930547023,94.4041168793552,94.12839243427412,93.45851293164533,93.40180464297981,92.51829432173449
91.54802597290943,91.93843056318954,91.53384982297901,93.04832932934394,92.40583329405517,91.34315245679784,91.2656434441873,91.69528480014264,93.0794862437124,92.02890921312665,91.59633586860335,92.7404035117923,91.7966819826988,91.14523121698804,91.89378556057633,92.61675345517556,92.28884878260264,91.65860817866029,91.45685365208432,91.01508179355952
89.50873204350721,90.36848420462934,89.69608617879865,90.780168301015,90.3754470275753,89.2309580353891,89.44968795266405,89.93245542025754,91.10863180540636,89.70148362372456,89.97065175592041,90.44572401608731,89.8073026699074,88.97214206061591,89.81818282180532,90.90403731343062,90.18576409619239,89.56613290642468,89.11512588875414,89.18065739247035
85.18688728398763,86.26494871037427,85.65414886875422,86.5151405574792,86.48139199550363,85.3227902939742,85.08245096758375,85.58992411743574,87.08653855966402,85.4735939203234,86.0168226090376,86.20042571316003,85.69209038230085,84.97423424855177,85.84906266173985,86.35893337147255,86.07035891026838,85.85635876965479,85.03962506360686,84.16971741878525
84.33278324237152,85.16682001531396,84.54805091442833,85.60980016363392,85.42781885249143,84.50862446462656,83.93542026759374,84.70017650137571,86.11992260401529,84.43998561105695,84.93888709521379,85.04744418606556,84.30284332211845,83.87626877502332,85.03560214388223,85.40046414596078,84.9102883143027,84.46205899197203,83.99906238311023,83.34769932658526
81.83194812030355,82.53945751946742,82.38783348746097,83.3483421629851,82.6372165766055,81.88131121507814,82.07020757763793,81.78101383683831,83.07171351079289,82.3378655812039,82.52538870329322,82.7700667786642,81.7301115207985,81.23802929955036,82.58433494045593,83.30631527184204,82.48047900494424,82.14230385806607,81.94569080403942,80.35450232302422
81.78984677078626,82.25240926343521,82.03445890190558,83.02442129522001,82.16622673462783,81.70482693123384,81.67062554636199,81.76686176799711,82.70668373863425,82.2672208034216,82.17552809048297,82.23161163902867,81.70428529190286,80.89895284318003,82.19515834525848,82.75718940951421,82.27157884977599,82.16369833578412,81.47595424231652,80.40820180400993
82.59172106181781,82.85957999596224,82.49029117512136,83.73060596625922,83.09513167632343,82.50343079290954,82.39329605938755,82.09350746158698,83.63223871884398,82.5883591577413,82.67898535584578,82.67907113348383,82.13658379150152,81.72166715955412,82.58397956125563,83.17303798164163,82.917773787976,82.42245954223357,82.19864562764224,81.13019513886117
84.24674237049481,84.70706056042424,84.38486095392446,85.53497424390306,84.9772128004861,84.03350811329679,84.05276757642653,84.28498040823528,85.74221785598603,84.35886168146928,84.50293894160137,84.6950612740135,84.1650699436169,83.4929387001378,84.67432720768288,85.08967821930105,84.69228832079904,84.35077573798382,84.15047931520633,83.0448230275706
85.89529640716435,86.62309831238834,86.05436139904067,87.69991084011248,86.68596034990962,85.82983123617386,85.6261180362477,86.3470027336658,87.3550260434673,86.57981388448027,86.46598198448262,86.99939763378553,86.36245600143107,84.944403086782,86.14744582193804,86.75805678273605,86.39282548295448,86.3768849294383,86.07645654126844,84.61998386116913
86.18244953112826,86.97756270556378,86.74018504670404,88.03061499982627,86.87383492368407,86.48170662490912,86.20503578853904,86.16654287771412,87.64848454996897,86.84760104945988,86.76202880854137,86.88056274001558,86.60698185369958,85.84553955055813,86.54047897569654,86.7658816800356,86.84757856096866,86.55978400560697,86.17834892373253,85.26999171518821
87.02967756797695,87.66192970633467,87.78160260188048,88.80373501590888,88.36955053717469,87.54554080541809,87.27927545176401,87.73613850059252,89.07592093148472,87.92313155608568,87.74270996569024,88.07326875559147,87.60002174369511,86.7164160984683,87.74849073045168,88.55601146748396,87.93927813430872,87.55344511540595,87.32916601296915,86.3888040954323
86.59705234234367,87.75158722961497,86.9492027222311,88.04457507774067,87.64605124937393,86.52126789106171,86.93750215308114,86.88235166784919,88.643683560926,87.70038801597718,87.23305743628733,87.68828720256805,86.94933281320476,86.44219123463829,87.28715879434027,87.66547380661815,87.58330256294163,87.30224493211648,86.76082120620399,85.7083008832549
87.37781165416253,87.83473692447916,87.19230466686284,88.80103655736,87.82972921329753,87.31745932765779,87.30186253959769,87.23636602561437,88.6811577308221,87.58007074441173,87.5868802318626,88.14411512775688,87.28104144085968,86.6287065376018,87.99138038100449,88.31828861725705,87.53453298825298,87.66336025723487,87.33257548878913,85.93160061110608
88.05253354729693,88.52918316761958,88.40824845929741,89.49107000931639,89.03222284749779,88.08905496992772,88.13597591485389,88.41914422153971,90.06628342848839,88.72894459775274,88.96190847612073,88.88390895161777,88.01282643854935,87.71991324404092,88.71130750644069,89.13346246437119,88.80587779130327,88.625813678909,88.172930610728,87.14355015974722
88.13014989517606,88.35262290292225,88.21724861706393,89.25513883510996,88.4291708675729,87.91534340475751,88.05966150464886,88.16942746344745,89.75715691647356,88.36585507701469,88.60790739143474,88.58686106793179,87.93008807276244,87.5325135565754,88.30256800425218,88.95202605710772,88.71868509096697,88.40830154042254,88.11479984350913,87.03176652100264
89.00277038146258,89.18247236062808,88.77785138947611,89.87773654352219,89.31407031543202,88.5458230047307,88.55295002773234,88.87030514834932,90.44353222794327,89.38480517655289,89.26797723555664,89.27443991525699,89.03230123124787,88.12260704317379,89.01026845580955,89.68707359352953,89.35355223708045,89.10862952386157,88.60323830898746,87.81483920577332
90.7916802283356,91.22353970182253,90.88716194614851,92.16585734402973,91.2819504410387,90.42947416866107,90.47371252279802,90.84124692958609,92.45541086938776,90.96299282742673,91.44265306004834,91.59279628460942,90.78619162082417,90.01240757741793,91.01655914921646,91.71471727194148,91.49670735322344,90.88327615333579,90.70238489323056,89.74080364913523
87.88673347380875,88.59674457247982,87.76052926894421,89.52713830843712,88.66828799361996,87.73749615186756,87.76631846703681,88.12586474419346,89.50557713816836,88.04742851959199,88.47421328208758,88.75857077703016,88.18343723485981,87.06370882775389,88.13048176265319,89.03883997310554,88.35864400524869,88.02622920718888,88.02320792719254,86.98114413150245
86.63837648817469,87.10597248656148,86.8775228004889,88.38481878809966,87.31095957346585,86.93664493471422,86.73011339224186,86.93873712343259,88.71695515369153,87.22130735268183,87.62293036297156,87.5410933785938,87.32342130358859,86.25232771057462,87.26402164140342,88.11184120051055,87.71337633738938,86.96772077510255,87.04803249805173,85.65565200756365
84.98982180516398,85.80127794317224,85.27230596081942,86.52913359035226,85.51045206477278,85.13702658567463,84.99988171214062,85.62819839381315,86.92177761226361,85.41898607776854,85.64726823981958,86.03586690089612,85.55226246247356,84.63640562357435,85.59459729461786,85.98140860910408,85.68789950560823,85.55548859432548,85.30575119126176,84.3655810332475
84.17634118337438,85.09054626896727,84.25517212117309,86.10956883241862,84.99575188393169,84.23266159740753,84.15314584569107,84.13089131993249,86.22201035313448,84.68384184946586,84.74947817853689,85.62346855739335,85.11087381230135,83.90794746116157,84.95118596303628,85.35915722541411,85.45295584660963,84.70977758357506,84.21379207501654,83.92802752224122
89.10756233776158,89.4387981675954,89.33963630291869,90.67260045727654,89.84143775525953,89.47809903404176,89.26534320211425,89.24635193696842,91.04042952841753,88.94274680269861,89.78026611786242,89.8525092911588,89.27274261654946,88.3543594548887,89.17755000519989,89.7734475000045,89.68609397393084,88.99467551959548,89.58918054118517,87.58669792514796
97.80872733750942,98.200949614117,98.30478440766386,98.80428824329283,97.82852278468626,97.8199118929636,97.70672939457312,97.46015966870111,99.30737054273679,98.26429681410734,98.67446478814969,98.90839794066714,97.89034382280411,97.19247939581095,97.87530499670711,98.37842993420585,98.31827296906394,97.88220365636673,97.76076256771297,96.4746004093648
104.48242631912001,105.02427035801847,105.02928480516213,106.12581133479236,105.1836780717256,104.26349426445154,104.10230983589297,104.73739672432062,106.3416348385495,104.66502351222971,105.19280126439848,105.50364462398888,104.28487864692232,104.36324434741498,105.00952190683124,105.54639315454244,105.01402311417837,104.67393310339098,104.42058810905444,103.18589030507998
111.74340393663168,112.04764236710783,111.98053052064446,113.25465505043441,112.653535224616,111.44139784936395,111.53063759959313,111.78125473477058,113.46698540047464,112.22816988299152,112.54286728433556,112.97673683869785,111.56949899662854,111.251992033073,111.88165746180317,112.73329762462122,112.16290516972634,111.59581480167053,111.38611966271553,110.87254141177814
121.71871072151393,122.9239718987584,122.36705826269036,122.83611152399232,122.40526514289054,121.6733607321143,122.04010720803814,121.81381839657352,123.24833501946682,122.143930909909,122.46879418124571,123.0108717715973,122.04151814812558,121.42194736513389,122.53237648232155,122.95590820156994,122.11219520435333,121.9540240979332,121.80359124264757,120.9938559321892
131.1754043712109,132.39540592181078,131.93914588063652,132.89261016564168,132.57125036850093,131.17118540729027,132.0513001071302,131.75471596567962,133.46697012434697,131.94409132572818,131.80127442066853,133.48375211204984,132.2338337036379,131.49389313618238,132.26934824250748,132.0951456135278,132.9391422988414,132.27164783825998,131.47568954254584,130.73291797413776
138.7676945624873,139.74976737307145,139.80111192340374,140.81116064716736,139.47006179670237,138.99350320585992,139.7341724395151,138.9061090254191,140.80815568257188,139.28769321935246,139.3689452725902,140.749251357703,139.77320944928192,138.21308986372077,139.84792159565072,139.598993142674,139.99103654358657,139.29446606530584,138.48720745272564,138.61127000932467
144.56831560692078,145.5273473255947,145.15838021293808,146.56182089923854,144.7495613669426,144.83204344774813,144.63979679359016,144.4433296445662,146.92291591742867,144.84694447524146,144.87472650251055,146.06746928520144,144.43601755890364,144.0421232506112,145.47577510583196,145.08019766287225,145.35231741185027,144.96723823686426,143.97733794963042,143.8770849907714
150.12634611526548,151.79557493340252,151.012061215965,152.6248432127857,151.19607269201077,150.40985393230807,150.80869355676384,150.74150714723996,152.19363680239215,152.2394004392943,150.30396929018983,151.91237841253133,150.75541414176308,150.50165512634916,150.91825361581246,151.55165432464565,150.77575722767452,150.31490250614593,150.27736213262318,150.20506714255595
158.5756478007174,159.42445546578065,159.90643675107708,160.25507357862327,159.36258660092585,158.64686149768525,159.04972961553523,158.317309792478,160.34487317320244,159.0925094783956,158.35650774870376,159.17952984444744,158.2493571733367,157.7030462774781,158.3050183867103,159.7282149121654,159.01725636260895,159.29544267388306,158.68619770079474,158.01802668946561
154.40431854945325,155.24027881258525,154.0956847314844,155.92765662029882,154.34786451034745,154.5249124557365,154.62331820647097,154.17633695750013,154.98591020966015,154.91912984555793,154.30697770490946,154.8013103898022,154.1158162460122,152.91705684293373,154.95187091847652,155.80574240101362,155.14910466111664,155.02299683028133,154.11724233498003,152.54876329779214
152.16280696011964,152.77740528708483,152.0522090591896,152.90648265996666,152.63816645316246,151.3117443130454,152.10164827610018,151.84738059099553,153.38764049999918,152.78215104348544,152.10544916367857,152.59332577419445,152.59811167231527,151.23265322434736,152.31638349702806,152.89520652180013,152.375403589092,152.06597052917408,152.59626035154486,150.6001001574629
140.62162804775193,141.02626357451842,140.84857609789424,141.7472024190264,141.25166005693805,140.393549165059,140.2343796924151,140.91698968483414,141.49738520521836,141.6596874842978,140.6441052540571,140.99717214247812,140.28423970846777,139.73778430063282,141.1188109854758,140.99979076372335,140.73241670906995,141.19504828437132,140.58052963005343,139.37987149247286
131.49412273384044,132.31884148677764,131.92458238076674,133.2179912468158,133.29032871210043,132.1513972549939,132.61795014479006,132.99856648005394,133.63650567029364,132.28315883439282,133.40298949776525,132.7444442317617,132.56885005814502,131.3092206067985,133.1453405480551,132.90205629080967,133.14883973930492,132.39126759203094,132.24456750780968,131.50078456567803
124.41542299756118,126.20613599975252,124.73179225222206,127.27583076477157,125.99987985945705,124.96707466447174,124.23379094367682,125.87664357693801,127.00247386265679,126.09534491396062,126.28031771845528,126.41335484096798,125.63023989917303,124.88716900441878,126.18601375991058,126.4685741099674,125.60267488286874,125.84908772061335,124.88437804746397,124.21717878361856
123.63853896830616,124.00299472740647,123.51079722480726,124.80192096202427,123.91387221393882,122.83943005468679,122.49842549523466,123.1580235750472,124.80528133241516,122.87159554884957,123.59188100643551,124.08547664796762,122.51369670759354,122.08310890536903,124.30073581334246,124.17588977803834,123.48464981584243,123.2057380980374,122.7791937073717,121.97538307031797
125.03204888263929,124.87349723279908,124.16416601470611,126.06108944615484,124.70521200779123,125.60838286104303,123.7407909550199,124.89263072684463,126.04244552969406,124.09803130597302,125.05308469468422,125.68166112081735,124.30488477915179,123.58437270816688,125.10022143058248,125.89124866102892,124.88021404213346,124.46793918734771,124.52091093586839,123.52716829335608
127.23751986294917,127.47703503159971,126.59439409519241,127.88788243494704,127.13223127856743,126.87413227738183,126.39733877624516,126.35337449318013,128.4483347224365,127.65952530985408,127.0645722206234,127.92256614799733,127.43920970847846,126.55917310192854,127.73589582118619,127.72632310163083,127.07595239016017,126.8576121882064,127.05946709004839,126.23397104496617
146.2662134727527,146.84999609248072,146.89456726920992,147.36375815448724,147.06912636299967,146.42330904274783,146.65145081070156,147.29901206517016,147.71949373329616,147.6952974731847,147.21615712152015,147.1031924531478,146.66403409730495,145.19993495758138,146.63738271746874,147.94703124067325,146.43976548442123,146.6679714880939,147.53631258737184,144.40543274610238
162.01241617573973,162.73915929177255,162.9695226730763,163.02245318428967,162.55902507103832,162.0586532955303,161.90925102368138,162.01278787181133,163.33256060873327,162.35737473327606,162.921643646009,162.60403843468447,161.10705917353388,161.47871417122548,162.62000455391288,163.34783832986608,162.68943426827005,161.9291031430661,162.49669711540128,161.5036705886087
167.41552639397852,168.7167394234143,167.86554679347103,169.59671452441668,168.5196714635248,167.86301508017254,168.38847401467356,168.81114542781614,169.19916712156245,167.7075992281497,168.79378284274134,169.34667911939144,168.67628028660525,167.41176809178896,168.84973216115185,168.52576967348145,168.98313653572052,168.87974417141538,167.12353868788168,167.4721447167746
170.39236150821378,170.84982546714383,170.43138289471827,171.3451918038519,170.80519572210474,170.03460657615213,170.7327965471396,170.13462028810818,171.60174339799775,171.48979682425292,170.59579282098824,171.09448247020737,170.60016481522047,169.19124216588634,171.06340913367083,171.717091488856,170.90893821575654,170.6188491219929,169.4233322204687,169.04875436479585
168.8628896703181,168.3804160554834,169.6122315986488,169.8597147348675,169.94917039752633,168.20019324808396,169.36254569983473,168.34791076224252,170.96093938646268,169.5046713658246,169.32518944697145,169.0176136793542,169.16103522080581,168.4270782204094,169.62521277638518,170.29765267267072,168.98935537736676,169.58831888498977,168.14474193911965,168.15535231373786
164.22708670210847,164.66122719347322,165.6240028632196,166.36073635441142,166.0250630216153,163.93794402872365,165.03710424067455,165.0570733743389,166.33068344396855,164.8022686607735,165.37410711548299,165.39795531814804,164.70361675318046,164.17090905975078,165.25140357436698,165.30184343632232,164.5681232178563,165.93549113481492,164.0500705287348,163.4314450151213
154.47802153886076,156.17725097656736,155.8642852255161,156.5016120371419,155.89388498757415,155.1859172365835,155.87699671031766,155.6780697543364,156.65536701329253,156.20484998027877,155.6955022516722,155.9033766772654,155.3490015509406,155.34215908594007,155.63350907245254,155.9936063534518,155.82659607545057,154.99596692287028,155.59991371923144,154.2490875136451
154.42090490146964,153.8403593563196,154.9476634578603,154.82137649177608,155.3423679307427,154.53070856878588,153.78904392117911,154.67846684638266,156.0423325297191,155.37824912128866,155.23662496513523,154.7609128885829,154.23835847478364,153.79231417399205,154.37565856243677,154.25701709595444,154.5040589027214,154.61378202555994,154.24956574237348,153.47802319257087
153.9587687112852,154.29662046107535,154.3164013450362,154.8135922118438,154.70529110136314,153.48810078874118,153.72090349496156,154.3415643095398,155.64497853043096,154.04507275167882,154.10698018461238,153.8113426408472,153.5513238098563,153.51674887382217,155.1931574805558,154.31928977361954,153.8430703328441,154.04411832903935,154.1915078749534,152.6855090477207
162.16246876066515,161.66147507689706,161.24155366592248,163.0363699459639,162.2260050871331,161.37292686362673,162.26843411147135,162.833577570427,163.98592895680187,161.502775784463,162.33990264856584,162.24948046813154,162.7938019815289,161.16499837505137,161.99653002395337,163.4937866139639,162.64871457555716,161.85717595063122,162.3434960185407,160.75237174222283
172.16919895907938,174.35143681059333,173.34762108770488,173.90100667273578,173.8010349258868,172.36432580879716,173.30098823684116,172.71514645225832,174.44816741861166,173.09060345568378,172.47392558195176,173.74208994745703,172.7159899446271,172.2193092384135,173.08627787422034,174.85129972772665,173.3255625369257,173.24588846460577,172.73665347443347,171.96356522471723
190.59809896618077,191.75318855534135,191.20497822363527,192.1521820063641,191.46256022676758,190.619486590408,191.1343464519004,190.09422022498785,192.4378734954458,191.08211983039453,191.1797210982135,190.9262234695501,190.10231929525116,189.870859643694,191.29011053164808,191.9592399940022,190.80241416324884,191.35728991216288,191.12983169569537,189.69313779386414
203.82234843044722,204.50268368439728,204.21802442474694,205.33938195377945,204.7320828488302,203.8835862976166,204.39037247152348,203.9739853814216,206.69836379030565,204.36328003177454,203.88600902883874,204.94671407169534,203.8128715397374,203.44077769260065,204.6556313192097,205.60295580176495,204.52053462719948,204.71693693067715,204.51714259098273,203.75154181418637
226.41982653070616,226.39907950591123,226.32362853062912,227.1109391766343,226.48136581971306,225.0568848989462,225.99701539837886,225.92010142480666,227.944350913107,225.94181844690627,226.16248998819722,226.78627113075433,226.10682323859183,224.81564837944774,226.28674002095318,226.34001087532445,226.2146379194324,226.74993150409517,225.74584255814275,224.30553454108804
241.26681908806316,242.10024303334728,241.2965245877618,242.23476025314963,241.98374780207251,240.89684165142168,240.89880226600133,240.9557085403339,242.61948771091588,241.77266974123933,241.67924108119243,241.5559074333963,240.59885384243356,240.5213075312105,242.0686245992752,241.97337758930175,241.909302086594,241.30307307676009,240.91792203065242,240.65608464037507
261.67921620087367,262.547280468117,262.57185723030904,262.7631968610904,263.07319571154494,261.44411450788385,261.55065659578827,261.9921447608704,263.08204293625784,261.7825088106365,262.09792735625297,262.57878909354724,261.94679647196267,260.82642072398363,262.69465208437225,262.56704384565296,262.2488191016888,262.11479392552945,262.0580292687948,261.0309171462119
275.6018061430415,275.58047938180016,275.9916443829284,276.4779460357377,275.23059067101707,276.2392551723688,274.5794573332511,275.53197176322533,277.65035092079336,275.6931919601777,275.7102287366358,276.62773794856923,275.5620417544942,275.7746669402819,276.3221388796432,276.5017316984092,276.31097269557665,276.4230861593749,275.555098463677,274.36079306975165
288.01411276507525,287.70159275417024,287.86991972881856,289.132991338608,288.55377617159115,287.86638041984247,287.83044556169574,287.6527169135853,289.3860832007148,287.427688067328,288.2245212755614,288.6872972284282,288.16293316477254,286.63979662876375,288.14904209546097,288.6256087458477,288.18863945624776,287.6762296663846,287.64549763976413,286.93643384786606
302.5985516767223,303.0128884157213,303.0783286724973,303.5369248586141,304.14037568974146,302.4836349270699,303.9534398788214,302.7396392755826,304.41443371213535,303.079340974302,303.4036401156829,303.6261712837647,302.3508250441154,301.73650227492914,303.11191219007475,303.00840327954455,303.6543147225001,303.7143138736703,303.170240815992,302.2784760101783
306.1381668700293,306.2814386864832,306.696402179717,307.17506938319053,307.3084359110828,305.604742894273,305.77886262119074,305.4756680688973,308.1336653469322,307.5031537404831,306.69740097166044,306.93456670013165,305.85287444072236,306.34530175593375,307.10202587599093,306.3198902715043,305.87570017383683,306.34243609337915,305.8684516554037,304.674882642259
309.3899929695578,309.59267656591345,309.7760843171273,310.24763692644706,309.13794417333594,308.5286976399934,308.1048213279347,309.13983162112055,311.47953347337693,309.92242329878894,309.05102576016276,310.64792871382645,309.4130380913395,308.55246138856853,309.2481304625312,309.62066596327816,309.9146096292032,310.0453306407394,308.2449101030798,307.8640042876777
304.1244386134539,304.43802787691374,304.3897722357722,305.55147343615545,304.9458194036142,303.7263381868897,303.7101387521374,304.13655211806963,305.883124437524,304.97974970042077,304.1206640769012,305.0211384860924,304.187154980067,303.74624118393984,304.1431791418664,305.06365786818344,304.58325275566955,304.223242460871,303.9525570899212,303.2741091422078
303.6513697357591,304.61628253993814,304.0879531442935,305.63004534632483,304.36141694610785,304.0235461138138,304.4702534961947,303.818899025971,305.45609240195546,304.74445381115316,304.4132689761768,304.3852962900393,304.5977342354199,303.55821989010536,304.4489518254927,304.9809276221791,305.0313663832769,303.8183842057644,304.18029826275693,302.9759399646554
297.74128718846686,298.0971227111913,298.63927783832924,298.6495666511569,299.52589831664545,298.710016743702,297.4503634900352,298.3065561275513,300.0051553478253,299.0548301773827,298.86324312518303,298.91018632897266,297.9550815860218,297.40314932279534,298.0681308525803,299.2958563957205,298.89387470857537,298.7082060800771,298.55374999527453,296.7814475185405
294.5961531067863,294.99411776165374,294.9269980329106,296.25064085871924,294.90250918999675,294.4415941545955,294.6406845609587,294.024100790192,295.7918536156832,294.8830334893352,293.7389376839394,295.7250845183934,294.4397634373088,294.40729847629194,295.2450672786277,295.6638503242402,295.3384472506299,295.04459596768965,294.35539927310145,293.13080969683836
293.5028744065969,294.8020750607029,294.20485470779727,295.85227694204275,294.5396358623551,293.79780842077764,293.8391546590802,294.044050871209,295.2684565522205,294.0340650401497,294.6985885131502,294.3525249187144,293.78528452301447,293.70863845058,294.0823349889618,294.63160141546194,294.5128859488934,294.44987695576907,294.48841657369445,292.94150139190293
293.568230508744,295.0899281055029,294.62995764292594,295.2663876471244,295.20406546783494,294.4264160365767,294.2146820228402,293.47321740115234,295.74603365406637,294.32832828030155,294.6907742358967,294.48758681194386,294.06333929966945,293.22942946173674,294.2143584504964,295.13325501479625,294.2099864047146,294.7188565997306,294.57926060063517,292.7456196219494
296.6981878264403,297.18507489937383,296.83802030733017,297.7113186924193,297.85218289112083,296.54037046571057,297.1672844872859,296.41631619580494,298.0197375252211,297.0049259170055,296.51341959885997,297.2713598867892,296.0940356503495,295.45185454318624,297.5530421555153,297.13051754634716,296.7552065808564,296.63191487300895,296.7311589484756,295.6406140370675
299.86986668066476,300.3274567480147,299.99748931278947,301.0401082803875,300.1307559372533,299.17189961149865,299.3472558250613,300.2161894843425,301.4080502233186,299.86365745351463,300.26890377667416,300.8507460322665,299.4818846270161,299.09198570340203,300.028285216605,300.1733719844696,300.05723928013634,299.95717771567706,298.8719392474777,298.7397150183651
306.6083424403703,307.9458613154033,307.1346292407396,308.28948386175966,307.55416326261786,306.28743211400155,306.5981501047263,307.0356495483288,308.4519667613519,307.37911714906693,307.27209789649544,307.8254337895796,306.40570479044965,305.9230235633314,307.48288579441515,307.95650701678807,307.4938910393412,307.3736098684266,306.62875806507276,305.76741876231364
312.99232617566605,313.71268909782253,313.28200675424813,314.3634718179789,313.484747093961,312.92704638507365,313.2542088388991,313.41297958720173,314.26293389301077,313.37216217851824,314.48549902089286,314.5475829413502,312.4675289767449,312.3575149297651,312.9195699526021,314.42178065661886,313.56657714842765,312.82057352014056,313.50534090093004,311.89777866138144
323.6983219268129,324.37000970545597,324.23035115459174,325.33234163697904,324.35880537213757,323.91116595502064,323.6461911381321,323.9348108503091,325.6666275187567,324.30718683103913,324.2738607575719,325.1268122293031,324.16043662538783,323.4475269559755,324.27808721922275,324.9689462635745,325.3417211275744,324.38959747446734,323.94345545923306,322.8125261687327
333.1720359455033,334.1993955828138,334.3849168670384,334.8867706189269,333.5554946337075,333.98059809376036,333.51102425349666,334.05491972430804,335.0831072529748,333.665300643497,333.8126673938928,334.4668239196646,333.2358924774245,333.398846566777,334.848664843306,334.1542636696499,334.26856481751827,334.09563267750383,333.2535140163765,332.45466291197823
339.53753677947185,341.0434420310484,340.96878533281415,341.54084099858704,339.5596452792171,340.77974471178703,339.4658195286011,340.3556805475496,342.12034877006215,340.42906286738094,339.4392347445223,340.7651402257779,340.1171674671275,339.70648555184437,340.49853726038356,340.71872801252147,340.69311988228674,340.4383445430782,340.05375332677403,338.53906679123867
343.9974934825989,345.3362187954232,344.88259588150186,345.62629830965085,344.6471856860831,345.18379438732103,344.41522820352293,344.8811091239571,346.17007179406477,344.58239440477803,344.421257590303,345.3229401204054,344.58163501411093,344.055783236084,344.0536689270277,345.86485320084347,345.51532344918013,344.65403305658765,345.07147163564343,342.8268327913534
346.9278957283342,348.22345968033454,347.5762729839608,349.18567571919493,347.43368320484075,347.080209442883,346.6954840637016,347.0601441688567,348.99450268512226,347.9001398248263,347.7739632983865,348.0307455140616,348.0863635334491,346.63321552888766,347.74158797171214,348.65762857354196,347.91898898196257,347.99485475103296,347.87270384263155,346.2143115397318
343.82049513168386,344.3891818130693,344.0463407354162,345.4464724003765,344.88593902288386,343.64696029241946,343.8776329798249,344.3341383180875,346.23337465288284,344.8396403213837,344.7495355710079,344.55216370432396,343.8606784922225,342.92462365559874,344.48954799446665,345.3215584047388,344.69613235761796,344.00716383525827,343.8113731513284,342.3390818416451
339.11595702574846,339.6581689869875,339.3320677989118,340.7340580800189,339.39226535983875,338.5675168727383,338.7653611536449,339.4026001574094,340.5124059198015,339.03599450305694,339.69299851079234,339.33541787919364,338.83482821163454,339.01962486241916,339.52052737217537,339.66904213312677,339.4819519836644,339.06353321865856,339.2664654182375,337.6816129177696
333.4005451971501,334.225433670948,333.240492811313,335.1956984359539,333.4271117390556,332.9579278247448,333.64756661291176,333.9696135582292,334.8531842967749,333.8817635043779,333.7533739182921,334.5673136318251,333.19009090694044,332.4992443505184,333.38118168494486,334.3029128127748,333.8622154098903,333.66233702871125,333.14164143590233,332.71730280739826
333.6339122792167,334.18680598397617,333.4760050796485,335.387027094173,333.51742738407114,333.6091903294365,333.1802609393239,333.08886452910946,335.00512038171877,334.2931892056492,333.3309863414232,333.9652243897302,332.642189252513,332.8936523782306,333.8624649907074,333.92735011618714,333.85837240012256,333.0722409364628,333.2558557209563,332.4405655108604
338.25324583691395,338.68161146152795,338.31226661797666,339.8927296892287,338.11622260314806,337.92937289123506,337.9303046394955,338.8269918275303,339.5951977468871,338.2840167695439,338.4289938247126,338.47278580824735,338.1550856223615,337.88171885597166,338.10629445233496,339.5139135877098,339.01986964750347,338.26045301515666,338.22263548166916,337.19967138835494
345.0476693399182,345.93312173847096,346.0823459963433,346.56951532557065,345.92952022532097,345.80642587815976,345.6214910794709,345.28358088617705,346.5904441323966,346.09919666385395,345.85084668974054,345.83742859092024,345.47408715214743,344.83513106960976,346.0446482576356,345.90578456677883,346.33134833205213,345.4098251191665,346.4735920154733,344.22323515669484
359.8214237221645,361.6135042195359,360.1446892181139,361.7723705132701,360.57462424523624,360.2682742016494,360.6032377567546,360.32911382753093,362.3302861305636,360.54052865305573,361.7205756453925,360.91907536616026,360.6436783466714,360.32008269914274,360.9598769390629,361.2730232760734,361.6235194322092,360.9709993679765,359.76216648661256,359.1610194491764
373.70381842751607,374.8935756972443,373.82493285498106,375.80134538970884,373.7921274295557,374.0767895707187,373.78605187927866,373.8104243874081,375.5268299025463,374.0647340537599,374.73483994275557,374.3931306277021,373.25392437031036,374.1717416926184,374.7570443073856,375.20329157070825,374.37998593440096,374.3233346382115,373.64877117745425,372.74373737787806
397.37641409868615,397.90270249226114,398.01054782053734,398.3396252788721,397.8600018269666,396.9432792268825,397.48507000134157,397.77032257108897,399.00832450163546,398.1004354423407,397.8607264467825,398.47236032258706,397.91201414528604,396.31580023064714,398.3312120281501,399.24808895530884,397.78357083030966,398.3686826906073,396.88465258727894,395.9084369185305
411.66536480786345,412.2937484690671,413.56154742920125,413.0610941289496,413.2307035103714,411.4866035961504,412.64951273620824,411.1834214551343,413.63343360384044,412.04049198296434,412.57512032341805,412.5761041700236,412.57998923799187,410.8970877011648,411.2709433813459,412.87797167768764,411.90477193010844,412.7637399448958,411.3652268588423,409.8569065493473
429.3052713894479,429.5966790472034,428.7711376352695,431.4804288855457,430.4209433339382,428.5090855006241,429.3937620043866,428.72800264197735,430.79038178225824,429.92114783441076,430.1768086163207,429.409812218151,428.5162443767876,428.529724153837,429.5904233604817,430.86422500729753,429.1832675786942,429.9738821351586,427.6979017408634,427.9905016814408
433.45820363567697,434.3142192273391,434.0226393876419,435.16596394697996,434.17788486119696,433.34527165492386,433.9299033246757,433.97536031460896,435.9334612895644,433.38688701254114,435.20353007854635,434.07777710466354,434.19175455808863,432.87529236423507,434.88581195778823,436.1828388223429,435.1987416826643,434.7878576503709,432.5132122993262,432.6798360976485
433.08685572324015,434.5906771370323,433.29707124426227,434.50863796395066,432.9904292032405,433.38796602011297,432.9149545042879,433.5288520156928,434.52213731229836,432.8140377565072,435.18341772994614,433.09862028230344,433.13834922236094,432.56132392093843,433.6039138842832,434.3299698012775,433.8593111407811,433.38497490513026,432.58849656499797,433.162077647293
427.03205995364925,428.27054248194435,427.46454971922526,428.8535587660238,427.8494649851406,427.2006268226284,426.8856925116774,427.60483396063813,428.20289453538453,427.3935734563432,428.9688950530512,427.2375728617742,427.25726950992794,426.06508594224977,427.92902384220025,427.78442993471515,427.64821039254144,428.0471016057216,426.37467087662276,425.7310804745915
413.3007485250561,414.19867669219275,413.5265819416764,415.17751660607206,414.43797963434656,413.14074388767335,413.5876414731813,414.103675364553,415.02619508209915,413.44628674690114,414.76693615192846,413.45816426619996,414.2884220385938,412.6887653013192,414.7028191772727,415.0676741459065,414.77498291452486,414.196267095902,412.9173745313047,411.71908696218816
393.04994845784944,393.1921875651014,392.5659385287697,395.0000377759108,394.7632345085439,392.79485042181966,393.2975580527529,392.59077728217653,395.2843265129846,393.87868527809667,393.3812118642227,393.434254191315,393.2833270973645,392.6369102512316,393.25613926741084,394.7733474082837,393.95339773894364,393.1315889253199,393.1218963240177,391.79372986396965
368.67356662891285,369.9752265074254,369.45999054599895,370.08432759502267,368.52564951691687,367.2293549008183,368.1105259952322,369.8991349847102,370.7354952258917,370.1796536042672,369.3104783931916,368.894135215926,368.68382928232165,367.373892110515,368.3700651745352,369.7493302658341,368.34951103564725,370.73690833102637,368.4545933652411,367.80869095384185
355.84757434767516,358.1080407362055,356.94710076317074,356.8762933821596,356.28148323691244,356.0203354681468,355.36631313852826,356.09704540272253,357.58478668666993,357.1044221219537,356.08607879762695,356.6532236628871,356.4788786021448,355.17495547707824,356.2612668028467,357.059186325504,356.1591536660396,356.30684636435234,355.8075075595587,354.53696130809993
346.1313204221009,346.8930302644829,346.21885658033034,346.942168188866,346.17682751319154,345.5500493903209,345.49469546683036,345.8826899081181,347.48087464919,346.09488151125646,345.9089102023901,346.54823912277817,345.663030523772,345.19421866490165,345.8047254001091,347.7335318017657,346.7245800644042,347.0132560597951,346.13314315598313,344.77061820263424
337.56759856120874,339.0514489231058,338.127441193328,338.9205282970366,337.70355151417897,337.2141977180435,337.74891837014775,338.24950088155674,339.6836416579949,338.32075132296063,338.10657477143684,338.97782426172836,338.04722874024213,337.39035515854414,337.93092143646635,338.63299026785427,338.5360277745463,338.9245253830533,338.2496702600243,337.1351124958473
328.96531055065293,329.1030351040851,328.8624196607431,330.3176999400907,329.55838275414015,328.90423851424225,328.83286107028727,328.37556632119487,329.50209747431927,329.2443243527468,328.87724084450764,329.1099786161044,329.22529547432015,328.3945992592845,328.65112706272174,329.74887085027154,329.8780139214958,328.54365841988215,328.9574374492819,327.8258465602966
326.8797075102472,327.05718328819944,326.803100204235,326.80424167990344,327.9785754160266,326.8925841246213,326.1876242298799,326.36559694436335,328.2850463089185,326.6395803075233,327.1908730911224,327.60067378092356,326.8003940018664,325.44677737542645,327.3070182035181,327.82275918679403,327.03290490432715,326.1219668848733,326.29297329775636,325.7931842180651
320.6134714959029,321.07687959870793,321.6734955853878,321.5886660510249,321.74780925759285,320.71672616254796,320.7680786853629,321.16560650157516,322.1531205523268,321.04477569833705,321.10197156832385,321.7655000559488,320.8440185357464,319.6132210609084,321.22252494514265,322.1105150469455,321.27787116669526,320.9461435553725,320.81826892060946,319.7835702535496
311.55206766439017,311.6272443625592,311.4149549966782,313.2000308508205,311.97895153619817,311.7211104272211,311.8142071416933,312.192000496604,313.09057898902034,312.32487923577224,311.6513599356651,311.97188386314406,310.63533539057414,311.5177179388456,311.9834187052629,312.55978877423223,311.959521762471,311.6687036528017,311.5877388053905,310.806289177884
295.1216447406493,296.4114783933093,295.6454205414453,297.243170841342,296.1053522866338,295.49441324114133,295.8044093395874,296.11356854628445,296.85726427551924,296.24262520495193,296.60925581450135,297.3786509450667,295.496352646016,295.2296430514223,295.7723430830414,296.70025648424945,296.0660641919722,295.22415718681185,295.1682552795487,294.31008872097897
288.7686494816434,290.0960749331664,289.72102893770654,290.4739877750778,290.15817288267135,289.1222788763517,289.5223408679848,289.4033492639104,290.51861948824853,289.6893775879936,289.8079466679046,290.3483886353145,288.1768737377921,288.25855792747404,289.80214081995103,289.8811319925172,290.160501246024,289.92185893938796,289.31534844924045,288.3230682522516
282.1299963805544,282.2115262504189,282.7994916463062,283.6451581814612,283.1259216068718,281.319147219389,282.32045646987996,281.74078006860276,283.1424413360618,282.16178893056116,282.92103741438194,283.1567224784429,281.4950501124055,281.3215618020712,281.8268378435546,281.9487121217613,282.7139334324204,282.01297649651343,282.23379946521874,281.0021078458098
273.91719260900004,274.71418034003824,275.260241213625,275.54746034434464,274.9166738650052,274.3080155761178,274.7179731563357,274.05962780731386,275.6498168678101,274.3957826312214,274.68776049588564,274.8816068059114,274.45965614611254,273.78770946524827,274.8384759926845,274.8347158229133,274.8180544175265,274.78847554361954,273.755093288151,272.6692308398938
265.39339369798057,267.0642102553381,266.72983083966477,267.0863963172825,266.1804504170131,265.99302314167227,266.09983372319147,266.1524850732109,266.6729369372086,267.5563691504523,266.8619172518535,266.9746355183892,266.1166600089086,265.32704326177344,265.9985423595205,267.74834564966136,267.4183281640063,266.4626347654985,265.2380247767529,264.8804853131635
262.2755183816403,262.6700300208844,263.0659316906889,263.44760737719736,263.6766089334834,262.0389051977731,262.71009710110087,262.46028614273,263.8170646576219,263.13694478529925,263.4924808307466,263.35448767007193,262.9006466525158,261.7919129967829,262.9799146207834,263.10505136395625,263.27678624597445,262.86683830730067,262.491185925853,261.46513580620785
263.322076206702,263.4287472381589,263.4243007630327,264.12262921210964,263.905776267849,263.13531988762685,263.0819928996208,262.63203621213165,264.3340181363103,263.45249274887226,263.9279309320906,264.0149217120889,263.18351360333963,261.89883637770333,263.5344021150912,263.4167028625659,263.03957121873094,262.9169538515401,262.9161291074751,262.1318749877563
263.2725607608592,263.5642782653931,263.31994191646544,264.7176851930832,263.46306534766313,263.0502862136727,262.1541288871499,262.77241972313703,264.395487383725,262.90645056188305,263.54653975125956,263.52468501519525,262.53727157092277,262.27560099408623,263.6978099888927,264.1195178060202,262.8783307221065,263.17574317080783,262.600613578083,261.38826298214417
255.59318938608297,256.32133621977846,256.3312999913682,257.16866816751894,256.2839086259828,255.74958933479257,254.3228697680109,255.18898902238126,257.41154618572716,255.9789653187399,256.0921391495968,256.07354040047437,255.0437450927015,254.33238202278244,256.2148806333723,256.524373756832,255.81069295853598,255.87281389954555,255.60622024478914,254.30756082267413
248.51371682296178,248.79631594874263,249.22563095208196,250.0677537888775,249.90815505443203,249.16095307411965,248.39832284596187,248.7500960044603,250.69348080794893,249.05087694003817,249.13718993995414,249.23792286871048,248.23700597111622,247.5605377839017,249.2633534981497,249.6540254314917,248.23234557162576,249.07060785805876,248.69901289710518,247.7062957221448
243.75300917358103,243.9622947643848,243.58993754878387,245.15043694986363,244.41982036313536,243.79780338048937,242.7072401217031,243.15633442234042,245.05793624876014,243.64526730460844,244.04409995298985,243.94123464986637,243.30796086970835,242.97864754625877,244.36893736858985,244.75437797702432,243.08948013524966,243.88017493836426,243.1856456440703,242.7682711372728
248.7618618819262,249.50202678536922,248.46801478953086,249.5428803599255,248.96627052430858,248.86400422526003,247.28826799905804,249.44372959393044,250.26107817946493,249.24559536393227,248.8295894310153,249.51384219511277,248.5340519498823,247.8307289704776,249.45538052588182,249.30664443860104,248.47435686241735,248.6624708640156,248.57441061290666,248.20935263582638
260.6143818794297,262.28182240571334,261.07467354394987,262.58394009055365,261.7312847942268,261.63187266369204,261.0375096689466,262.9828300522888,263.5572994825774,261.5270230529968,261.7616261539748,262.009007569034,261.3385770849839,261.06561309883097,262.6012952709024,261.2899609376919,261.831761871782,260.6524577667028,261.3203414578357,260.801676055682
284.5817722048844,285.08563024293136,284.4237343571767,285.50524269090033,284.9291931829365,284.8065648452617,283.64206822740385,285.12437152517174,286.9798786803671,284.4708622977658,284.3831040614764,285.17745344354694,284.12597467655166,283.89853930887426,284.64343961560627,285.25251637707987,284.8676384613625,283.9296243702411,284.7700063503534,283.7328460475669
306.60237832071755,307.364916221352,307.2868654930037,308.75441705541056,306.8617221491659,306.1194860752732,306.2811612045305,306.2943881109446,308.3471793735901,307.1619849411418,307.36410036527826,307.78563820836865,306.51622231407583,306.1332083598356,306.716968184286,307.2358574534761,307.29744028637054,308.05388249319896,305.49109368629956,305.31431876879384
337.3815325643724,338.1185454157256,337.3497763147816,338.5322352024704,337.9208146342738,337.6905140576621,337.8854617495562,337.5417247722487,338.67993494522693,337.91352700749485,339.3707888342877,338.39610509954497,338.07848198130154,337.45739115188496,338.4698575713967,339.0367764861704,337.49742987293604,337.6727789104667,337.4393080470324,338.3443830363864
364.5190395523401,366.4696246597863,366.32337351931443,367.2134509878077,365.9655552369979,366.0754493343372,365.4647148553918,365.6844280089601,367.292875882551,366.0224879530414,367.617572745004,366.72459022099855,365.8019572214851,364.3448095796899,366.06465729640865,365.9638065036449,365.96288513316557,365.6649602410781,365.5913661127562,364.1230908016249
391.6350501841287,393.34370352091554,393.90037670769885,393.7464568763799,392.9863762979334,392.27842352185985,392.96368658676414,391.72227590968674,393.99017349515924,393.91795471289333,393.3533441150884,393.4939810256578,393.02388921719063,390.9856099588538,393.2337547612307,393.743282997126,393.2185459236874,393.00955376929295,392.339975805834,390.9297163741548
414.54302237969995,415.09175324187515,415.07112887038915,417.1746622731417,416.04440199303457,415.01613079704504,416.06748208093796,414.6181112573291,416.3259253696576,415.2615621137815,414.63164721753833,416.0756208300257,414.9385202073663,413.9392726573932,414.5183471264826,416.0596623650862,416.2860096958727,414.556013191473,414.62139686053155,413.6919788796124
421.5816794880305,421.96806097063444,421.96208804411793,423.0856575285801,422.54634109622435,421.3775379557473,421.5011670426557,421.60878754439625,423.27438596621096,421.5773270254741,421.93671559408085,422.29378097834154,421.55880461653067,421.830621199481,422.077699284744,422.4376026825222,422.1476711745673,421.87367806045665,421.38564642288094,420.63952649050555
420.4004748700668,419.6536544712789,420.15386349688407,422.02222535688577,420.6958937369592,419.6222637918955,419.06762974375965,419.68197044884016,421.2825562849375,420.4267471385609,419.4465272138828,420.55989381575523,419.9199952431896,419.7276669066451,421.1767749247599,420.31049096629255,421.0607832751095,419.60647073568504,420.0073041367747,419.2826022628874
412.9984115012408,413.1282485186905,413.6661309618,414.0312570888906,413.886451848494,412.2454995396127,411.5314155148367,412.2403439103369,413.0823309321893,411.478833552845,411.70201555637794,412.06690975340985,412.3192304162461,411.70613691595537,413.7004496358977,412.9942891215399,412.6658327996621,412.52335154174983,413.38209691677963,411.5719545759325
388.63662256999095,388.7482681393799,388.6967842224129,390.96578399145176,389.80157616572444,389.06099867709327,387.2441313101113,388.14639718841096,389.95484031161965,389.08949613571093,388.5826299931745,388.15550438927556,388.479321200886,388.6201983230374,388.34105966345504,389.2973054902577,389.70625863923124,388.16813411394736,389.90718064011907,387.0351991527556
374.4599783470743,373.4385163533083,375.0820569061531,375.2089027008507,374.55499039942504,374.4874446332559,374.76805805235534,373.7901073323412,375.5703623513087,374.69544608959086,373.96225431292805,373.52419021284885,373.7456716008808,372.449591475692,373.5265764779306,373.9321813439255,374.7603514762898,373.3555999637397,374.60090537044886,372.3010019606352
348.0128275757933,348.11822776171465,347.7523419760491,349.45114402880415,347.78822236722146,347.9762159218456,347.53681912975725,348.3841280308684,349.80773961087,347.81991016693996,347.9199596523723,348.1745961059131,348.50699251240496,348.0426612910817,347.75304986754674,349.4110437727609,349.5223003282299,347.97499075002384,348.9336188692506,347.5097980016265
313.56257396181877,313.66056658996484,314.4965593931842,314.258444460534,314.0837221380209,312.07155204631795,314.2128219267736,312.1528835688342,314.87396184601516,314.39540009234435,313.1595073963289,313.5737710910785,312.6111257989828,313.36120820980176,312.88713706742425,314.31725905488395,313.197315376271,313.4905472949464,313.42035713484677,312.7662676908138
275.9089369811818,277.8519374852644,278.6079030833477,278.8776993717351,279.25522304088554,278.80465950143736,278.48508546799377,277.8226348703243,279.80149048109433,277.93062751247817,277.83752489678864,279.15355379887427,277.7047158262736,276.38691114142784,277.8087190044456,278.05697059097207,277.59233711852795,276.98831683893724,277.60747207531153,276.40757033591893
261.31915855377304,262.1339906048998,261.52363107245804,263.20195327508674,263.256415134261,261.51321975425265,261.62130000818274,262.44396263265526,263.2637850490101,261.99822006441104,262.4086267931012,262.9354720011436,262.05729727535976,261.67107364459036,262.45141998343655,262.2241502754634,262.7316363729717,262.39880760924547,262.6133907607248,261.0460720364447
260.1597305133268,260.791052631923,259.9127942941959,261.15844990156785,259.9299098175525,259.7881751948551,259.7077660181034,259.1772312354082,261.8603420154281,260.411018572043,260.10256380006547,261.0539404547771,259.95858950311043,259.40184594133297,260.5699776929099,260.3064563980831,260.22204866332817,260.6506338024552,259.8528488589253,258.9203322843342
257.40383488675354,257.0459436578168,256.30984840843934,257.6344710717656,257.6121590138799,256.2373452626083,256.85299180002045,255.26352689200993,258.1184465480366,255.7780101779172,255.62532842860116,257.1471251626753,255.06387584335044,255.85256720855364,257.3907034935173,256.41279695913414,257.13346179644503,255.58057443325148,256.4292796738703,254.48900715144833
267.9222977180922,268.52923540536494,267.91874132177406,269.71833452861097,267.48444373431664,268.7979132522144,268.1234777968242,269.9541635225853,270.99514476405363,268.66890765587067,269.28358401426135,268.8398628684648,268.17507761122806,268.42187351412946,268.9467330322249,267.84823032019665,268.49150166934794,267.6990310443173,268.2005482045693,267.00216390616185
281.00446443766293,281.31671082424293,280.9610534714138,282.2119565940859,280.97095557199145,282.00190565715167,280.4812999952226,281.6930442210401,282.32471116400563,282.2789709233418,281.4796682822129,282.46798074367956,279.9848461189055,279.629827585947,280.49778971910047,281.51905084889836,281.3479505021273,280.58387681316486,280.7974900380961,279.8016455915806
303.4961831381752,305.0887399501724,303.4249625768402,305.33140927532395,304.5155677612438,303.5853519251561,304.4641296782033,303.961247913785,305.4561828557386,305.2054113913331,305.02628107369395,305.4539477584948,303.50027681523443,302.7406419691514,304.57850534932226,305.9494415111332,305.31080763909756,305.00478797857807,303.46879151899316,303.542036331013
320.8579098401874,321.33016252239776,321.4427052881202,322.1979228138208,321.7561877848052,321.28641103749857,320.86991322459085,321.1368404188338,321.74351292245143,321.285039601052,321.82377654550123,321.5759022142188,320.49230386415036,320.32935015880787,320.77310768835383,321.51417961081614,322.0477861563346,321.6626144413917,321.6432780779038,320.2322382468526
336.16250136274493,336.7482025603654,336.7799511894536,338.6368950973848,337.43754231697056,336.8300449740953,336.02716868014835,336.45442728418215,338.3095316578198,337.2072305718136,336.98606761916005,337.12034154137575,336.6854243249119,336.6364004078178,336.88852334049966,337.66363979802236,337.80436843494505,336.3528797407574,335.7718228224382,335.4784770759389
343.44421136828083,343.4835908399319,343.7503166572816,343.7050285500331,343.2416396509395,343.03801952671813,342.56813440266177,342.62989958394803,344.5485568116601,343.4205695591021,343.22679815098314,343.15153643134346,342.7506105475112,341.7714365483993,342.55582893081805,344.06991717376286,344.1099488670147,342.43431285683954,342.36516767434216,342.1922537603366
343.5515954849894,343.47132392941324,343.80977517665855,344.29091818597595,344.59938188152506,343.0258636421243,342.53737697038184,343.38348885937387,345.06841391847547,344.05910954008357,343.936996744206,344.2669458706674,343.9578397488541,343.3201217000537,344.52323795839584,344.56398836707274,343.61828332711076,344.75526130236005,343.0284509434898,342.50674155751886
335.1426315364172,336.41422872991296,335.17574506583185,337.0222595922475,336.2205038346813,335.510682234196,334.99980184356974,335.6371796489044,337.0615465192339,336.58773136116633,335.4474691285069,336.92675820282483,335.79988047603416,334.9698722581196,335.2550175655762,335.7983039849635,337.0560653343919,335.6867713601089,336.4232843690068,334.3880282701962
326.78976620186586,327.3305079537477,327.7942705115803,329.0574389027179,328.0105127237041,326.7852381904056,327.200834915699,327.6560551403308,328.99147948232684,327.43916753644527,327.9463634374643,329.63083432969205,326.43549072772436,325.61562689501164,327.6605758899535,328.2054963418822,328.1520438193673,327.45744519308226,326.4394510659975,324.68052781352765
317.04238897436613,316.8048123002945,317.24105243060444,316.9732906306344,316.8910477674076,317.03645596897655,316.2830046402155,314.8396692407104,318.64044759009056,317.31906840051977,317.3436562770429,318.43316762498915,316.34815743596033,316.1828190174945,317.57538755428857,317.0821967091316,316.888685055168,316.8946296273566,317.0004090726649,315.61935878738063
303.7186139393193,304.9992925858089,304.70963829515654,305.14168717019976,304.8929099088637,303.58745641325856,303.8944729663577,304.83342114525146,305.1907297006483,304.33397235596317,304.03014186778177,305.4287896697453,303.256920850501,304.14108354361,304.486494231177,304.2740955974862,304.68971016447676,303.75647736749977,305.3190309391172,301.64461222999813
301.2746345667043,300.39228717493467,302.0035137948086,303.62790095164377,302.1574992519276,301.32326645236117,302.5548549652286,302.2200030907981,303.82613944568493,302.9123310642911,302.45309903120244,303.35011439674776,301.60743009816395,301.3466498308951,303.8815078897326,302.79364326146265,303.08369904195644,301.6889980539258,302.6951845321093,302.3256055988404
301.68202941074605,301.54805256686257,302.9673043356881,303.2763665503403,303.1955180951744,301.9805858201464,300.73198625020655,302.22543459943233,302.65226626644534,301.63383706952015,302.51893648278013,302.97702929443534,301.2574944103761,300.82692412034737,302.9286353580238,302.4890362900549,303.0068553322879,302.20884730040984,302.0253863934566,300.05387641931634
304.8232704990787,305.18374637079995,305.15828537276485,306.29745096544826,305.9703555379053,304.9386991862793,303.61401021182377,304.24757987032206,305.8566322050531,305.08738556340955,304.98984254243624,305.59258737262394,304.57022974640086,303.7971159823127,305.1825599901049,305.90022472450164,304.9718959557493,305.1716328158664,304.02676350256206,302.91167038091277
306.34388494017617,308.0557864380865,307.559754412874,309.0435746115499,308.24790954017146,307.0221395789609,306.3634790326011,306.66597182146995,308.2594018656889,307.76504703701056,307.42763374443524,307.6120093136279,306.7839971874098,306.26133298364823,306.47805418454834,308.6667606685459,307.2619718994804,307.21986392081243,306.4223735790142,305.9773914581673
311.69406227945973,312.9879038096972,311.9537595184735,312.64920530801237,312.77418103243895,312.0589715557386,311.5347325831939,311.6690069214624,313.59524423512397,312.4936375680207,312.8288241009494,312.867602564542,311.93508849322893,310.4763937100496,311.986879276456,313.3515752773537,312.49693155428537,311.77362394722365,312.5104048149088,310.91155761014744
317.8491985279326,318.761969424097,317.60740101952877,319.7379994494503,319.3016919393526,318.5731181510573,317.73496781981066,317.7034487326739,319.64802915650046,318.2517243947768,318.6092045499413,318.26056730554956,317.8128110824875,317.7926793979969,318.04941088180584,319.69711649994497,318.7231365567485,318.08827311030774,318.12410603477986,316.82976565406625
318.9712709220658,319.9111250432478,319.00910226908655,320.4488816259667,318.9199337682602,318.71894839738775,319.1270369007497,319.41921514087494,320.73467863037774,319.2066683405853,320.11600566253225,320.1427717486018,319.0187763007879,319.4618409873522,319.8758609644095,320.04470832407736,319.60433732203063,319.7956931444937,318.64583163855156,318.53474104795265
319.3159685354139,320.6108626191692,318.45570574802804,321.2244940054734,318.53522814090707,319.0578848426605,319.73177952838773,319.4554694810592,321.8045839591913,318.73514463187973,318.4100418734144,320.38674476708275,320.03874052708767,318.7655084894401,319.1535402214263,320.60537229167124,320.39249090334226,319.00466471149906,317.8856036503141,319.03054458757794
309.16337051415564,309.74607791801606,310.25980912501944,311.36891526189646,309.83817234392893,309.7006564337116,308.78867068290145,309.5016828669759,311.78282877140947,308.74817781989174,309.8655734260883,310.8623978568862,310.19505842483306,308.88250700221084,309.24301441411745,310.68210337745677,310.33973453626453,309.38429795821764,309.53259892004337,308.5335102998634
298.84435865986904,298.4074016431261,297.98161009038216,299.0604302167891,298.3433055452147,298.02749078467446,297.32088429516335,296.9599688621746,298.74850548836366,297.6036293107936,298.58761246611914,298.9126182109697,298.9604659656736,297.2402889665029,298.3060947332071,299.1606164570329,299.33116898648655,297.90736660058366,298.14027782881783,296.7175058677753
280.0546361840469,280.9086233198178,279.89526380617247,280.9549351703895,281.1573336447345,280.8015135680884,279.324718202261,280.0384797573042,282.3538278238764,280.50985024661895,280.3304142266355,281.08823965114425,279.8217308806509,279.76338190786043,280.38228163595744,281.032987720722,280.8124575452891,279.83192107718446,279.3572893975697,279.0875448326777
261.85978608119655,262.86882877607127,262.8180431817212,263.58047417977684,262.6530083539154,261.803403523929,262.36083249987126,262.44046645695494,264.1898136862866,262.43401416972165,261.7807557322306,262.77118665466185,261.9415622503421,261.6493723767569,263.05663320864744,263.36536119216294,262.4402062449876,261.98048239966204,262.4290633452721,260.60355040447354
237.37907901987708,238.986557996076,239.2284070500706,238.2107657931635,238.1517987336196,237.73379123146958,237.82353402873815,237.60430636850637,239.34924314003334,238.54009868902304,237.63607789414306,238.4900962383864,236.8297005152161,236.34030699233486,238.17171785127303,239.22032228149317,239.05561517060912,237.68448506710885,238.43978946213963,236.5386703300254
227.29342329595409,227.05340442477345,226.6788589131157,227.1269882619258,226.3490607562127,226.17187898486875,226.75165629107863,226.67034741337977,227.83777097041215,227.7939886209953,227.63770297052676,227.21846904901378,226.74500837588374,225.6850181530523,226.8335899294021,228.67101909963827,228.23156155698325,227.08105448451474,225.2946619091539,224.41788118035183
226.1708949286958,226.1734134064929,225.6098515666955,226.945236731135,224.21623816405722,224.1021899441579,225.07155225257108,225.5558354704782,226.98797108964703,225.09256493690737,225.7772536693227,225.1671344932048,224.39092619537877,225.30060792751215,226.38742263167862,226.5402004918975,226.22410569925046,225.56702328909574,225.04382394090658,222.3105959616089
232.09320093178457,232.61779568690747,232.3303449561045,233.88578128727423,232.66395596932958,231.9030427928799,232.01898572211908,232.1221155459229,233.76724905470275,232.54481588471992,232.2389667923935,232.14594235169324,231.86989526056806,231.62590907915907,232.959277965396,232.86128748924415,232.87604495328247,231.71773446860257,231.60688033247388,231.57825699696616
246.86976707844008,244.9947192108338,247.01405851660357,247.59260809935407,247.07718677465576,245.49861498876848,245.78527091205868,244.3089987211125,248.22948131661113,244.63453564799312,245.45097250899136,245.6019390741772,245.43846644808883,245.14777255082635,246.21928037331756,246.10155135127036,246.9503539305352,245.05899615689918,245.44942810377032,243.94479219991618
269.6707521167891,270.64702651782403,270.61260221931525,271.5916838932663,271.6819785539929,270.78098186630166,270.21814026997447,270.4807688462739,272.6788938269869,270.95890522287505,271.4994528581793,271.330107873011,271.02408677145075,270.46572243893394,270.789015780191,271.5932103964361,270.8025558317397,269.9205096908731,270.88917933361563,269.8032976593751
299.6771545088678,300.3541485944395,299.7795067355556,300.39003532907117,300.17202062144014,299.97488688202606,299.5751730022978,299.61640338098397,301.96847114672426,299.70745499776706,300.41437175457986,300.45019480091884,299.5236445420233,298.69940305106223,300.2399616780797,300.1683479760193,299.7731818218508,300.2252086882514,299.4981364770961,298.74955340798147
319.8748235181444,320.3194175712996,320.7336494213712,321.1726847055702,320.82142700183334,319.5927633606609,319.97544304422337,320.0121110770487,321.80971992333275,320.75671178624646,320.8950064046758,321.09990115114954,320.39550954339796,319.9301575689322,320.1945422748101,321.22701910474086,320.941947614174,321.4350479994278,320.29739076319265,319.3511294125485
333.25402670144405,334.1135575399772,334.5457229210872,334.6703665267962,333.5533739997153,332.8968230041261,333.347504962559,333.4474455459842,335.59278230648806,333.32737675022474,333.9476375118611,334.00704726362835,334.10387288850865,333.66145098132904,334.13519156773174,334.54548864452795,333.61942676995767,334.5965533328037,333.5686530525325,332.38238956609325
332.1846211697135,333.50783709724203,333.54975983757834,334.4732970754064,333.5273229441695,332.244540779102,332.52283578269754,332.88872666663224,334.36051422933997,334.45815598784526,333.3759077091738,334.04455999226445,332.9491315186445,331.9837205907139,333.61288147608286,334.1696743643197,333.41430933002067,333.46628216859403,332.73942891314204,331.5784126926777
325.4627999422546,324.7723496926489,325.14900795171076,326.7420883627282,325.8320364340358,324.72051281792255,323.8351742046121,324.59654337999024,326.5798444939616,326.3992632704002,325.0759126171384,326.5900624128515,324.6198682522226,324.0581387225324,325.5810967613718,325.6240845371421,325.52069815404104,324.9159390249045,323.87570247676365,323.5678658804582
306.4850876083804,308.229321096762,307.66410221190637,308.1191745813859,307.65485873818454,306.76831750158186,306.6418120344054,307.30064651504347,308.159253079568,308.26654981855273,307.54339219948747,308.03823183948646,306.21918178360613,306.49340054713304,307.0872902942543,306.70861718667123,307.65066843649043,307.30529406016103,307.08765051672174,304.98450879243524
284.34448688090924,284.84462186393216,284.3428414959402,286.28484230310323,285.28468651952613,284.7992587872545,284.6212255709605,284.2698814490586,287.7880703337011,285.59303822408276,285.1938140576682,285.82763489414396,284.5143206326552,283.948531456223,285.0090572641121,285.90977046320904,285.91954824207727,284.83705210179266,283.84709827159827,282.6974496975873
260.61796066771154,261.67124751427286,261.2750023769048,261.2555654938446,261.3818701046714,261.24915903753407,261.0478022455048,260.2764206818625,262.36887743501046,261.115275920684,260.5009223170142,262.4034646402479,260.0271605697455,260.1482563589318,260.99131003646386,260.83962219759405,260.8852299154114,260.3797364818239,259.8695387954305,259.8177424568615
234.07930531723196,233.90783738169574,235.15654570051035,234.6674678851892,235.16897782735353,233.22713769375076,234.42595364916576,233.63433817569143,235.2021523318277,234.89298885886674,233.5095918830671,235.30703342936366,233.7393162655577,232.47611083186763,234.0725249370559,235.21389969502215,234.08374453995197,233.50969710931156,234.36952262629023,232.82596729031087
215.39414810294366,215.6074572222423,216.2245246500403,217.9547268449906,216.52891136507282,215.0451827890105,215.7015214717942,215.65761361439834,217.2561685208424,214.92776624195048,216.32499521822518,217.943603422097,216.1150022477983,214.30443677333045,216.74758157990254,214.78248602249204,217.0733273904974,214.84127927730745,216.58183973480863,214.1078072393331
197.7493265643516,200.47160937978094,199.63877877098568,199.83513511443886,200.14279154069644,199.35119152980946,198.6385913186613,200.2596982521761,199.94607425823688,199.444561640274,199.19839856372232,199.98805398043845,200.19235203617555,197.89376680581006,198.1842586350335,198.8440158552994,198.15237766869905,198.53155431876993,198.69493850944477,197.92693082851704
204.44841559734365,206.74541909456647,204.9977108051756,206.35785314638716,205.40433653660614,205.12572143397972,205.15912962784077,205.74246333923125,205.91197404031763,205.2514861032161,204.807224101618,206.2019444855138,205.50085647725163,203.35211875175685,203.79766995442714,206.00007105579735,205.38245658096633,204.47841906903292,204.1635405310436,203.82972304990165
210.8105191745008,212.02400918807558,211.43862842625293,213.0882948692338,212.34496910175778,211.72557252131364,212.15028508207533,210.6320905667554,213.55293821269186,211.6992828035235,212.21876453262357,212.75596953433285,211.5235377688818,211.59809928687957,212.00428150283244,212.19693241989947,211.8882933401964,211.3319464556497,211.29110957458974,209.90628775646772
217.81870751558705,218.68702516607277,218.64157877107104,219.9326047265998,219.18379135935072,218.35420931230658,218.35394395630252,217.73144525862395,220.05521874961823,218.32778197296483,218.18642415065008,218.41172217889326,218.47474525936764,217.34962305693293,218.0379109938183,219.53249398222619,218.75876804204327,217.72790718140158,219.0194715276047,217.65814217071076
224.56575852426943,225.37883467283862,224.68082833574036,226.54832777327462,226.1016931751028,225.2794259442699,224.73751995508965,225.79944396604856,226.44510338528934,225.52386353123197,224.8216349528814,225.54682744050663,225.557250318665,224.43676353666888,225.94288615678158,225.9127027863012,225.76655525136462,224.97523715081934,224.1369686096974,223.21040193201978
230.01545329460166,230.28046865218593,229.97964783501814,230.47308862145331,230.19247524616515,229.29599822507237,230.2959631411498,229.2760120927121,231.78593745600688,230.331745956345,230.1806569919756,230.689926920163,229.63488980173292,229.6371082360553,230.08443151504596,231.45901153368362,230.34397617691,230.94187184465304,230.0846118977866,229.4738637998852
234.00855131838983,234.40592088093067,234.4392764977279,235.35464811739334,234.74922103653103,233.92599362640286,234.53100393627042,234.28488169621133,235.35116961213188,234.4637090511649,234.9601499407016,236.42908648637012,234.55610984888847,232.73059048015614,234.96207420888328,235.31528178875573,234.86486244120897,235.23920753469173,233.44677822784934,232.88862756079803
228.39514594080316,227.6867569486259,227.57308178622603,227.26482531866063,227.37214407384258,227.6119588424509,227.25171384838484,227.21364448815274,228.70562531824243,227.4077188118959,227.91402523460772,228.58235874154465,226.35534731755854,226.53226869072353,227.79339160987925,227.51851453243626,227.63163433431595,228.1956244185011,226.61987666689018,226.08843877202483
218.40635865127206,217.957981683743,219.05509070806045,219.31674334016583,218.7649402940404,218.27331619913463,217.60605036946774,218.16685832848,220.44697911669192,218.10980856769484,218.20848998169384,218.0156397226205,217.86334015885222,217.89539601839408,219.04127789590746,219.67360532775862,218.48610606681507,218.4813569700459,218.57681189696825,216.9689435837498
211.93548314560533,212.89946447190718,213.09585346360268,214.33045890226902,213.9834505672862,212.62498280654472,212.65569114777216,212.9901229001384,214.63611910302907,212.96606747117863,213.3621385468713,214.6632560439815,212.62144855228937,212.31454695760036,213.504387134101,213.30652399305959,213.42123995859194,213.58068432905205,212.86061193084362,211.77579386476606
197.57700319564213,198.53045388351157,197.9885002485392,198.84154793336407,198.37787156115033,198.2432511150807,198.17371737686062,197.55870308837572,199.24076357001513,198.42994070231734,197.972697338694,198.29264489895567,197.5101701405408,197.03714860223232,198.14357087094163,198.63427401483492,197.88344713936408,197.47548211059112,198.06646837114175,196.60900610632618
187.19432175645653,187.92276111793464,187.90193015884435,188.69034201169072,187.8622736278277,186.98968903997377,187.36831538684945,187.79022353270088,188.84787384641427,188.31023299670673,187.90039648709404,188.11972798895775,187.48505107779758,187.03212831498948,188.10568140092627,188.55385190162346,187.58879922642055,187.5771273611502,187.58513240784382,185.8808760018837
175.5883066543689,176.90572729885415,177.22316787764996,177.7611864337525,176.94507997110034,175.9197764483274,176.2432062092047,176.12459707481304,178.26556674954148,177.11703820500006,176.97855078634373,177.19197128587692,175.85893727527798,176.01996915840695,177.8034216545609,177.03194619996685,176.70289873241197,176.84738804307784,176.73139337961945,175.33563236090015
173.38881347058523,175.25566006766678,173.41996930818837,175.33347069857882,175.28590643675122,174.29640190235736,174.1968655851125,174.4667619634391,175.36378540531834,174.0739926131342,174.61103857339697,174.4784814046642,175.0287079312592,173.27483796456204,174.52178482676604,175.0620449522559,175.2372396423689,174.3217812522778,174.24604263653924,172.44558391548372
174.1846355302175,175.2946747324198,175.13474868868948,176.0007119119993,175.71182539858606,174.36126377997434,174.64167733681973,174.719866854612,175.96433409560902,174.11930391288362,174.58707204455698,175.5144396393855,175.26564116853228,174.23845622902905,175.0808737851469,175.2956221653998,175.00812253051126,175.23330699934877,173.99801159943908,173.30135167026654
177.83809848975633,178.3331544749705,177.88142838056473,178.9281231676974,178.66894061229496,177.76717469497993,177.68906756348684,177.54022029513084,179.21633091040803,178.10423014261977,178.1832418805203,177.9415432624387,177.76697366095078,177.73155783645737,177.6798660344936,179.07079653775736,178.52491975067775,177.89627804740184,177.70958446956746,176.8884294598517
185.5474150573298,186.24978755779838,186.40639763637776,186.9639077850381,186.5693150307432,185.58513212240692,185.73005826229382,186.12371274256523,187.26939323093293,186.32518755348568,186.6929473936683,186.2856166314715,186.08156008999904,185.4856383987136,185.83911778541443,186.3482158534611,185.60820427301064,185.44561454394199,186.01503888088283,184.20525492449406
194.0273919802568,194.77013011158607,194.3719367189367,195.60655091783676,194.64123630790658,194.3428294513214,194.32943196733004,193.460386272376,196.74813663559817,194.8397762147616,195.12001370162437,194.78393766168148,194.8067576834769,193.2707389052308,194.96032761739485,194.45833531699554,195.02815270562778,193.81438931312252,194.24709899909288,193.0693557017992
201.4724592213867,202.20250529648933,201.9878093727052,203.52747668661968,202.50982324053675,202.01699080800728,201.8682187867287,201.86509200884214,204.26566696524122,202.0271908387034,202.4240056187004,203.38005167407192,201.90730136157964,201.55784101516338,201.88775729111336,202.64717599578057,202.26234878584606,202.12392527046086,202.5845496087172,200.75995217857408
196.56472018577972,197.76463503018988,197.5383244748937,198.47987279427022,197.31498172418134,196.59252298704465,197.59724924611828,196.62871718961873,199.1343981874554,197.07095776309558,198.04200836873275,198.3022027783041,197.21683391717931,196.33544631889782,197.75531482297686,197.4540106302913,197.82528662492186,197.36416576043288,197.45502882123233,195.93432226276352
183.6647774448814,184.57056383944803,183.65784924832366,185.07722642692173,184.48289954296118,184.02608917983883,183.54610676883533,183.8182801081999,185.4908322141458,183.95845784812647,184.76959821839796,183.89379899543675,184.1578466975737,183.13753975511372,184.3157743022331,184.52872088661334,184.56779996687646,184.06996649776673,183.14366889616738,182.73583843638934
172.10239716155166,173.19313920906993,172.30531748692758,174.31502433226322,173.3130901228126,172.3331264552842,172.3057671112752,172.5277274709726,174.51486203724843,172.92068999813645,172.57677638086318,173.41116298764916,172.85481384652508,171.70299270950477,172.8710581468794,173.92628204161718,172.44953251296022,172.7841709687072,172.35495173322474,171.34268197708684
156.69030011801146,157.639916420835,157.48553171422023,158.9262879506381,157.8009212756643,157.46965530303873,157.61818629860267,157.61463234623827,159.0065018505988,157.80608378697397,158.65818213590217,158.73495079583114,157.3664544220645,156.44506221693715,158.21432277295295,158.08436506778955,158.1145662703147,158.5229902130222,157.02244293593748,156.2877829803522
148.3464821546826,149.60941464314058,148.87020521936483,150.8884124020303,149.34139849666866,148.3873008478617,148.76615643989405,149.73245497045605,150.9828781980471,149.8483827170535,150.40223309423385,150.18105630113138,150.21353496329854,148.4982739992589,149.88488882910272,149.54812598321467,149.21903636768744,150.11116705132102,149.15838145798693,147.25034982563426
142.85797767381402,143.991707024509,143.61810574538168,143.79160472830782,143.0300035300859,143.223797790384,143.37990500148382,144.76983096509474,144.42323319063416,143.9268938388226,144.04687788757352,144.3420924763955,143.57306559399916,142.2432690438486,144.36291967458686,144.01516452183765,143.59572660334413,143.5670881473389,143.12338173459673,142.25251681935393
141.68157319210655,143.7564420762252,142.73850931070945,143.00798069296368,142.56327981349924,142.7200814548521,143.45329815702158,143.19720992789243,144.63502251435872,143.55314720386224,143.78364033488273,143.57946289919744,142.88306884803544,140.8216426538529,141.9905816400097,143.92744867145294,143.52802503408725,142.821743868468,143.06747755047783,141.77991197342394
154.09858171293826,154.6075398453099,155.55174934082737,155.1467875253296,155.16623532828393,153.9875090683295,154.57686378067936,154.83500477549092,155.43754927737822,155.0135672530438,154.32869683763465,155.7515418480749,154.4113738745025,153.45829466444312,154.26186299008813,155.38437224943124,154.95354750298884,155.81169197776555,154.41428632574306,153.56335402653716
168.34886140087193,169.5104190420243,168.7301448766897,169.38324164231972,169.45802895689732,168.69601925644955,168.16775939693053,168.1207524096669,169.69285592218696,168.52273518785876,168.4924780529568,168.6829036759434,167.84134689990012,167.1450988569838,168.75870181811223,170.26403157195998,168.9714771062012,168.19606099681934,167.86900919614158,167.11775215298582
186.00465180838486,187.03710664028225,186.92644012317984,187.3552913535987,187.23687181371966,186.3634627634132,186.27595535724555,186.54933508010257,187.65992752279598,186.522052755851,186.8486728234648,187.2668656798971,186.27380518093838,185.55357223329693,186.85534760704536,187.26558611759313,186.85206130190767,186.6042828109889,185.90365420277485,185.23487550864854
199.7618794785305,201.11116496609017,200.32607096056952,201.3544835920277,200.343726570895,200.7905081199899,200.4720507651693,200.69551131601997,202.15466276097425,201.10165156599422,201.0649084413544,201.35723771340363,200.911362133256,199.6499663422885,200.49875749044392,200.970334048228,201.4398241178598,200.45818383864213,200.3021686534785,199.2585190293156
211.0765146845776,211.15250455344142,210.93084458288553,212.75626296580683,211.38887541303797,210.3253715056519,211.49685471209477,212.5945970029241,212.29306044078294,210.87110237315002,211.67744928106748,211.24002781526525,210.6983447821915,210.8339456899775,211.6150450183804,212.2318643714799,212.74072611676957,210.75162591422907,210.77933159406814,209.40929485452918
214.86255027165154,215.1316739330286,214.68486602341025,216.43912041234026,214.9861309441799,214.74287324236383,214.8453554287205,215.16083071082173,217.65192360439235,214.6510448907626,215.46136687404032,215.07921892636227,214.83247595234792,214.45856985575858,215.25940730629955,216.38466847534562,215.70823765635132,214.04291048570244,215.00582921685321,213.6180455485735
207.1316310677157,207.90959504609188,207.1125092341354,208.963100530682,207.41208424473655,207.1016770201266,206.61790151829135,207.75955298300724,209.1798619280431,207.3156859595154,207.63643734559855,208.33274263070558,207.43235743269696,207.33165720853484,207.6454035487605,208.39820643572705,207.4939273659006,207.4222073852406,206.67205084113507,205.61464923872313
194.53093102748574,195.51465843583156,195.12845161573682,196.8810793658371,195.76517293648453,194.9772829602963,194.25417220836698,195.09744152460692,195.64148674325992,195.27769890774866,194.78298240544882,195.51795552806954,194.10964829877753,193.71180465232788,195.56884385258797,195.55060527210614,195.28755515252033,194.5123795959089,194.58917217545286,193.35783094018024
174.01193528450355,174.52323837146577,175.4706326273353,175.8575215775452,175.15537447096077,174.3431930742488,174.27336942124748,174.78294672003116,176.09539053884887,174.83594616985667,174.72045678598738,175.32787532515857,174.91611849515175,173.56821575805495,174.7296207857971,175.168819898513,175.12194827749158,175.51560200357076,174.7115565682541,173.48885386357458
154.6224264204472,154.62918034214644,155.33224883124265,155.76030270320754,154.89751705105084,154.8134586887992,153.92996036827282,154.43463595789888,156.24372581317135,155.03020762123683,154.4689456570104,155.64729190042297,154.61345902957126,154.19751024847588,154.89861263197758,155.37549675482,155.11337870369536,154.72474672599714,154.25559829799244,153.41290023456884
132.38868300820567,133.37167739669945,134.70316894986144,133.8392526485337,134.24684858609353,132.3556650952639,133.5722185140142,134.01093646720614,134.30884988242607,133.45298388987857,133.5061998184404,134.20223705631633,133.50227559479367,131.97740361550726,133.98509032358115,134.53621195053282,133.7587555812091,132.85069445308858,133.33146956471265,131.40956996969246
125.61680335910596,125.7577509426663,126.8853599280382,127.02385375474768,125.43421092079006,124.8613530299944,124.95390344871453,125.84861713230568,127.67820707599115,126.05029741902437,126.23003259647218,126.80535982837738,125.5950769672978,125.259520148301,125.9886572379251,126.17901298423764,126.09443353773568,124.7815712137864,124.98713005855545,124.44673438244128
120.28153118163104,121.66152691768568,120.83718712127988,121.19383288102227,119.87727485154267,120.46182964887748,120.13598263449697,120.9626012175748,121.98254135251119,120.77076439847508,121.12065829733353,120.26832352491193,120.666597671259,119.9051424246534,121.0417377024719,121.48767622674468,120.21677550489596,119.66704864985431,119.93076322601226,117.9164891192929
126.66828788410302,128.48439079309276,127.21329701760656,128.33314558456166,127.10294089335294,127.97782825561829,127.36819236790559,127.94235163066223,128.83231816143953,128.09892843849767,127.85330159505375,128.2855516802753,127.42754285388828,125.64969861642916,126.46646763918876,128.06615901974826,127.40469989831406,126.30953161824976,126.88356989984409,126.83262737108775
141.74406995455175,141.8523655401438,141.87881428974984,142.99370963956542,142.40933694612988,141.21096087526746,141.89585053886114,141.82239622767946,143.3918320413982,142.13753318145228,141.78896838910111,142.58781881596911,142.45799970949994,141.33773310375628,142.03592589251167,143.13215789898624,142.00954842333903,141.5925801575062,142.0212979460254,140.1803677774243
159.24051470091896,160.46746218652413,159.72304467328502,160.64715499279473,159.54379505446454,160.05551390566959,160.10333180555244,158.99229628480643,161.35970313088458,159.37811230141,160.0081847486372,159.65436463099255,159.25621470083493,158.45158449796216,159.7431689444713,160.48367240215546,158.71782031655104,158.73092263710893,160.58949023027287,158.54797799971792
182.40102365821392,183.4977928674812,182.42320786540031,183.40457962370064,183.46279513999698,182.78674080562044,181.71255129311683,183.08014692530116,184.77365649783854,183.61918513526012,183.9056288471218,183.3257889837316,182.99104328412378,181.49201743861045,183.48778089360937,183.0145129790189,183.0922514740621,183.2918171426654,182.74115362680953,182.15009148932043
194.02328041396171,194.7074000854786,194.3407532964494,195.74702658918443,194.8587185176461,194.4319306589735,193.64116718555417,194.67962104371304,195.93060541213092,194.03991429816236,194.74601223017748,195.24929640838835,193.96362243614772,194.35172366543924,194.32285778990635,195.4655352192618,194.71305291715893,193.91992080243273,194.24170648687772,193.57928407193845
206.14227616011638,206.28561587631305,206.43573666064216,206.8532474027268,206.6910202122895,206.46103467704984,205.78969538842122,205.6802321633884,207.5136399498044,206.5098693781677,206.40251383033186,207.17059176556103,206.4108826524435,205.0457882122115,206.29627480954173,207.18176906617123,206.54218253515677,206.47095111344942,205.98190315068888,204.88704664451683
214.11290438856645,214.05233063656675,213.44858166785036,215.2879828827895,214.69333318674202,214.28332706328575,214.34267596168854,213.6669971502487,216.18570485513106,214.50447039131834,214.2925222140837,215.06840789142632,213.2380809216672,212.72402299764178,215.0673327361507,214.0931542037207,215.45127181810662,215.04922778214672,214.17452413247597,211.7850711677611
209.87934749828935,210.49074039482915,210.66440394061354,211.91210172627152,211.17611991487422,210.83244371867116,210.90226725975685,210.64195162140973,212.5526236347999,211.52702947392964,211.01810821933478,211.41931410630494,210.16011301222946,210.33157019514778,211.68768659161128,211.70223777498424,210.97299277776003,211.4954641361005,210.73272786086858,209.34163042368363
207.2764696071993,208.94311539626858,208.41627488805145,209.41448258302887,208.6748866911632,208.07987432032556,208.15481633829057,208.66071916339743,209.85179547219644,208.55643641102577,209.16561255070363,208.34417697537924,208.51544076072926,207.6889304067763,208.39398793974192,208.8509549834829,209.60190617824193,208.5662646421283,208.251963684112,207.87200884583183
198.76914320953938,199.66119954930278,199.39366351384757,200.68445128613737,199.47220796120564,199.3039629282409,198.52213503102158,199.41969673075937,200.6812779755033,198.69786758155976,199.23521370064555,199.8151070002931,198.85144418580643,198.92122523978594,199.75148791039854,200.5795530622481,200.0284052912122,199.46084661469098,199.282349692382,197.23481987014304
190.3093843594536,192.14976489393354,191.11580041722516,192.81343760000547,190.92089251711323,191.21566240057146,190.31468135654984,191.46953689856295,192.45465884537793,191.19562497150568,191.12470870249027,192.61376858442276,190.87597305702315,190.5360062627688,191.18456804363177,192.94898445222537,191.85389748627497,191.5531541350645,190.65547497384907,189.61425978960605
