0,1,2,3,4,5,6,7,8,9,10,11,12,13,14,15,16,17,18,19
156.2660290716789,156.2660290716789,156.2660290716789,156.2660290716789,156.2660290716789,156.2660290716789,156.2660290716789,156.2660290716789,156.2660290716789,156.2660290716789,156.2660290716789,156.2660290716789,156.2660290716789,156.2660290716789,156.2660290716789,156.2660290716789,156.2660290716789,156.2660290716789,156.2660290716789,156.2660290716789
139.03691380898834,139.03691380898834,139.03691380898834,139.03691380898834,139.03691380898834,139.03691380898834,139.03691380898834,139.03691380898834,139.03691380898834,139.03691380898834,139.03691380898834,139.03691380898834,139.03691380898834,139.03691380898834,139.03691380898834,139.03691380898834,139.03691380898834,139.03691380898834,139.03691380898834,139.03691380898834
124.92006484014,124.92006484014,124.92006484014,124.92006484014,124.92006484014,124.92006484014,124.92006484014,124.92006484014,124.92006484014,124.92006484014,124.92006484014,124.92006484014,124.92006484014,124.92006484014,124.92006484014,124.92006484014,124.92006484014,124.92006484014,124.92006484014,124.92006484014
115.11205074162687,115.11205074162687,115.11205074162687,115.11205074162687,115.11205074162687,115.11205074162687,115.11205074162687,115.11205074162687,115.11205074162687,115.11205074162687,115.11205074162687,115.11205074162687,115.11205074162687,115.11205074162687,115.11205074162687,115.11205074162687,115.11205074162687,115.11205074162687,115.11205074162687,115.11205074162687
109.62351834284205,109.62351834284205,109.62351834284205,109.62351834284205,109.62351834284205,109.62351834284205,109.62351834284205,109.62351834284205,109.62351834284205,109.62351834284205,109.62351834284205,109.62351834284205,109.62351834284205,109.62351834284205,109.62351834284205,109.62351834284205,109.62351834284205,109.62351834284205,109.62351834284205,109.62351834284205
107.5237259253806,107.5237259253806,107.5237259253806,107.5237259253806,107.5237259253806,107.5237259253806,107.5237259253806,107.5237259253806,107.5237259253806,107.5237259253806,107.5237259253806,107.5237259253806,107.5237259253806,107.5237259253806,107.5237259253806,107.5237259253806,107.5237259253806,107.5237259253806,107.5237259253806,107.5237259253806
107.30803671484989,107.30803671484989,107.30803671484989,107.30803671484989,107.30803671484989,107.30803671484989,107.30803671484989,107.30803671484989,107.30803671484989,107.30803671484989,107.30803671484989,107.30803671484989,107.30803671484989,107.30803671484989,107.30803671484989,107.30803671484989,107.30803671484989,107.30803671484989,107.30803671484989,107.30803671484989
107.17809363498236,107.17809363498236,107.17809363498236,107.17809363498236,107.17809363498236,107.17809363498236,107.17809363498236,107.17809363498236,107.17809363498236,107.17809363498236,107.17809363498236,107.17809363498236,107.17809363498236,107.17809363498236,107.17809363498236,107.17809363498236,107.17809363498236,107.17809363498236,107.17809363498236,107.17809363498236
105.7078979580536,105.7078979580536,105.7078979580536,105.7078979580536,105.7078979580536,105.7078979580536,105.7078979580536,105.7078979580536,105.7078979580536,105.7078979580536,105.7078979580536,105.7078979580536,105.7078979580536,105.7078979580536,105.7078979580536,105.7078979580536,105.7078979580536,105.7078979580536,105.7078979580536,105.7078979580536
102.01935305635489,102.01935305635489,102.01935305635489,102.01935305635489,102.01935305635489,102.01935305635489,102.01935305635489,102.01935305635489,102.01935305635489,102.01935305635489,102.01935305635489,102.01935305635489,102.01935305635489,102.01935305635489,102.01935305635489,102.01935305635489,102.01935305635489,102.01935305635489,102.01935305635489,102.01935305635489
95.91374866138618,95.91374866138618,95.91374866138618,95.91374866138618,95.91374866138618,95.91374866138618,95.91374866138618,95.91374866138618,95.91374866138618,95.91374866138618,95.91374866138618,95.91374866138618,95.91374866138618,95.91374866138618,95.91374866138618,95.91374866138618,95.91374866138618,95.91374866138618,95.91374866138618,95.91374866138618
88.56864492034444,88.56864492034444,88.56864492034444,88.56864492034444,88.56864492034444,88.56864492034444,88.56864492034444,88.56864492034444,88.56864492034444,88.56864492034444,88.56864492034444,88.56864492034444,88.56864492034444,88.56864492034444,88.56864492034444,88.56864492034444,88.56864492034444,88.56864492034444,88.56864492034444,88.56864492034444
81.57679157931285,81.57679157931285,81.57679157931285,81.57679157931285,81.57679157931285,81.57679157931285,81.57679157931285,81.57679157931285,81.57679157931285,81.57679157931285,81.57679157931285,81.57679157931285,81.57679157931285,81.57679157931285,81.57679157931285,81.57679157931285,81.57679157931285,81.57679157931285,81.57679157931285,81.57679157931285
76.85666879497138,76.85666879497138,76.85666879497138,76.85666879497138,76.85666879497138,76.85666879497138,76.85666879497138,76.85666879497138,76.85666879497138,76.85666879497138,76.85666879497138,76.85666879497138,76.85666879497138,76.85666879497138,76.85666879497138,76.85666879497138,76.85666879497138,76.85666879497138,76.85666879497138,76.85666879497138
76.08708128813677,76.08708128813677,76.08708128813677,76.08708128813677,76.08708128813677,76.08708128813677,76.08708128813677,76.08708128813677,76.08708128813677,76.08708128813677,76.08708128813677,76.08708128813677,76.08708128813677,76.08708128813677,76.08708128813677,76.08708128813677,76.08708128813677,76.08708128813677,76.08708128813677,76.08708128813677
79.73514160357823,79.73514160357823,79.73514160357823,79.73514160357823,79.73514160357823,79.73514160357823,79.73514160357823,79.73514160357823,79.73514160357823,79.73514160357823,79.73514160357823,79.73514160357823,79.73514160357823,79.73514160357823,79.73514160357823,79.73514160357823,79.73514160357823,79.73514160357823,79.73514160357823,79.73514160357823
86.92775127770769,86.92775127770769,86.92775127770769,86.92775127770769,86.92775127770769,86.92775127770769,86.92775127770769,86.92775127770769,86.92775127770769,86.92775127770769,86.92775127770769,86.92775127770769,86.92775127770769,86.92775127770769,86.92775127770769,86.92775127770769,86.92775127770769,86.92775127770769,86.92775127770769,86.92775127770769
95.7969248652232,95.7969248652232,95.7969248652232,95.7969248652232,95.7969248652232,95.7969248652232,95.7969248652232,95.7969248652232,95.7969248652232,95.7969248652232,95.7969248652232,95.7969248652232,95.7969248652232,95.7969248652232,95.7969248652232,95.7969248652232,95.7969248652232,95.7969248652232,95.7969248652232,95.7969248652232
103.88837850185494,103.88837850185494,103.88837850185494,103.88837850185494,103.88837850185494,103.88837850185494,103.88837850185494,103.88837850185494,103.88837850185494,103.88837850185494,103.88837850185494,103.88837850185494,103.88837850185494,103.88837850185494,103.88837850185494,103.88837850185494,103.88837850185494,103.88837850185494,103.88837850185494,103.88837850185494
109.45947368653377,109.45947368653377,109.45947368653377,109.45947368653377,109.45947368653377,109.45947368653377,109.45947368653377,109.45947368653377,109.45947368653377,109.45947368653377,109.45947368653377,109.45947368653377,109.45947368653377,109.45947368653377,109.45947368653377,109.45947368653377,109.45947368653377,109.45947368653377,109.45947368653377,109.45947368653377
112.04944287304218,112.04944287304218,112.04944287304218,112.04944287304218,112.04944287304218,112.04944287304218,112.04944287304218,112.04944287304218,112.04944287304218,112.04944287304218,112.04944287304218,112.04944287304218,112.04944287304218,112.04944287304218,112.04944287304218,112.04944287304218,112.04944287304218,112.04944287304218,112.04944287304218,112.04944287304218
112.21485752048162,112.21485752048162,112.21485752048162,112.21485752048162,112.21485752048162,112.21485752048162,112.21485752048162,112.21485752048162,112.21485752048162,112.21485752048162,112.21485752048162,112.21485752048162,112.21485752048162,112.21485752048162,112.21485752048162,112.21485752048162,112.21485752048162,112.21485752048162,112.21485752048162,112.21485752048162
110.67909528245548,110.67909528245548,110.67909528245548,110.67909528245548,110.67909528245548,110.67909528245548,110.67909528245548,110.67909528245548,110.67909528245548,110.67909528245548,110.67909528245548,110.67909528245548,110.67909528245548,110.67909528245548,110.67909528245548,110.67909528245548,110.67909528245548,110.67909528245548,110.67909528245548,110.67909528245548
108.60175413679606,108.60175413679606,108.60175413679606,108.60175413679606,108.60175413679606,108.60175413679606,108.60175413679606,108.60175413679606,108.60175413679606,108.60175413679606,108.60175413679606,108.60175413679606,108.60175413679606,108.60175413679606,108.60175413679606,108.60175413679606,108.60175413679606,108.60175413679606,108.60175413679606,108.60175413679606
107.00699017947038,107.00699017947038,107.00699017947038,107.00699017947038,107.00699017947038,107.00699017947038,107.00699017947038,107.00699017947038,107.00699017947038,107.00699017947038,107.00699017947038,107.00699017947038,107.00699017947038,107.00699017947038,107.00699017947038,107.00699017947038,107.00699017947038,107.00699017947038,107.00699017947038,107.00699017947038
105.800070600662,105.800070600662,105.800070600662,105.800070600662,105.800070600662,105.800070600662,105.800070600662,105.800070600662,105.800070600662,105.800070600662,105.800070600662,105.800070600662,105.800070600662,105.800070600662,105.800070600662,105.800070600662,105.800070600662,105.800070600662,105.800070600662,105.800070600662
104.267471984524,104.267471984524,104.267471984524,104.267471984524,104.267471984524,104.267471984524,104.267471984524,104.267471984524,104.267471984524,104.267471984524,104.267471984524,104.267471984524,104.267471984524,104.267471984524,104.267471984524,104.267471984524,104.267471984524,104.267471984524,104.267471984524,104.267471984524
102.57987081785073,102.57987081785073,102.57987081785073,102.57987081785073,102.57987081785073,102.57987081785073,102.57987081785073,102.57987081785073,102.57987081785073,102.57987081785073,102.57987081785073,102.57987081785073,102.57987081785073,102.57987081785073,102.57987081785073,102.57987081785073,102.57987081785073,102.57987081785073,102.57987081785073,102.57987081785073
101.1103459223622,101.1103459223622,101.1103459223622,101.1103459223622,101.1103459223622,101.1103459223622,101.1103459223622,101.1103459223622,101.1103459223622,101.1103459223622,101.1103459223622,101.1103459223622,101.1103459223622,101.1103459223622,101.1103459223622,101.1103459223622,101.1103459223622,101.1103459223622,101.1103459223622,101.1103459223622
100.12098141170173,100.12098141170173,100.12098141170173,100.12098141170173,100.12098141170173,100.12098141170173,100.12098141170173,100.12098141170173,100.12098141170173,100.12098141170173,100.12098141170173,100.12098141170173,100.12098141170173,100.12098141170173,100.12098141170173,100.12098141170173,100.12098141170173,100.12098141170173,100.12098141170173,100.12098141170173
99.8882340770803,99.8882340770803,99.8882340770803,99.8882340770803,99.8882340770803,99.8882340770803,99.8882340770803,99.8882340770803,99.8882340770803,99.8882340770803,99.8882340770803,99.8882340770803,99.8882340770803,99.8882340770803,99.8882340770803,99.8882340770803,99.8882340770803,99.8882340770803,99.8882340770803,99.8882340770803
100.45698865791995,100.45698865791995,100.45698865791995,100.45698865791995,100.45698865791995,100.45698865791995,100.45698865791995,100.45698865791995,100.45698865791995,100.45698865791995,100.45698865791995,100.45698865791995,100.45698865791995,100.45698865791995,100.45698865791995,100.45698865791995,100.45698865791995,100.45698865791995,100.45698865791995,100.45698865791995
101.25397055728982,101.25397055728982,101.25397055728982,101.25397055728982,101.25397055728982,101.25397055728982,101.25397055728982,101.25397055728982,101.25397055728982,101.25397055728982,101.25397055728982,101.25397055728982,101.25397055728982,101.25397055728982,101.25397055728982,101.25397055728982,101.25397055728982,101.25397055728982,101.25397055728982,101.25397055728982
101.55003998756035,101.55003998756035,101.55003998756035,101.55003998756035,101.55003998756035,101.55003998756035,101.55003998756035,101.55003998756035,101.55003998756035,101.55003998756035,101.55003998756035,101.55003998756035,101.55003998756035,101.55003998756035,101.55003998756035,101.55003998756035,101.55003998756035,101.55003998756035,101.55003998756035,101.55003998756035
100.76559565602713,100.76559565602713,100.76559565602713,100.76559565602713,100.76559565602713,100.76559565602713,100.76559565602713,100.76559565602713,100.76559565602713,100.76559565602713,100.76559565602713,100.76559565602713,100.76559565602713,100.76559565602713,100.76559565602713,100.76559565602713,100.76559565602713,100.76559565602713,100.76559565602713,100.76559565602713
98.71413783158677,98.71413783158677,98.71413783158677,98.71413783158677,98.71413783158677,98.71413783158677,98.71413783158677,98.71413783158677,98.71413783158677,98.71413783158677,98.71413783158677,98.71413783158677,98.71413783158677,98.71413783158677,98.71413783158677,98.71413783158677,98.71413783158677,98.71413783158677,98.71413783158677,98.71413783158677
95.37393657553318,95.37393657553318,95.37393657553318,95.37393657553318,95.37393657553318,95.37393657553318,95.37393657553318,95.37393657553318,95.37393657553318,95.37393657553318,95.37393657553318,95.37393657553318,95.37393657553318,95.37393657553318,95.37393657553318,95.37393657553318,95.37393657553318,95.37393657553318,95.37393657553318,95.37393657553318
90.87081663702713,90.87081663702713,90.87081663702713,90.87081663702713,90.87081663702713,90.87081663702713,90.87081663702713,90.87081663702713,90.87081663702713,90.87081663702713,90.87081663702713,90.87081663702713,90.87081663702713,90.87081663702713,90.87081663702713,90.87081663702713,90.87081663702713,90.87081663702713,90.87081663702713,90.87081663702713
85.48806149378915,85.48806149378915,85.48806149378915,85.48806149378915,85.48806149378915,85.48806149378915,85.48806149378915,85.48806149378915,85.48806149378915,85.48806149378915,85.48806149378915,85.48806149378915,85.48806149378915,85.48806149378915,85.48806149378915,85.48806149378915,85.48806149378915,85.48806149378915,85.48806149378915,85.48806149378915
79.65787463096916,79.65787463096916,79.65787463096916,79.65787463096916,79.65787463096916,79.65787463096916,79.65787463096916,79.65787463096916,79.65787463096916,79.65787463096916,79.65787463096916,79.65787463096916,79.65787463096916,79.65787463096916,79.65787463096916,79.65787463096916,79.65787463096916,79.65787463096916,79.65787463096916,79.65787463096916
74.13416479559541,74.13416479559541,74.13416479559541,74.13416479559541,74.13416479559541,74.13416479559541,74.13416479559541,74.13416479559541,74.13416479559541,74.13416479559541,74.13416479559541,74.13416479559541,74.13416479559541,74.13416479559541,74.13416479559541,74.13416479559541,74.13416479559541,74.13416479559541,74.13416479559541,74.13416479559541
69.56546198209014,69.56546198209014,69.56546198209014,69.56546198209014,69.56546198209014,69.56546198209014,69.56546198209014,69.56546198209014,69.56546198209014,69.56546198209014,69.56546198209014,69.56546198209014,69.56546198209014,69.56546198209014,69.56546198209014,69.56546198209014,69.56546198209014,69.56546198209014,69.56546198209014,69.56546198209014
65.89246868067711,65.89246868067711,65.89246868067711,65.89246868067711,65.89246868067711,65.89246868067711,65.89246868067711,65.89246868067711,65.89246868067711,65.89246868067711,65.89246868067711,65.89246868067711,65.89246868067711,65.89246868067711,65.89246868067711,65.89246868067711,65.89246868067711,65.89246868067711,65.89246868067711,65.89246868067711
63.23426641935839,63.23426641935839,63.23426641935839,63.23426641935839,63.23426641935839,63.23426641935839,63.23426641935839,63.23426641935839,63.23426641935839,63.23426641935839,63.23426641935839,63.23426641935839,63.23426641935839,63.23426641935839,63.23426641935839,63.23426641935839,63.23426641935839,63.23426641935839,63.23426641935839,63.23426641935839
61.8440505946637,61.8440505946637,61.8440505946637,61.8440505946637,61.8440505946637,61.8440505946637,61.8440505946637,61.8440505946637,61.8440505946637,61.8440505946637,61.8440505946637,61.8440505946637,61.8440505946637,61.8440505946637,61.8440505946637,61.8440505946637,61.8440505946637,61.8440505946637,61.8440505946637,61.8440505946637
61.69980522648069,61.69980522648069,61.69980522648069,61.69980522648069,61.69980522648069,61.69980522648069,61.69980522648069,61.69980522648069,61.69980522648069,61.69980522648069,61.69980522648069,61.69980522648069,61.69980522648069,61.69980522648069,61.69980522648069,61.69980522648069,61.69980522648069,61.69980522648069,61.69980522648069,61.69980522648069
62.53436359996704,62.53436359996704,62.53436359996704,62.53436359996704,62.53436359996704,62.53436359996704,62.53436359996704,62.53436359996704,62.53436359996704,62.53436359996704,62.53436359996704,62.53436359996704,62.53436359996704,62.53436359996704,62.53436359996704,62.53436359996704,62.53436359996704,62.53436359996704,62.53436359996704,62.53436359996704
63.940749505169265,63.940749505169265,63.940749505169265,63.940749505169265,63.940749505169265,63.940749505169265,63.940749505169265,63.940749505169265,63.940749505169265,63.940749505169265,63.940749505169265,63.940749505169265,63.940749505169265,63.940749505169265,63.940749505169265,63.940749505169265,63.940749505169265,63.940749505169265,63.940749505169265,63.940749505169265
65.5236060471128,65.5236060471128,65.5236060471128,65.5236060471128,65.5236060471128,65.5236060471128,65.5236060471128,65.5236060471128,65.5236060471128,65.5236060471128,65.5236060471128,65.5236060471128,65.5236060471128,65.5236060471128,65.5236060471128,65.5236060471128,65.5236060471128,65.5236060471128,65.5236060471128,65.5236060471128
66.85770180657244,66.85770180657244,66.85770180657244,66.85770180657244,66.85770180657244,66.85770180657244,66.85770180657244,66.85770180657244,66.85770180657244,66.85770180657244,66.85770180657244,66.85770180657244,66.85770180657244,66.85770180657244,66.85770180657244,66.85770180657244,66.85770180657244,66.85770180657244,66.85770180657244,66.85770180657244
67.75619236339011,67.75619236339011,67.75619236339011,67.75619236339011,67.75619236339011,67.75619236339011,67.75619236339011,67.75619236339011,67.75619236339011,67.75619236339011,67.75619236339011,67.75619236339011,67.75619236339011,67.75619236339011,67.75619236339011,67.75619236339011,67.75619236339011,67.75619236339011,67.75619236339011,67.75619236339011
68.36327748302692,68.36327748302692,68.36327748302692,68.36327748302692,68.36327748302692,68.36327748302692,68.36327748302692,68.36327748302692,68.36327748302692,68.36327748302692,68.36327748302692,68.36327748302692,68.36327748302692,68.36327748302692,68.36327748302692,68.36327748302692,68.36327748302692,68.36327748302692,68.36327748302692,68.36327748302692
68.75966840856626,68.75966840856626,68.75966840856626,68.75966840856626,68.75966840856626,68.75966840856626,68.75966840856626,68.75966840856626,68.75966840856626,68.75966840856626,68.75966840856626,68.75966840856626,68.75966840856626,68.75966840856626,68.75966840856626,68.75966840856626,68.75966840856626,68.75966840856626,68.75966840856626,68.75966840856626
69.72523720035282,69.72523720035282,69.72523720035282,69.72523720035282,69.72523720035282,69.72523720035282,69.72523720035282,69.72523720035282,69.72523720035282,69.72523720035282,69.72523720035282,69.72523720035282,69.72523720035282,69.72523720035282,69.72523720035282,69.72523720035282,69.72523720035282,69.72523720035282,69.72523720035282,69.72523720035282
71.80757389481361,71.80757389481361,71.80757389481361,71.80757389481361,71.80757389481361,71.80757389481361,71.80757389481361,71.80757389481361,71.80757389481361,71.80757389481361,71.80757389481361,71.80757389481361,71.80757389481361,71.80757389481361,71.80757389481361,71.80757389481361,71.80757389481361,71.80757389481361,71.80757389481361,71.80757389481361
74.45370751046534,74.45370751046534,74.45370751046534,74.45370751046534,74.45370751046534,74.45370751046534,74.45370751046534,74.45370751046534,74.45370751046534,74.45370751046534,74.45370751046534,74.45370751046534,74.45370751046534,74.45370751046534,74.45370751046534,74.45370751046534,74.45370751046534,74.45370751046534,74.45370751046534,74.45370751046534
77.48407986603529,77.48407986603529,77.48407986603529,77.48407986603529,77.48407986603529,77.48407986603529,77.48407986603529,77.48407986603529,77.48407986603529,77.48407986603529,77.48407986603529,77.48407986603529,77.48407986603529,77.48407986603529,77.48407986603529,77.48407986603529,77.48407986603529,77.48407986603529,77.48407986603529,77.48407986603529
80.57670348397971,80.57670348397971,80.57670348397971,80.57670348397971,80.57670348397971,80.57670348397971,80.57670348397971,80.57670348397971,80.57670348397971,80.57670348397971,80.57670348397971,80.57670348397971,80.57670348397971,80.57670348397971,80.57670348397971,80.57670348397971,80.57670348397971,80.57670348397971,80.57670348397971,80.57670348397971
83.09251108342168,83.09251108342168,83.09251108342168,83.09251108342168,83.09251108342168,83.09251108342168,83.09251108342168,83.09251108342168,83.09251108342168,83.09251108342168,83.09251108342168,83.09251108342168,83.09251108342168,83.09251108342168,83.09251108342168,83.09251108342168,83.09251108342168,83.09251108342168,83.09251108342168,83.09251108342168
84.85010947573774,84.85010947573774,84.85010947573774,84.85010947573774,84.85010947573774,84.85010947573774,84.85010947573774,84.85010947573774,84.85010947573774,84.85010947573774,84.85010947573774,84.85010947573774,84.85010947573774,84.85010947573774,84.85010947573774,84.85010947573774,84.85010947573774,84.85010947573774,84.85010947573774,84.85010947573774
85.60601748335708,85.60601748335708,85.60601748335708,85.60601748335708,85.60601748335708,85.60601748335708,85.60601748335708,85.60601748335708,85.60601748335708,85.60601748335708,85.60601748335708,85.60601748335708,85.60601748335708,85.60601748335708,85.60601748335708,85.60601748335708,85.60601748335708,85.60601748335708,85.60601748335708,85.60601748335708
85.23506009004986,85.23506009004986,85.23506009004986,85.23506009004986,85.23506009004986,85.23506009004986,85.23506009004986,85.23506009004986,85.23506009004986,85.23506009004986,85.23506009004986,85.23506009004986,85.23506009004986,85.23506009004986,85.23506009004986,85.23506009004986,85.23506009004986,85.23506009004986,85.23506009004986,85.23506009004986
83.91993790539159,83.91993790539159,83.91993790539159,83.91993790539159,83.91993790539159,83.91993790539159,83.91993790539159,83.91993790539159,83.91993790539159,83.91993790539159,83.91993790539159,83.91993790539159,83.91993790539159,83.91993790539159,83.91993790539159,83.91993790539159,83.91993790539159,83.91993790539159,83.91993790539159,83.91993790539159
82.09567338483822,82.09567338483822,82.09567338483822,82.09567338483822,82.09567338483822,82.09567338483822,82.09567338483822,82.09567338483822,82.09567338483822,82.09567338483822,82.09567338483822,82.09567338483822,82.09567338483822,82.09567338483822,82.09567338483822,82.09567338483822,82.09567338483822,82.09567338483822,82.09567338483822,82.09567338483822
80.45064082179394,80.45064082179394,80.45064082179394,80.45064082179394,80.45064082179394,80.45064082179394,80.45064082179394,80.45064082179394,80.45064082179394,80.45064082179394,80.45064082179394,80.45064082179394,80.45064082179394,80.45064082179394,80.45064082179394,80.45064082179394,80.45064082179394,80.45064082179394,80.45064082179394,80.45064082179394
79.88529757609749,79.88529757609749,79.88529757609749,79.88529757609749,79.88529757609749,79.88529757609749,79.88529757609749,79.88529757609749,79.88529757609749,79.88529757609749,79.88529757609749,79.88529757609749,79.88529757609749,79.88529757609749,79.88529757609749,79.88529757609749,79.88529757609749,79.88529757609749,79.88529757609749,79.88529757609749
80.39300732298199,80.39300732298199,80.39300732298199,80.39300732298199,80.39300732298199,80.39300732298199,80.39300732298199,80.39300732298199,80.39300732298199,80.39300732298199,80.39300732298199,80.39300732298199,80.39300732298199,80.39300732298199,80.39300732298199,80.39300732298199,80.39300732298199,80.39300732298199,80.39300732298199,80.39300732298199
82.03074856690405,82.03074856690405,82.03074856690405,82.03074856690405,82.03074856690405,82.03074856690405,82.03074856690405,82.03074856690405,82.03074856690405,82.03074856690405,82.03074856690405,82.03074856690405,82.03074856690405,82.03074856690405,82.03074856690405,82.03074856690405,82.03074856690405,82.03074856690405,82.03074856690405,82.03074856690405
84.47931884689521,84.47931884689521,84.47931884689521,84.47931884689521,84.47931884689521,84.47931884689521,84.47931884689521,84.47931884689521,84.47931884689521,84.47931884689521,84.47931884689521,84.47931884689521,84.47931884689521,84.47931884689521,84.47931884689521,84.47931884689521,84.47931884689521,84.47931884689521,84.47931884689521,84.47931884689521
86.8380959470652,86.8380959470652,86.8380959470652,86.8380959470652,86.8380959470652,86.8380959470652,86.8380959470652,86.8380959470652,86.8380959470652,86.8380959470652,86.8380959470652,86.8380959470652,86.8380959470652,86.8380959470652,86.8380959470652,86.8380959470652,86.8380959470652,86.8380959470652,86.8380959470652,86.8380959470652
88.36430336563532,88.36430336563532,88.36430336563532,88.36430336563532,88.36430336563532,88.36430336563532,88.36430336563532,88.36430336563532,88.36430336563532,88.36430336563532,88.36430336563532,88.36430336563532,88.36430336563532,88.36430336563532,88.36430336563532,88.36430336563532,88.36430336563532,88.36430336563532,88.36430336563532,88.36430336563532
88.91050094369201,88.91050094369201,88.91050094369201,88.91050094369201,88.91050094369201,88.91050094369201,88.91050094369201,88.91050094369201,88.91050094369201,88.91050094369201,88.91050094369201,88.91050094369201,88.91050094369201,88.91050094369201,88.91050094369201,88.91050094369201,88.91050094369201,88.91050094369201,88.91050094369201,88.91050094369201
88.78376419765357,88.78376419765357,88.78376419765357,88.78376419765357,88.78376419765357,88.78376419765357,88.78376419765357,88.78376419765357,88.78376419765357,88.78376419765357,88.78376419765357,88.78376419765357,88.78376419765357,88.78376419765357,88.78376419765357,88.78376419765357,88.78376419765357,88.78376419765357,88.78376419765357,88.78376419765357
88.64355911319906,88.64355911319906,88.64355911319906,88.64355911319906,88.64355911319906,88.64355911319906,88.64355911319906,88.64355911319906,88.64355911319906,88.64355911319906,88.64355911319906,88.64355911319906,88.64355911319906,88.64355911319906,88.64355911319906,88.64355911319906,88.64355911319906,88.64355911319906,88.64355911319906,88.64355911319906
88.7968501015668,88.7968501015668,88.7968501015668,88.7968501015668,88.7968501015668,88.7968501015668,88.7968501015668,88.7968501015668,88.7968501015668,88.7968501015668,88.7968501015668,88.7968501015668,88.7968501015668,88.7968501015668,88.7968501015668,88.7968501015668,88.7968501015668,88.7968501015668,88.7968501015668,88.7968501015668
89.33412967202592,89.33412967202592,89.33412967202592,89.33412967202592,89.33412967202592,89.33412967202592,89.33412967202592,89.33412967202592,89.33412967202592,89.33412967202592,89.33412967202592,89.33412967202592,89.33412967202592,89.33412967202592,89.33412967202592,89.33412967202592,89.33412967202592,89.33412967202592,89.33412967202592,89.33412967202592
90.19054860065008,90.19054860065008,90.19054860065008,90.19054860065008,90.19054860065008,90.19054860065008,90.19054860065008,90.19054860065008,90.19054860065008,90.19054860065008,90.19054860065008,90.19054860065008,90.19054860065008,90.19054860065008,90.19054860065008,90.19054860065008,90.19054860065008,90.19054860065008,90.19054860065008,90.19054860065008
90.74005402801397,90.74005402801397,90.74005402801397,90.74005402801397,90.74005402801397,90.74005402801397,90.74005402801397,90.74005402801397,90.74005402801397,90.74005402801397,90.74005402801397,90.74005402801397,90.74005402801397,90.74005402801397,90.74005402801397,90.74005402801397,90.74005402801397,90.74005402801397,90.74005402801397,90.74005402801397
90.26565050932788,90.26565050932788,90.26565050932788,90.26565050932788,90.26565050932788,90.26565050932788,90.26565050932788,90.26565050932788,90.26565050932788,90.26565050932788,90.26565050932788,90.26565050932788,90.26565050932788,90.26565050932788,90.26565050932788,90.26565050932788,90.26565050932788,90.26565050932788,90.26565050932788,90.26565050932788
88.56010468781426,88.56010468781426,88.56010468781426,88.56010468781426,88.56010468781426,88.56010468781426,88.56010468781426,88.56010468781426,88.56010468781426,88.56010468781426,88.56010468781426,88.56010468781426,88.56010468781426,88.56010468781426,88.56010468781426,88.56010468781426,88.56010468781426,88.56010468781426,88.56010468781426,88.56010468781426
86.399902047317,86.399902047317,86.399902047317,86.399902047317,86.399902047317,86.399902047317,86.399902047317,86.399902047317,86.399902047317,86.399902047317,86.399902047317,86.399902047317,86.399902047317,86.399902047317,86.399902047317,86.399902047317,86.399902047317,86.399902047317,86.399902047317,86.399902047317
85.19085605527967,85.19085605527967,85.19085605527967,85.19085605527967,85.19085605527967,85.19085605527967,85.19085605527967,85.19085605527967,85.19085605527967,85.19085605527967,85.19085605527967,85.19085605527967,85.19085605527967,85.19085605527967,85.19085605527967,85.19085605527967,85.19085605527967,85.19085605527967,85.19085605527967,85.19085605527967
86.01839381306766,86.01839381306766,86.01839381306766,86.01839381306766,86.01839381306766,86.01839381306766,86.01839381306766,86.01839381306766,86.01839381306766,86.01839381306766,86.01839381306766,86.01839381306766,86.01839381306766,86.01839381306766,86.01839381306766,86.01839381306766,86.01839381306766,86.01839381306766,86.01839381306766,86.01839381306766
90.00548102760033,90.00548102760033,90.00548102760033,90.00548102760033,90.00548102760033,90.00548102760033,90.00548102760033,90.00548102760033,90.00548102760033,90.00548102760033,90.00548102760033,90.00548102760033,90.00548102760033,90.00548102760033,90.00548102760033,90.00548102760033,90.00548102760033,90.00548102760033,90.00548102760033,90.00548102760033
96.86590683316902,96.86590683316902,96.86590683316902,96.86590683316902,96.86590683316902,96.86590683316902,96.86590683316902,96.86590683316902,96.86590683316902,96.86590683316902,96.86590683316902,96.86590683316902,96.86590683316902,96.86590683316902,96.86590683316902,96.86590683316902,96.86590683316902,96.86590683316902,96.86590683316902,96.86590683316902
105.55051347652899,105.55051347652899,105.55051347652899,105.55051347652899,105.55051347652899,105.55051347652899,105.55051347652899,105.55051347652899,105.55051347652899,105.55051347652899,105.55051347652899,105.55051347652899,105.55051347652899,105.55051347652899,105.55051347652899,105.55051347652899,105.55051347652899,105.55051347652899,105.55051347652899,105.55051347652899
114.59448375446964,114.59448375446964,114.59448375446964,114.59448375446964,114.59448375446964,114.59448375446964,114.59448375446964,114.59448375446964,114.59448375446964,114.59448375446964,114.59448375446964,114.59448375446964,114.59448375446964,114.59448375446964,114.59448375446964,114.59448375446964,114.59448375446964,114.59448375446964,114.59448375446964,114.59448375446964
123.2159035342983,123.2159035342983,123.2159035342983,123.2159035342983,123.2159035342983,123.2159035342983,123.2159035342983,123.2159035342983,123.2159035342983,123.2159035342983,123.2159035342983,123.2159035342983,123.2159035342983,123.2159035342983,123.2159035342983,123.2159035342983,123.2159035342983,123.2159035342983,123.2159035342983,123.2159035342983
131.59494200907758,131.59494200907758,131.59494200907758,131.59494200907758,131.59494200907758,131.59494200907758,131.59494200907758,131.59494200907758,131.59494200907758,131.59494200907758,131.59494200907758,131.59494200907758,131.59494200907758,131.59494200907758,131.59494200907758,131.59494200907758,131.59494200907758,131.59494200907758,131.59494200907758,131.59494200907758
140.02224006749597,140.02224006749597,140.02224006749597,140.02224006749597,140.02224006749597,140.02224006749597,140.02224006749597,140.02224006749597,140.02224006749597,140.02224006749597,140.02224006749597,140.02224006749597,140.02224006749597,140.02224006749597,140.02224006749597,140.02224006749597,140.02224006749597,140.02224006749597,140.02224006749597,140.02224006749597
148.1233690826198,148.1233690826198,148.1233690826198,148.1233690826198,148.1233690826198,148.1233690826198,148.1233690826198,148.1233690826198,148.1233690826198,148.1233690826198,148.1233690826198,148.1233690826198,148.1233690826198,148.1233690826198,148.1233690826198,148.1233690826198,148.1233690826198,148.1233690826198,148.1233690826198,148.1233690826198
154.7985797842902,154.7985797842902,154.7985797842902,154.7985797842902,154.7985797842902,154.7985797842902,154.7985797842902,154.7985797842902,154.7985797842902,154.7985797842902,154.7985797842902,154.7985797842902,154.7985797842902,154.7985797842902,154.7985797842902,154.7985797842902,154.7985797842902,154.7985797842902,154.7985797842902,154.7985797842902
158.39440378717094,158.39440378717094,158.39440378717094,158.39440378717094,158.39440378717094,158.39440378717094,158.39440378717094,158.39440378717094,158.39440378717094,158.39440378717094,158.39440378717094,158.39440378717094,158.39440378717094,158.39440378717094,158.39440378717094,158.39440378717094,158.39440378717094,158.39440378717094,158.39440378717094,158.39440378717094
156.80350954844846,156.80350954844846,156.80350954844846,156.80350954844846,156.80350954844846,156.80350954844846,156.80350954844846,156.80350954844846,156.80350954844846,156.80350954844846,156.80350954844846,156.80350954844846,156.80350954844846,156.80350954844846,156.80350954844846,156.80350954844846,156.80350954844846,156.80350954844846,156.80350954844846,156.80350954844846
149.45458302829786,149.45458302829786,149.45458302829786,149.45458302829786,149.45458302829786,149.45458302829786,149.45458302829786,149.45458302829786,149.45458302829786,149.45458302829786,149.45458302829786,149.45458302829786,149.45458302829786,149.45458302829786,149.45458302829786,149.45458302829786,149.45458302829786,149.45458302829786,149.45458302829786,149.45458302829786
138.0419499884977,138.0419499884977,138.0419499884977,138.0419499884977,138.0419499884977,138.0419499884977,138.0419499884977,138.0419499884977,138.0419499884977,138.0419499884977,138.0419499884977,138.0419499884977,138.0419499884977,138.0419499884977,138.0419499884977,138.0419499884977,138.0419499884977,138.0419499884977,138.0419499884977,138.0419499884977
126.79212592421652,126.79212592421652,126.79212592421652,126.79212592421652,126.79212592421652,126.79212592421652,126.79212592421652,126.79212592421652,126.79212592421652,126.79212592421652,126.79212592421652,126.79212592421652,126.79212592421652,126.79212592421652,126.79212592421652,126.79212592421652,126.79212592421652,126.79212592421652,126.79212592421652,126.79212592421652
119.89212649339348,119.89212649339348,119.89212649339348,119.89212649339348,119.89212649339348,119.89212649339348,119.89212649339348,119.89212649339348,119.89212649339348,119.89212649339348,119.89212649339348,119.89212649339348,119.89212649339348,119.89212649339348,119.89212649339348,119.89212649339348,119.89212649339348,119.89212649339348,119.89212649339348,119.89212649339348
119.9023158768916,119.9023158768916,119.9023158768916,119.9023158768916,119.9023158768916,119.9023158768916,119.9023158768916,119.9023158768916,119.9023158768916,119.9023158768916,119.9023158768916,119.9023158768916,119.9023158768916,119.9023158768916,119.9023158768916,119.9023158768916,119.9023158768916,119.9023158768916,119.9023158768916,119.9023158768916
126.71087241416177,126.71087241416177,126.71087241416177,126.71087241416177,126.71087241416177,126.71087241416177,126.71087241416177,126.71087241416177,126.71087241416177,126.71087241416177,126.71087241416177,126.71087241416177,126.71087241416177,126.71087241416177,126.71087241416177,126.71087241416177,126.71087241416177,126.71087241416177,126.71087241416177,126.71087241416177
137.97357789715687,137.97357789715687,137.97357789715687,137.97357789715687,137.97357789715687,137.97357789715687,137.97357789715687,137.97357789715687,137.97357789715687,137.97357789715687,137.97357789715687,137.97357789715687,137.97357789715687,137.97357789715687,137.97357789715687,137.97357789715687,137.97357789715687,137.97357789715687,137.97357789715687,137.97357789715687
150.07970721707898,150.07970721707898,150.07970721707898,150.07970721707898,150.07970721707898,150.07970721707898,150.07970721707898,150.07970721707898,150.07970721707898,150.07970721707898,150.07970721707898,150.07970721707898,150.07970721707898,150.07970721707898,150.07970721707898,150.07970721707898,150.07970721707898,150.07970721707898,150.07970721707898,150.07970721707898
159.88686101874973,159.88686101874973,159.88686101874973,159.88686101874973,159.88686101874973,159.88686101874973,159.88686101874973,159.88686101874973,159.88686101874973,159.88686101874973,159.88686101874973,159.88686101874973,159.88686101874973,159.88686101874973,159.88686101874973,159.88686101874973,159.88686101874973,159.88686101874973,159.88686101874973,159.88686101874973
165.53654585657253,165.53654585657253,165.53654585657253,165.53654585657253,165.53654585657253,165.53654585657253,165.53654585657253,165.53654585657253,165.53654585657253,165.53654585657253,165.53654585657253,165.53654585657253,165.53654585657253,165.53654585657253,165.53654585657253,165.53654585657253,165.53654585657253,165.53654585657253,165.53654585657253,165.53654585657253
166.6282923434074,166.6282923434074,166.6282923434074,166.6282923434074,166.6282923434074,166.6282923434074,166.6282923434074,166.6282923434074,166.6282923434074,166.6282923434074,166.6282923434074,166.6282923434074,166.6282923434074,166.6282923434074,166.6282923434074,166.6282923434074,166.6282923434074,166.6282923434074,166.6282923434074,166.6282923434074
164.2201108207352,164.2201108207352,164.2201108207352,164.2201108207352,164.2201108207352,164.2201108207352,164.2201108207352,164.2201108207352,164.2201108207352,164.2201108207352,164.2201108207352,164.2201108207352,164.2201108207352,164.2201108207352,164.2201108207352,164.2201108207352,164.2201108207352,164.2201108207352,164.2201108207352,164.2201108207352
160.25592688259061,160.25592688259061,160.25592688259061,160.25592688259061,160.25592688259061,160.25592688259061,160.25592688259061,160.25592688259061,160.25592688259061,160.25592688259061,160.25592688259061,160.25592688259061,160.25592688259061,160.25592688259061,160.25592688259061,160.25592688259061,160.25592688259061,160.25592688259061,160.25592688259061,160.25592688259061
156.77017979300422,156.77017979300422,156.77017979300422,156.77017979300422,156.77017979300422,156.77017979300422,156.77017979300422,156.77017979300422,156.77017979300422,156.77017979300422,156.77017979300422,156.77017979300422,156.77017979300422,156.77017979300422,156.77017979300422,156.77017979300422,156.77017979300422,156.77017979300422,156.77017979300422,156.77017979300422
155.6486537993338,155.6486537993338,155.6486537993338,155.6486537993338,155.6486537993338,155.6486537993338,155.6486537993338,155.6486537993338,155.6486537993338,155.6486537993338,155.6486537993338,155.6486537993338,155.6486537993338,155.6486537993338,155.6486537993338,155.6486537993338,155.6486537993338,155.6486537993338,155.6486537993338,155.6486537993338
158.2454674192856,158.2454674192856,158.2454674192856,158.2454674192856,158.2454674192856,158.2454674192856,158.2454674192856,158.2454674192856,158.2454674192856,158.2454674192856,158.2454674192856,158.2454674192856,158.2454674192856,158.2454674192856,158.2454674192856,158.2454674192856,158.2454674192856,158.2454674192856,158.2454674192856,158.2454674192856
164.99572700110426,164.99572700110426,164.99572700110426,164.99572700110426,164.99572700110426,164.99572700110426,164.99572700110426,164.99572700110426,164.99572700110426,164.99572700110426,164.99572700110426,164.99572700110426,164.99572700110426,164.99572700110426,164.99572700110426,164.99572700110426,164.99572700110426,164.99572700110426,164.99572700110426,164.99572700110426
175.64436405404697,175.64436405404697,175.64436405404697,175.64436405404697,175.64436405404697,175.64436405404697,175.64436405404697,175.64436405404697,175.64436405404697,175.64436405404697,175.64436405404697,175.64436405404697,175.64436405404697,175.64436405404697,175.64436405404697,175.64436405404697,175.64436405404697,175.64436405404697,175.64436405404697,175.64436405404697
189.9599841552193,189.9599841552193,189.9599841552193,189.9599841552193,189.9599841552193,189.9599841552193,189.9599841552193,189.9599841552193,189.9599841552193,189.9599841552193,189.9599841552193,189.9599841552193,189.9599841552193,189.9599841552193,189.9599841552193,189.9599841552193,189.9599841552193,189.9599841552193,189.9599841552193,189.9599841552193
206.7947113606125,206.7947113606125,206.7947113606125,206.7947113606125,206.7947113606125,206.7947113606125,206.7947113606125,206.7947113606125,206.7947113606125,206.7947113606125,206.7947113606125,206.7947113606125,206.7947113606125,206.7947113606125,206.7947113606125,206.7947113606125,206.7947113606125,206.7947113606125,206.7947113606125,206.7947113606125
224.88752276561476,224.88752276561476,224.88752276561476,224.88752276561476,224.88752276561476,224.88752276561476,224.88752276561476,224.88752276561476,224.88752276561476,224.88752276561476,224.88752276561476,224.88752276561476,224.88752276561476,224.88752276561476,224.88752276561476,224.88752276561476,224.88752276561476,224.88752276561476,224.88752276561476,224.88752276561476
243.14972336375635,243.14972336375635,243.14972336375635,243.14972336375635,243.14972336375635,243.14972336375635,243.14972336375635,243.14972336375635,243.14972336375635,243.14972336375635,243.14972336375635,243.14972336375635,243.14972336375635,243.14972336375635,243.14972336375635,243.14972336375635,243.14972336375635,243.14972336375635,243.14972336375635,243.14972336375635
260.6042324096922,260.6042324096922,260.6042324096922,260.6042324096922,260.6042324096922,260.6042324096922,260.6042324096922,260.6042324096922,260.6042324096922,260.6042324096922,260.6042324096922,260.6042324096922,260.6042324096922,260.6042324096922,260.6042324096922,260.6042324096922,260.6042324096922,260.6042324096922,260.6042324096922,260.6042324096922
276.66810777806415,276.66810777806415,276.66810777806415,276.66810777806415,276.66810777806415,276.66810777806415,276.66810777806415,276.66810777806415,276.66810777806415,276.66810777806415,276.66810777806415,276.66810777806415,276.66810777806415,276.66810777806415,276.66810777806415,276.66810777806415,276.66810777806415,276.66810777806415,276.66810777806415,276.66810777806415
290.57255883703516,290.57255883703516,290.57255883703516,290.57255883703516,290.57255883703516,290.57255883703516,290.57255883703516,290.57255883703516,290.57255883703516,290.57255883703516,290.57255883703516,290.57255883703516,290.57255883703516,290.57255883703516,290.57255883703516,290.57255883703516,290.57255883703516,290.57255883703516,290.57255883703516,290.57255883703516
301.37827766137707,301.37827766137707,301.37827766137707,301.37827766137707,301.37827766137707,301.37827766137707,301.37827766137707,301.37827766137707,301.37827766137707,301.37827766137707,301.37827766137707,301.37827766137707,301.37827766137707,301.37827766137707,301.37827766137707,301.37827766137707,301.37827766137707,301.37827766137707,301.37827766137707,301.37827766137707
308.04115512142715,308.04115512142715,308.04115512142715,308.04115512142715,308.04115512142715,308.04115512142715,308.04115512142715,308.04115512142715,308.04115512142715,308.04115512142715,308.04115512142715,308.04115512142715,308.04115512142715,308.04115512142715,308.04115512142715,308.04115512142715,308.04115512142715,308.04115512142715,308.04115512142715,308.04115512142715
310.4420184119305,310.4420184119305,310.4420184119305,310.4420184119305,310.4420184119305,310.4420184119305,310.4420184119305,310.4420184119305,310.4420184119305,310.4420184119305,310.4420184119305,310.4420184119305,310.4420184119305,310.4420184119305,310.4420184119305,310.4420184119305,310.4420184119305,310.4420184119305,310.4420184119305,310.4420184119305
309.35015951482046,309.35015951482046,309.35015951482046,309.35015951482046,309.35015951482046,309.35015951482046,309.35015951482046,309.35015951482046,309.35015951482046,309.35015951482046,309.35015951482046,309.35015951482046,309.35015951482046,309.35015951482046,309.35015951482046,309.35015951482046,309.35015951482046,309.35015951482046,309.35015951482046,309.35015951482046
306.1366271720992,306.1366271720992,306.1366271720992,306.1366271720992,306.1366271720992,306.1366271720992,306.1366271720992,306.1366271720992,306.1366271720992,306.1366271720992,306.1366271720992,306.1366271720992,306.1366271720992,306.1366271720992,306.1366271720992,306.1366271720992,306.1366271720992,306.1366271720992,306.1366271720992,306.1366271720992
302.265248271109,302.265248271109,302.265248271109,302.265248271109,302.265248271109,302.265248271109,302.265248271109,302.265248271109,302.265248271109,302.265248271109,302.265248271109,302.265248271109,302.265248271109,302.265248271109,302.265248271109,302.265248271109,302.265248271109,302.265248271109,302.265248271109,302.265248271109
298.70304093957975,298.70304093957975,298.70304093957975,298.70304093957975,298.70304093957975,298.70304093957975,298.70304093957975,298.70304093957975,298.70304093957975,298.70304093957975,298.70304093957975,298.70304093957975,298.70304093957975,298.70304093957975,298.70304093957975,298.70304093957975,298.70304093957975,298.70304093957975,298.70304093957975,298.70304093957975
296.1776391514126,296.1776391514126,296.1776391514126,296.1776391514126,296.1776391514126,296.1776391514126,296.1776391514126,296.1776391514126,296.1776391514126,296.1776391514126,296.1776391514126,296.1776391514126,296.1776391514126,296.1776391514126,296.1776391514126,296.1776391514126,296.1776391514126,296.1776391514126,296.1776391514126,296.1776391514126
295.4388383650036,295.4388383650036,295.4388383650036,295.4388383650036,295.4388383650036,295.4388383650036,295.4388383650036,295.4388383650036,295.4388383650036,295.4388383650036,295.4388383650036,295.4388383650036,295.4388383650036,295.4388383650036,295.4388383650036,295.4388383650036,295.4388383650036,295.4388383650036,295.4388383650036,295.4388383650036
297.3660702290577,297.3660702290577,297.3660702290577,297.3660702290577,297.3660702290577,297.3660702290577,297.3660702290577,297.3660702290577,297.3660702290577,297.3660702290577,297.3660702290577,297.3660702290577,297.3660702290577,297.3660702290577,297.3660702290577,297.3660702290577,297.3660702290577,297.3660702290577,297.3660702290577,297.3660702290577
302.02207766266486,302.02207766266486,302.02207766266486,302.02207766266486,302.02207766266486,302.02207766266486,302.02207766266486,302.02207766266486,302.02207766266486,302.02207766266486,302.02207766266486,302.02207766266486,302.02207766266486,302.02207766266486,302.02207766266486,302.02207766266486,302.02207766266486,302.02207766266486,302.02207766266486,302.02207766266486
309.2104014362703,309.2104014362703,309.2104014362703,309.2104014362703,309.2104014362703,309.2104014362703,309.2104014362703,309.2104014362703,309.2104014362703,309.2104014362703,309.2104014362703,309.2104014362703,309.2104014362703,309.2104014362703,309.2104014362703,309.2104014362703,309.2104014362703,309.2104014362703,309.2104014362703,309.2104014362703
318.850899438273,318.850899438273,318.850899438273,318.850899438273,318.850899438273,318.850899438273,318.850899438273,318.850899438273,318.850899438273,318.850899438273,318.850899438273,318.850899438273,318.850899438273,318.850899438273,318.850899438273,318.850899438273,318.850899438273,318.850899438273,318.850899438273,318.850899438273
330.1169632604742,330.1169632604742,330.1169632604742,330.1169632604742,330.1169632604742,330.1169632604742,330.1169632604742,330.1169632604742,330.1169632604742,330.1169632604742,330.1169632604742,330.1169632604742,330.1169632604742,330.1169632604742,330.1169632604742,330.1169632604742,330.1169632604742,330.1169632604742,330.1169632604742,330.1169632604742
340.74162405392457,340.74162405392457,340.74162405392457,340.74162405392457,340.74162405392457,340.74162405392457,340.74162405392457,340.74162405392457,340.74162405392457,340.74162405392457,340.74162405392457,340.74162405392457,340.74162405392457,340.74162405392457,340.74162405392457,340.74162405392457,340.74162405392457,340.74162405392457,340.74162405392457,340.74162405392457
348.559676102048,348.559676102048,348.559676102048,348.559676102048,348.559676102048,348.559676102048,348.559676102048,348.559676102048,348.559676102048,348.559676102048,348.559676102048,348.559676102048,348.559676102048,348.559676102048,348.559676102048,348.559676102048,348.559676102048,348.559676102048,348.559676102048,348.559676102048
352.5341491546525,352.5341491546525,352.5341491546525,352.5341491546525,352.5341491546525,352.5341491546525,352.5341491546525,352.5341491546525,352.5341491546525,352.5341491546525,352.5341491546525,352.5341491546525,352.5341491546525,352.5341491546525,352.5341491546525,352.5341491546525,352.5341491546525,352.5341491546525,352.5341491546525,352.5341491546525
352.30578244863887,352.30578244863887,352.30578244863887,352.30578244863887,352.30578244863887,352.30578244863887,352.30578244863887,352.30578244863887,352.30578244863887,352.30578244863887,352.30578244863887,352.30578244863887,352.30578244863887,352.30578244863887,352.30578244863887,352.30578244863887,352.30578244863887,352.30578244863887,352.30578244863887,352.30578244863887
348.56674004057834,348.56674004057834,348.56674004057834,348.56674004057834,348.56674004057834,348.56674004057834,348.56674004057834,348.56674004057834,348.56674004057834,348.56674004057834,348.56674004057834,348.56674004057834,348.56674004057834,348.56674004057834,348.56674004057834,348.56674004057834,348.56674004057834,348.56674004057834,348.56674004057834,348.56674004057834
343.02265638165653,343.02265638165653,343.02265638165653,343.02265638165653,343.02265638165653,343.02265638165653,343.02265638165653,343.02265638165653,343.02265638165653,343.02265638165653,343.02265638165653,343.02265638165653,343.02265638165653,343.02265638165653,343.02265638165653,343.02265638165653,343.02265638165653,343.02265638165653,343.02265638165653,343.02265638165653
338.311387239464,338.311387239464,338.311387239464,338.311387239464,338.311387239464,338.311387239464,338.311387239464,338.311387239464,338.311387239464,338.311387239464,338.311387239464,338.311387239464,338.311387239464,338.311387239464,338.311387239464,338.311387239464,338.311387239464,338.311387239464,338.311387239464,338.311387239464
337.10891475074374,337.10891475074374,337.10891475074374,337.10891475074374,337.10891475074374,337.10891475074374,337.10891475074374,337.10891475074374,337.10891475074374,337.10891475074374,337.10891475074374,337.10891475074374,337.10891475074374,337.10891475074374,337.10891475074374,337.10891475074374,337.10891475074374,337.10891475074374,337.10891475074374,337.10891475074374
341.23499183331404,341.23499183331404,341.23499183331404,341.23499183331404,341.23499183331404,341.23499183331404,341.23499183331404,341.23499183331404,341.23499183331404,341.23499183331404,341.23499183331404,341.23499183331404,341.23499183331404,341.23499183331404,341.23499183331404,341.23499183331404,341.23499183331404,341.23499183331404,341.23499183331404,341.23499183331404
351.51736215696076,351.51736215696076,351.51736215696076,351.51736215696076,351.51736215696076,351.51736215696076,351.51736215696076,351.51736215696076,351.51736215696076,351.51736215696076,351.51736215696076,351.51736215696076,351.51736215696076,351.51736215696076,351.51736215696076,351.51736215696076,351.51736215696076,351.51736215696076,351.51736215696076,351.51736215696076
367.1381245058218,367.1381245058218,367.1381245058218,367.1381245058218,367.1381245058218,367.1381245058218,367.1381245058218,367.1381245058218,367.1381245058218,367.1381245058218,367.1381245058218,367.1381245058218,367.1381245058218,367.1381245058218,367.1381245058218,367.1381245058218,367.1381245058218,367.1381245058218,367.1381245058218,367.1381245058218
386.1011205424067,386.1011205424067,386.1011205424067,386.1011205424067,386.1011205424067,386.1011205424067,386.1011205424067,386.1011205424067,386.1011205424067,386.1011205424067,386.1011205424067,386.1011205424067,386.1011205424067,386.1011205424067,386.1011205424067,386.1011205424067,386.1011205424067,386.1011205424067,386.1011205424067,386.1011205424067
405.6244957702319,405.6244957702319,405.6244957702319,405.6244957702319,405.6244957702319,405.6244957702319,405.6244957702319,405.6244957702319,405.6244957702319,405.6244957702319,405.6244957702319,405.6244957702319,405.6244957702319,405.6244957702319,405.6244957702319,405.6244957702319,405.6244957702319,405.6244957702319,405.6244957702319,405.6244957702319
422.80427195112145,422.80427195112145,422.80427195112145,422.80427195112145,422.80427195112145,422.80427195112145,422.80427195112145,422.80427195112145,422.80427195112145,422.80427195112145,422.80427195112145,422.80427195112145,422.80427195112145,422.80427195112145,422.80427195112145,422.80427195112145,422.80427195112145,422.80427195112145,422.80427195112145,422.80427195112145
434.47302294191576,434.47302294191576,434.47302294191576,434.47302294191576,434.47302294191576,434.47302294191576,434.47302294191576,434.47302294191576,434.47302294191576,434.47302294191576,434.47302294191576,434.47302294191576,434.47302294191576,434.47302294191576,434.47302294191576,434.47302294191576,434.47302294191576,434.47302294191576,434.47302294191576,434.47302294191576
438.53071467786725,438.53071467786725,438.53071467786725,438.53071467786725,438.53071467786725,438.53071467786725,438.53071467786725,438.53071467786725,438.53071467786725,438.53071467786725,438.53071467786725,438.53071467786725,438.53071467786725,438.53071467786725,438.53071467786725,438.53071467786725,438.53071467786725,438.53071467786725,438.53071467786725,438.53071467786725
434.66416941184303,434.66416941184303,434.66416941184303,434.66416941184303,434.66416941184303,434.66416941184303,434.66416941184303,434.66416941184303,434.66416941184303,434.66416941184303,434.66416941184303,434.66416941184303,434.66416941184303,434.66416941184303,434.66416941184303,434.66416941184303,434.66416941184303,434.66416941184303,434.66416941184303,434.66416941184303
423.9613779809674,423.9613779809674,423.9613779809674,423.9613779809674,423.9613779809674,423.9613779809674,423.9613779809674,423.9613779809674,423.9613779809674,423.9613779809674,423.9613779809674,423.9613779809674,423.9613779809674,423.9613779809674,423.9613779809674,423.9613779809674,423.9613779809674,423.9613779809674,423.9613779809674,423.9613779809674
408.3756319918271,408.3756319918271,408.3756319918271,408.3756319918271,408.3756319918271,408.3756319918271,408.3756319918271,408.3756319918271,408.3756319918271,408.3756319918271,408.3756319918271,408.3756319918271,408.3756319918271,408.3756319918271,408.3756319918271,408.3756319918271,408.3756319918271,408.3756319918271,408.3756319918271,408.3756319918271
390.0594352965759,390.0594352965759,390.0594352965759,390.0594352965759,390.0594352965759,390.0594352965759,390.0594352965759,390.0594352965759,390.0594352965759,390.0594352965759,390.0594352965759,390.0594352965759,390.0594352965759,390.0594352965759,390.0594352965759,390.0594352965759,390.0594352965759,390.0594352965759,390.0594352965759,390.0594352965759
371.2873789300524,371.2873789300524,371.2873789300524,371.2873789300524,371.2873789300524,371.2873789300524,371.2873789300524,371.2873789300524,371.2873789300524,371.2873789300524,371.2873789300524,371.2873789300524,371.2873789300524,371.2873789300524,371.2873789300524,371.2873789300524,371.2873789300524,371.2873789300524,371.2873789300524,371.2873789300524
354.0558403619545,354.0558403619545,354.0558403619545,354.0558403619545,354.0558403619545,354.0558403619545,354.0558403619545,354.0558403619545,354.0558403619545,354.0558403619545,354.0558403619545,354.0558403619545,354.0558403619545,354.0558403619545,354.0558403619545,354.0558403619545,354.0558403619545,354.0558403619545,354.0558403619545,354.0558403619545
340.1925297347978,340.1925297347978,340.1925297347978,340.1925297347978,340.1925297347978,340.1925297347978,340.1925297347978,340.1925297347978,340.1925297347978,340.1925297347978,340.1925297347978,340.1925297347978,340.1925297347978,340.1925297347978,340.1925297347978,340.1925297347978,340.1925297347978,340.1925297347978,340.1925297347978,340.1925297347978
330.3463443910396,330.3463443910396,330.3463443910396,330.3463443910396,330.3463443910396,330.3463443910396,330.3463443910396,330.3463443910396,330.3463443910396,330.3463443910396,330.3463443910396,330.3463443910396,330.3463443910396,330.3463443910396,330.3463443910396,330.3463443910396,330.3463443910396,330.3463443910396,330.3463443910396,330.3463443910396
323.75996033542884,323.75996033542884,323.75996033542884,323.75996033542884,323.75996033542884,323.75996033542884,323.75996033542884,323.75996033542884,323.75996033542884,323.75996033542884,323.75996033542884,323.75996033542884,323.75996033542884,323.75996033542884,323.75996033542884,323.75996033542884,323.75996033542884,323.75996033542884,323.75996033542884,323.75996033542884
318.39333653086334,318.39333653086334,318.39333653086334,318.39333653086334,318.39333653086334,318.39333653086334,318.39333653086334,318.39333653086334,318.39333653086334,318.39333653086334,318.39333653086334,318.39333653086334,318.39333653086334,318.39333653086334,318.39333653086334,318.39333653086334,318.39333653086334,318.39333653086334,318.39333653086334,318.39333653086334
311.6285280225611,311.6285280225611,311.6285280225611,311.6285280225611,311.6285280225611,311.6285280225611,311.6285280225611,311.6285280225611,311.6285280225611,311.6285280225611,311.6285280225611,311.6285280225611,311.6285280225611,311.6285280225611,311.6285280225611,311.6285280225611,311.6285280225611,311.6285280225611,311.6285280225611,311.6285280225611
301.86571958440436,301.86571958440436,301.86571958440436,301.86571958440436,301.86571958440436,301.86571958440436,301.86571958440436,301.86571958440436,301.86571958440436,301.86571958440436,301.86571958440436,301.86571958440436,301.86571958440436,301.86571958440436,301.86571958440436,301.86571958440436,301.86571958440436,301.86571958440436,301.86571958440436,301.86571958440436
288.92894920637355,288.92894920637355,288.92894920637355,288.92894920637355,288.92894920637355,288.92894920637355,288.92894920637355,288.92894920637355,288.92894920637355,288.92894920637355,288.92894920637355,288.92894920637355,288.92894920637355,288.92894920637355,288.92894920637355,288.92894920637355,288.92894920637355,288.92894920637355,288.92894920637355,288.92894920637355
273.4037083403732,273.4037083403732,273.4037083403732,273.4037083403732,273.4037083403732,273.4037083403732,273.4037083403732,273.4037083403732,273.4037083403732,273.4037083403732,273.4037083403732,273.4037083403732,273.4037083403732,273.4037083403732,273.4037083403732,273.4037083403732,273.4037083403732,273.4037083403732,273.4037083403732,273.4037083403732
257.48417695346853,257.48417695346853,257.48417695346853,257.48417695346853,257.48417695346853,257.48417695346853,257.48417695346853,257.48417695346853,257.48417695346853,257.48417695346853,257.48417695346853,257.48417695346853,257.48417695346853,257.48417695346853,257.48417695346853,257.48417695346853,257.48417695346853,257.48417695346853,257.48417695346853,257.48417695346853
243.73967076740178,243.73967076740178,243.73967076740178,243.73967076740178,243.73967076740178,243.73967076740178,243.73967076740178,243.73967076740178,243.73967076740178,243.73967076740178,243.73967076740178,243.73967076740178,243.73967076740178,243.73967076740178,243.73967076740178,243.73967076740178,243.73967076740178,243.73967076740178,243.73967076740178,243.73967076740178
234.38762833477494,234.38762833477494,234.38762833477494,234.38762833477494,234.38762833477494,234.38762833477494,234.38762833477494,234.38762833477494,234.38762833477494,234.38762833477494,234.38762833477494,234.38762833477494,234.38762833477494,234.38762833477494,234.38762833477494,234.38762833477494,234.38762833477494,234.38762833477494,234.38762833477494,234.38762833477494
229.6261366728647,229.6261366728647,229.6261366728647,229.6261366728647,229.6261366728647,229.6261366728647,229.6261366728647,229.6261366728647,229.6261366728647,229.6261366728647,229.6261366728647,229.6261366728647,229.6261366728647,229.6261366728647,229.6261366728647,229.6261366728647,229.6261366728647,229.6261366728647,229.6261366728647,229.6261366728647
228.35336608225188,228.35336608225188,228.35336608225188,228.35336608225188,228.35336608225188,228.35336608225188,228.35336608225188,228.35336608225188,228.35336608225188,228.35336608225188,228.35336608225188,228.35336608225188,228.35336608225188,228.35336608225188,228.35336608225188,228.35336608225188,228.35336608225188,228.35336608225188,228.35336608225188,228.35336608225188
229.16192299387455,229.16192299387455,229.16192299387455,229.16192299387455,229.16192299387455,229.16192299387455,229.16192299387455,229.16192299387455,229.16192299387455,229.16192299387455,229.16192299387455,229.16192299387455,229.16192299387455,229.16192299387455,229.16192299387455,229.16192299387455,229.16192299387455,229.16192299387455,229.16192299387455,229.16192299387455
230.59020822346352,230.59020822346352,230.59020822346352,230.59020822346352,230.59020822346352,230.59020822346352,230.59020822346352,230.59020822346352,230.59020822346352,230.59020822346352,230.59020822346352,230.59020822346352,230.59020822346352,230.59020822346352,230.59020822346352,230.59020822346352,230.59020822346352,230.59020822346352,230.59020822346352,230.59020822346352
232.71430843113325,232.71430843113325,232.71430843113325,232.71430843113325,232.71430843113325,232.71430843113325,232.71430843113325,232.71430843113325,232.71430843113325,232.71430843113325,232.71430843113325,232.71430843113325,232.71430843113325,232.71430843113325,232.71430843113325,232.71430843113325,232.71430843113325,232.71430843113325,232.71430843113325,232.71430843113325
236.7635706668279,236.7635706668279,236.7635706668279,236.7635706668279,236.7635706668279,236.7635706668279,236.7635706668279,236.7635706668279,236.7635706668279,236.7635706668279,236.7635706668279,236.7635706668279,236.7635706668279,236.7635706668279,236.7635706668279,236.7635706668279,236.7635706668279,236.7635706668279,236.7635706668279,236.7635706668279
245.14524766387544,245.14524766387544,245.14524766387544,245.14524766387544,245.14524766387544,245.14524766387544,245.14524766387544,245.14524766387544,245.14524766387544,245.14524766387544,245.14524766387544,245.14524766387544,245.14524766387544,245.14524766387544,245.14524766387544,245.14524766387544,245.14524766387544,245.14524766387544,245.14524766387544,245.14524766387544
260.23611037462734,260.23611037462734,260.23611037462734,260.23611037462734,260.23611037462734,260.23611037462734,260.23611037462734,260.23611037462734,260.23611037462734,260.23611037462734,260.23611037462734,260.23611037462734,260.23611037462734,260.23611037462734,260.23611037462734,260.23611037462734,260.23611037462734,260.23611037462734,260.23611037462734,260.23611037462734
282.8548689490502,282.8548689490502,282.8548689490502,282.8548689490502,282.8548689490502,282.8548689490502,282.8548689490502,282.8548689490502,282.8548689490502,282.8548689490502,282.8548689490502,282.8548689490502,282.8548689490502,282.8548689490502,282.8548689490502,282.8548689490502,282.8548689490502,282.8548689490502,282.8548689490502,282.8548689490502
312.00013362145114,312.00013362145114,312.00013362145114,312.00013362145114,312.00013362145114,312.00013362145114,312.00013362145114,312.00013362145114,312.00013362145114,312.00013362145114,312.00013362145114,312.00013362145114,312.00013362145114,312.00013362145114,312.00013362145114,312.00013362145114,312.00013362145114,312.00013362145114,312.00013362145114,312.00013362145114
344.63603805469165,344.63603805469165,344.63603805469165,344.63603805469165,344.63603805469165,344.63603805469165,344.63603805469165,344.63603805469165,344.63603805469165,344.63603805469165,344.63603805469165,344.63603805469165,344.63603805469165,344.63603805469165,344.63603805469165,344.63603805469165,344.63603805469165,344.63603805469165,344.63603805469165,344.63603805469165
376.283080711472,376.283080711472,376.283080711472,376.283080711472,376.283080711472,376.283080711472,376.283080711472,376.283080711472,376.283080711472,376.283080711472,376.283080711472,376.283080711472,376.283080711472,376.283080711472,376.283080711472,376.283080711472,376.283080711472,376.283080711472,376.283080711472,376.283080711472
402.4128841211412,402.4128841211412,402.4128841211412,402.4128841211412,402.4128841211412,402.4128841211412,402.4128841211412,402.4128841211412,402.4128841211412,402.4128841211412,402.4128841211412,402.4128841211412,402.4128841211412,402.4128841211412,402.4128841211412,402.4128841211412,402.4128841211412,402.4128841211412,402.4128841211412,402.4128841211412
419.7700914926991,419.7700914926991,419.7700914926991,419.7700914926991,419.7700914926991,419.7700914926991,419.7700914926991,419.7700914926991,419.7700914926991,419.7700914926991,419.7700914926991,419.7700914926991,419.7700914926991,419.7700914926991,419.7700914926991,419.7700914926991,419.7700914926991,419.7700914926991,419.7700914926991,419.7700914926991
426.6566438711276,426.6566438711276,426.6566438711276,426.6566438711276,426.6566438711276,426.6566438711276,426.6566438711276,426.6566438711276,426.6566438711276,426.6566438711276,426.6566438711276,426.6566438711276,426.6566438711276,426.6566438711276,426.6566438711276,426.6566438711276,426.6566438711276,426.6566438711276,426.6566438711276,426.6566438711276
423.14865293746976,423.14865293746976,423.14865293746976,423.14865293746976,423.14865293746976,423.14865293746976,423.14865293746976,423.14865293746976,423.14865293746976,423.14865293746976,423.14865293746976,423.14865293746976,423.14865293746976,423.14865293746976,423.14865293746976,423.14865293746976,423.14865293746976,423.14865293746976,423.14865293746976,423.14865293746976
410.69844866222405,410.69844866222405,410.69844866222405,410.69844866222405,410.69844866222405,410.69844866222405,410.69844866222405,410.69844866222405,410.69844866222405,410.69844866222405,410.69844866222405,410.69844866222405,410.69844866222405,410.69844866222405,410.69844866222405,410.69844866222405,410.69844866222405,410.69844866222405,410.69844866222405,410.69844866222405
391.41272294951034,391.41272294951034,391.41272294951034,391.41272294951034,391.41272294951034,391.41272294951034,391.41272294951034,391.41272294951034,391.41272294951034,391.41272294951034,391.41272294951034,391.41272294951034,391.41272294951034,391.41272294951034,391.41272294951034,391.41272294951034,391.41272294951034,391.41272294951034,391.41272294951034,391.41272294951034
366.7397884010047,366.7397884010047,366.7397884010047,366.7397884010047,366.7397884010047,366.7397884010047,366.7397884010047,366.7397884010047,366.7397884010047,366.7397884010047,366.7397884010047,366.7397884010047,366.7397884010047,366.7397884010047,366.7397884010047,366.7397884010047,366.7397884010047,366.7397884010047,366.7397884010047,366.7397884010047
337.841498674578,337.841498674578,337.841498674578,337.841498674578,337.841498674578,337.841498674578,337.841498674578,337.841498674578,337.841498674578,337.841498674578,337.841498674578,337.841498674578,337.841498674578,337.841498674578,337.841498674578,337.841498674578,337.841498674578,337.841498674578,337.841498674578,337.841498674578
307.1463563290016,307.1463563290016,307.1463563290016,307.1463563290016,307.1463563290016,307.1463563290016,307.1463563290016,307.1463563290016,307.1463563290016,307.1463563290016,307.1463563290016,307.1463563290016,307.1463563290016,307.1463563290016,307.1463563290016,307.1463563290016,307.1463563290016,307.1463563290016,307.1463563290016,307.1463563290016
278.70112694141534,278.70112694141534,278.70112694141534,278.70112694141534,278.70112694141534,278.70112694141534,278.70112694141534,278.70112694141534,278.70112694141534,278.70112694141534,278.70112694141534,278.70112694141534,278.70112694141534,278.70112694141534,278.70112694141534,278.70112694141534,278.70112694141534,278.70112694141534,278.70112694141534,278.70112694141534
257.49445348662334,257.49445348662334,257.49445348662334,257.49445348662334,257.49445348662334,257.49445348662334,257.49445348662334,257.49445348662334,257.49445348662334,257.49445348662334,257.49445348662334,257.49445348662334,257.49445348662334,257.49445348662334,257.49445348662334,257.49445348662334,257.49445348662334,257.49445348662334,257.49445348662334,257.49445348662334
247.53353765056974,247.53353765056974,247.53353765056974,247.53353765056974,247.53353765056974,247.53353765056974,247.53353765056974,247.53353765056974,247.53353765056974,247.53353765056974,247.53353765056974,247.53353765056974,247.53353765056974,247.53353765056974,247.53353765056974,247.53353765056974,247.53353765056974,247.53353765056974,247.53353765056974,247.53353765056974
251.22057512029792,251.22057512029792,251.22057512029792,251.22057512029792,251.22057512029792,251.22057512029792,251.22057512029792,251.22057512029792,251.22057512029792,251.22057512029792,251.22057512029792,251.22057512029792,251.22057512029792,251.22057512029792,251.22057512029792,251.22057512029792,251.22057512029792,251.22057512029792,251.22057512029792,251.22057512029792
266.83696894433865,266.83696894433865,266.83696894433865,266.83696894433865,266.83696894433865,266.83696894433865,266.83696894433865,266.83696894433865,266.83696894433865,266.83696894433865,266.83696894433865,266.83696894433865,266.83696894433865,266.83696894433865,266.83696894433865,266.83696894433865,266.83696894433865,266.83696894433865,266.83696894433865,266.83696894433865
289.3673411647311,289.3673411647311,289.3673411647311,289.3673411647311,289.3673411647311,289.3673411647311,289.3673411647311,289.3673411647311,289.3673411647311,289.3673411647311,289.3673411647311,289.3673411647311,289.3673411647311,289.3673411647311,289.3673411647311,289.3673411647311,289.3673411647311,289.3673411647311,289.3673411647311,289.3673411647311
312.5786770535086,312.5786770535086,312.5786770535086,312.5786770535086,312.5786770535086,312.5786770535086,312.5786770535086,312.5786770535086,312.5786770535086,312.5786770535086,312.5786770535086,312.5786770535086,312.5786770535086,312.5786770535086,312.5786770535086,312.5786770535086,312.5786770535086,312.5786770535086,312.5786770535086,312.5786770535086
331.1429342664459,331.1429342664459,331.1429342664459,331.1429342664459,331.1429342664459,331.1429342664459,331.1429342664459,331.1429342664459,331.1429342664459,331.1429342664459,331.1429342664459,331.1429342664459,331.1429342664459,331.1429342664459,331.1429342664459,331.1429342664459,331.1429342664459,331.1429342664459,331.1429342664459,331.1429342664459
341.70134709341215,341.70134709341215,341.70134709341215,341.70134709341215,341.70134709341215,341.70134709341215,341.70134709341215,341.70134709341215,341.70134709341215,341.70134709341215,341.70134709341215,341.70134709341215,341.70134709341215,341.70134709341215,341.70134709341215,341.70134709341215,341.70134709341215,341.70134709341215,341.70134709341215,341.70134709341215
344.28904695894295,344.28904695894295,344.28904695894295,344.28904695894295,344.28904695894295,344.28904695894295,344.28904695894295,344.28904695894295,344.28904695894295,344.28904695894295,344.28904695894295,344.28904695894295,344.28904695894295,344.28904695894295,344.28904695894295,344.28904695894295,344.28904695894295,344.28904695894295,344.28904695894295,344.28904695894295
340.37064854172735,340.37064854172735,340.37064854172735,340.37064854172735,340.37064854172735,340.37064854172735,340.37064854172735,340.37064854172735,340.37064854172735,340.37064854172735,340.37064854172735,340.37064854172735,340.37064854172735,340.37064854172735,340.37064854172735,340.37064854172735,340.37064854172735,340.37064854172735,340.37064854172735,340.37064854172735
332.32939803686656,332.32939803686656,332.32939803686656,332.32939803686656,332.32939803686656,332.32939803686656,332.32939803686656,332.32939803686656,332.32939803686656,332.32939803686656,332.32939803686656,332.32939803686656,332.32939803686656,332.32939803686656,332.32939803686656,332.32939803686656,332.32939803686656,332.32939803686656,332.32939803686656,332.32939803686656
322.98494619979647,322.98494619979647,322.98494619979647,322.98494619979647,322.98494619979647,322.98494619979647,322.98494619979647,322.98494619979647,322.98494619979647,322.98494619979647,322.98494619979647,322.98494619979647,322.98494619979647,322.98494619979647,322.98494619979647,322.98494619979647,322.98494619979647,322.98494619979647,322.98494619979647,322.98494619979647
314.5613959560164,314.5613959560164,314.5613959560164,314.5613959560164,314.5613959560164,314.5613959560164,314.5613959560164,314.5613959560164,314.5613959560164,314.5613959560164,314.5613959560164,314.5613959560164,314.5613959560164,314.5613959560164,314.5613959560164,314.5613959560164,314.5613959560164,314.5613959560164,314.5613959560164,314.5613959560164
308.09705762036947,308.09705762036947,308.09705762036947,308.09705762036947,308.09705762036947,308.09705762036947,308.09705762036947,308.09705762036947,308.09705762036947,308.09705762036947,308.09705762036947,308.09705762036947,308.09705762036947,308.09705762036947,308.09705762036947,308.09705762036947,308.09705762036947,308.09705762036947,308.09705762036947,308.09705762036947
304.2598938552806,304.2598938552806,304.2598938552806,304.2598938552806,304.2598938552806,304.2598938552806,304.2598938552806,304.2598938552806,304.2598938552806,304.2598938552806,304.2598938552806,304.2598938552806,304.2598938552806,304.2598938552806,304.2598938552806,304.2598938552806,304.2598938552806,304.2598938552806,304.2598938552806,304.2598938552806
303.1668153745042,303.1668153745042,303.1668153745042,303.1668153745042,303.1668153745042,303.1668153745042,303.1668153745042,303.1668153745042,303.1668153745042,303.1668153745042,303.1668153745042,303.1668153745042,303.1668153745042,303.1668153745042,303.1668153745042,303.1668153745042,303.1668153745042,303.1668153745042,303.1668153745042,303.1668153745042
304.9043734216933,304.9043734216933,304.9043734216933,304.9043734216933,304.9043734216933,304.9043734216933,304.9043734216933,304.9043734216933,304.9043734216933,304.9043734216933,304.9043734216933,304.9043734216933,304.9043734216933,304.9043734216933,304.9043734216933,304.9043734216933,304.9043734216933,304.9043734216933,304.9043734216933,304.9043734216933
308.99912921801064,308.99912921801064,308.99912921801064,308.99912921801064,308.99912921801064,308.99912921801064,308.99912921801064,308.99912921801064,308.99912921801064,308.99912921801064,308.99912921801064,308.99912921801064,308.99912921801064,308.99912921801064,308.99912921801064,308.99912921801064,308.99912921801064,308.99912921801064,308.99912921801064,308.99912921801064
314.2070577803539,314.2070577803539,314.2070577803539,314.2070577803539,314.2070577803539,314.2070577803539,314.2070577803539,314.2070577803539,314.2070577803539,314.2070577803539,314.2070577803539,314.2070577803539,314.2070577803539,314.2070577803539,314.2070577803539,314.2070577803539,314.2070577803539,314.2070577803539,314.2070577803539,314.2070577803539
318.98153323855547,318.98153323855547,318.98153323855547,318.98153323855547,318.98153323855547,318.98153323855547,318.98153323855547,318.98153323855547,318.98153323855547,318.98153323855547,318.98153323855547,318.98153323855547,318.98153323855547,318.98153323855547,318.98153323855547,318.98153323855547,318.98153323855547,318.98153323855547,318.98153323855547,318.98153323855547
321.4762892413514,321.4762892413514,321.4762892413514,321.4762892413514,321.4762892413514,321.4762892413514,321.4762892413514,321.4762892413514,321.4762892413514,321.4762892413514,321.4762892413514,321.4762892413514,321.4762892413514,321.4762892413514,321.4762892413514,321.4762892413514,321.4762892413514,321.4762892413514,321.4762892413514,321.4762892413514
319.8303201664076,319.8303201664076,319.8303201664076,319.8303201664076,319.8303201664076,319.8303201664076,319.8303201664076,319.8303201664076,319.8303201664076,319.8303201664076,319.8303201664076,319.8303201664076,319.8303201664076,319.8303201664076,319.8303201664076,319.8303201664076,319.8303201664076,319.8303201664076,319.8303201664076,319.8303201664076
312.2478533277021,312.2478533277021,312.2478533277021,312.2478533277021,312.2478533277021,312.2478533277021,312.2478533277021,312.2478533277021,312.2478533277021,312.2478533277021,312.2478533277021,312.2478533277021,312.2478533277021,312.2478533277021,312.2478533277021,312.2478533277021,312.2478533277021,312.2478533277021,312.2478533277021,312.2478533277021
297.8776878234979,297.8776878234979,297.8776878234979,297.8776878234979,297.8776878234979,297.8776878234979,297.8776878234979,297.8776878234979,297.8776878234979,297.8776878234979,297.8776878234979,297.8776878234979,297.8776878234979,297.8776878234979,297.8776878234979,297.8776878234979,297.8776878234979,297.8776878234979,297.8776878234979,297.8776878234979
277.71279672852006,277.71279672852006,277.71279672852006,277.71279672852006,277.71279672852006,277.71279672852006,277.71279672852006,277.71279672852006,277.71279672852006,277.71279672852006,277.71279672852006,277.71279672852006,277.71279672852006,277.71279672852006,277.71279672852006,277.71279672852006,277.71279672852006,277.71279672852006,277.71279672852006,277.71279672852006
254.78294174221222,254.78294174221222,254.78294174221222,254.78294174221222,254.78294174221222,254.78294174221222,254.78294174221222,254.78294174221222,254.78294174221222,254.78294174221222,254.78294174221222,254.78294174221222,254.78294174221222,254.78294174221222,254.78294174221222,254.78294174221222,254.78294174221222,254.78294174221222,254.78294174221222,254.78294174221222
233.7567791220957,233.7567791220957,233.7567791220957,233.7567791220957,233.7567791220957,233.7567791220957,233.7567791220957,233.7567791220957,233.7567791220957,233.7567791220957,233.7567791220957,233.7567791220957,233.7567791220957,233.7567791220957,233.7567791220957,233.7567791220957,233.7567791220957,233.7567791220957,233.7567791220957,233.7567791220957
220.04578387158472,220.04578387158472,220.04578387158472,220.04578387158472,220.04578387158472,220.04578387158472,220.04578387158472,220.04578387158472,220.04578387158472,220.04578387158472,220.04578387158472,220.04578387158472,220.04578387158472,220.04578387158472,220.04578387158472,220.04578387158472,220.04578387158472,220.04578387158472,220.04578387158472,220.04578387158472
217.89464161434967,217.89464161434967,217.89464161434967,217.89464161434967,217.89464161434967,217.89464161434967,217.89464161434967,217.89464161434967,217.89464161434967,217.89464161434967,217.89464161434967,217.89464161434967,217.89464161434967,217.89464161434967,217.89464161434967,217.89464161434967,217.89464161434967,217.89464161434967,217.89464161434967,217.89464161434967
228.66225612995956,228.66225612995956,228.66225612995956,228.66225612995956,228.66225612995956,228.66225612995956,228.66225612995956,228.66225612995956,228.66225612995956,228.66225612995956,228.66225612995956,228.66225612995956,228.66225612995956,228.66225612995956,228.66225612995956,228.66225612995956,228.66225612995956,228.66225612995956,228.66225612995956,228.66225612995956
250.63373959679228,250.63373959679228,250.63373959679228,250.63373959679228,250.63373959679228,250.63373959679228,250.63373959679228,250.63373959679228,250.63373959679228,250.63373959679228,250.63373959679228,250.63373959679228,250.63373959679228,250.63373959679228,250.63373959679228,250.63373959679228,250.63373959679228,250.63373959679228,250.63373959679228,250.63373959679228
278.9012857132071,278.9012857132071,278.9012857132071,278.9012857132071,278.9012857132071,278.9012857132071,278.9012857132071,278.9012857132071,278.9012857132071,278.9012857132071,278.9012857132071,278.9012857132071,278.9012857132071,278.9012857132071,278.9012857132071,278.9012857132071,278.9012857132071,278.9012857132071,278.9012857132071,278.9012857132071
307.0300058181995,307.0300058181995,307.0300058181995,307.0300058181995,307.0300058181995,307.0300058181995,307.0300058181995,307.0300058181995,307.0300058181995,307.0300058181995,307.0300058181995,307.0300058181995,307.0300058181995,307.0300058181995,307.0300058181995,307.0300058181995,307.0300058181995,307.0300058181995,307.0300058181995,307.0300058181995
328.822513131721,328.822513131721,328.822513131721,328.822513131721,328.822513131721,328.822513131721,328.822513131721,328.822513131721,328.822513131721,328.822513131721,328.822513131721,328.822513131721,328.822513131721,328.822513131721,328.822513131721,328.822513131721,328.822513131721,328.822513131721,328.822513131721,328.822513131721
339.65440525019943,339.65440525019943,339.65440525019943,339.65440525019943,339.65440525019943,339.65440525019943,339.65440525019943,339.65440525019943,339.65440525019943,339.65440525019943,339.65440525019943,339.65440525019943,339.65440525019943,339.65440525019943,339.65440525019943,339.65440525019943,339.65440525019943,339.65440525019943,339.65440525019943,339.65440525019943
337.71472489129286,337.71472489129286,337.71472489129286,337.71472489129286,337.71472489129286,337.71472489129286,337.71472489129286,337.71472489129286,337.71472489129286,337.71472489129286,337.71472489129286,337.71472489129286,337.71472489129286,337.71472489129286,337.71472489129286,337.71472489129286,337.71472489129286,337.71472489129286,337.71472489129286,337.71472489129286
323.8737330377972,323.8737330377972,323.8737330377972,323.8737330377972,323.8737330377972,323.8737330377972,323.8737330377972,323.8737330377972,323.8737330377972,323.8737330377972,323.8737330377972,323.8737330377972,323.8737330377972,323.8737330377972,323.8737330377972,323.8737330377972,323.8737330377972,323.8737330377972,323.8737330377972,323.8737330377972
301.82286203777704,301.82286203777704,301.82286203777704,301.82286203777704,301.82286203777704,301.82286203777704,301.82286203777704,301.82286203777704,301.82286203777704,301.82286203777704,301.82286203777704,301.82286203777704,301.82286203777704,301.82286203777704,301.82286203777704,301.82286203777704,301.82286203777704,301.82286203777704,301.82286203777704,301.82286203777704
276.1976775030069,276.1976775030069,276.1976775030069,276.1976775030069,276.1976775030069,276.1976775030069,276.1976775030069,276.1976775030069,276.1976775030069,276.1976775030069,276.1976775030069,276.1976775030069,276.1976775030069,276.1976775030069,276.1976775030069,276.1976775030069,276.1976775030069,276.1976775030069,276.1976775030069,276.1976775030069
251.254883209101,251.254883209101,251.254883209101,251.254883209101,251.254883209101,251.254883209101,251.254883209101,251.254883209101,251.254883209101,251.254883209101,251.254883209101,251.254883209101,251.254883209101,251.254883209101,251.254883209101,251.254883209101,251.254883209101,251.254883209101,251.254883209101,251.254883209101
230.55855125933934,230.55855125933934,230.55855125933934,230.55855125933934,230.55855125933934,230.55855125933934,230.55855125933934,230.55855125933934,230.55855125933934,230.55855125933934,230.55855125933934,230.55855125933934,230.55855125933934,230.55855125933934,230.55855125933934,230.55855125933934,230.55855125933934,230.55855125933934,230.55855125933934,230.55855125933934
216.16235822772344,216.16235822772344,216.16235822772344,216.16235822772344,216.16235822772344,216.16235822772344,216.16235822772344,216.16235822772344,216.16235822772344,216.16235822772344,216.16235822772344,216.16235822772344,216.16235822772344,216.16235822772344,216.16235822772344,216.16235822772344,216.16235822772344,216.16235822772344,216.16235822772344,216.16235822772344
208.4873234709672,208.4873234709672,208.4873234709672,208.4873234709672,208.4873234709672,208.4873234709672,208.4873234709672,208.4873234709672,208.4873234709672,208.4873234709672,208.4873234709672,208.4873234709672,208.4873234709672,208.4873234709672,208.4873234709672,208.4873234709672,208.4873234709672,208.4873234709672,208.4873234709672,208.4873234709672
207.33392998924538,207.33392998924538,207.33392998924538,207.33392998924538,207.33392998924538,207.33392998924538,207.33392998924538,207.33392998924538,207.33392998924538,207.33392998924538,207.33392998924538,207.33392998924538,207.33392998924538,207.33392998924538,207.33392998924538,207.33392998924538,207.33392998924538,207.33392998924538,207.33392998924538,207.33392998924538
210.68980478215994,210.68980478215994,210.68980478215994,210.68980478215994,210.68980478215994,210.68980478215994,210.68980478215994,210.68980478215994,210.68980478215994,210.68980478215994,210.68980478215994,210.68980478215994,210.68980478215994,210.68980478215994,210.68980478215994,210.68980478215994,210.68980478215994,210.68980478215994,210.68980478215994,210.68980478215994
216.14354411103196,216.14354411103196,216.14354411103196,216.14354411103196,216.14354411103196,216.14354411103196,216.14354411103196,216.14354411103196,216.14354411103196,216.14354411103196,216.14354411103196,216.14354411103196,216.14354411103196,216.14354411103196,216.14354411103196,216.14354411103196,216.14354411103196,216.14354411103196,216.14354411103196,216.14354411103196
221.45863425335037,221.45863425335037,221.45863425335037,221.45863425335037,221.45863425335037,221.45863425335037,221.45863425335037,221.45863425335037,221.45863425335037,221.45863425335037,221.45863425335037,221.45863425335037,221.45863425335037,221.45863425335037,221.45863425335037,221.45863425335037,221.45863425335037,221.45863425335037,221.45863425335037,221.45863425335037
225.04549536274632,225.04549536274632,225.04549536274632,225.04549536274632,225.04549536274632,225.04549536274632,225.04549536274632,225.04549536274632,225.04549536274632,225.04549536274632,225.04549536274632,225.04549536274632,225.04549536274632,225.04549536274632,225.04549536274632,225.04549536274632,225.04549536274632,225.04549536274632,225.04549536274632,225.04549536274632
226.3112178553549,226.3112178553549,226.3112178553549,226.3112178553549,226.3112178553549,226.3112178553549,226.3112178553549,226.3112178553549,226.3112178553549,226.3112178553549,226.3112178553549,226.3112178553549,226.3112178553549,226.3112178553549,226.3112178553549,226.3112178553549,226.3112178553549,226.3112178553549,226.3112178553549,226.3112178553549
224.3222520952044,224.3222520952044,224.3222520952044,224.3222520952044,224.3222520952044,224.3222520952044,224.3222520952044,224.3222520952044,224.3222520952044,224.3222520952044,224.3222520952044,224.3222520952044,224.3222520952044,224.3222520952044,224.3222520952044,224.3222520952044,224.3222520952044,224.3222520952044,224.3222520952044,224.3222520952044
218.66809307834478,218.66809307834478,218.66809307834478,218.66809307834478,218.66809307834478,218.66809307834478,218.66809307834478,218.66809307834478,218.66809307834478,218.66809307834478,218.66809307834478,218.66809307834478,218.66809307834478,218.66809307834478,218.66809307834478,218.66809307834478,218.66809307834478,218.66809307834478,218.66809307834478,218.66809307834478
209.5462438808895,209.5462438808895,209.5462438808895,209.5462438808895,209.5462438808895,209.5462438808895,209.5462438808895,209.5462438808895,209.5462438808895,209.5462438808895,209.5462438808895,209.5462438808895,209.5462438808895,209.5462438808895,209.5462438808895,209.5462438808895,209.5462438808895,209.5462438808895,209.5462438808895,209.5462438808895
198.08900420055724,198.08900420055724,198.08900420055724,198.08900420055724,198.08900420055724,198.08900420055724,198.08900420055724,198.08900420055724,198.08900420055724,198.08900420055724,198.08900420055724,198.08900420055724,198.08900420055724,198.08900420055724,198.08900420055724,198.08900420055724,198.08900420055724,198.08900420055724,198.08900420055724,198.08900420055724
186.43700614567982,186.43700614567982,186.43700614567982,186.43700614567982,186.43700614567982,186.43700614567982,186.43700614567982,186.43700614567982,186.43700614567982,186.43700614567982,186.43700614567982,186.43700614567982,186.43700614567982,186.43700614567982,186.43700614567982,186.43700614567982,186.43700614567982,186.43700614567982,186.43700614567982,186.43700614567982
177.17932405148204,177.17932405148204,177.17932405148204,177.17932405148204,177.17932405148204,177.17932405148204,177.17932405148204,177.17932405148204,177.17932405148204,177.17932405148204,177.17932405148204,177.17932405148204,177.17932405148204,177.17932405148204,177.17932405148204,177.17932405148204,177.17932405148204,177.17932405148204,177.17932405148204,177.17932405148204
172.85069754939053,172.85069754939053,172.85069754939053,172.85069754939053,172.85069754939053,172.85069754939053,172.85069754939053,172.85069754939053,172.85069754939053,172.85069754939053,172.85069754939053,172.85069754939053,172.85069754939053,172.85069754939053,172.85069754939053,172.85069754939053,172.85069754939053,172.85069754939053,172.85069754939053,172.85069754939053
174.55743652502755,174.55743652502755,174.55743652502755,174.55743652502755,174.55743652502755,174.55743652502755,174.55743652502755,174.55743652502755,174.55743652502755,174.55743652502755,174.55743652502755,174.55743652502755,174.55743652502755,174.55743652502755,174.55743652502755,174.55743652502755,174.55743652502755,174.55743652502755,174.55743652502755,174.55743652502755
180.85078763061748,180.85078763061748,180.85078763061748,180.85078763061748,180.85078763061748,180.85078763061748,180.85078763061748,180.85078763061748,180.85078763061748,180.85078763061748,180.85078763061748,180.85078763061748,180.85078763061748,180.85078763061748,180.85078763061748,180.85078763061748,180.85078763061748,180.85078763061748,180.85078763061748,180.85078763061748
188.9375260596191,188.9375260596191,188.9375260596191,188.9375260596191,188.9375260596191,188.9375260596191,188.9375260596191,188.9375260596191,188.9375260596191,188.9375260596191,188.9375260596191,188.9375260596191,188.9375260596191,188.9375260596191,188.9375260596191,188.9375260596191,188.9375260596191,188.9375260596191,188.9375260596191,188.9375260596191
195.05716521104384,195.05716521104384,195.05716521104384,195.05716521104384,195.05716521104384,195.05716521104384,195.05716521104384,195.05716521104384,195.05716521104384,195.05716521104384,195.05716521104384,195.05716521104384,195.05716521104384,195.05716521104384,195.05716521104384,195.05716521104384,195.05716521104384,195.05716521104384,195.05716521104384,195.05716521104384
195.83113944286234,195.83113944286234,195.83113944286234,195.83113944286234,195.83113944286234,195.83113944286234,195.83113944286234,195.83113944286234,195.83113944286234,195.83113944286234,195.83113944286234,195.83113944286234,195.83113944286234,195.83113944286234,195.83113944286234,195.83113944286234,195.83113944286234,195.83113944286234,195.83113944286234,195.83113944286234
190.08712314269272,190.08712314269272,190.08712314269272,190.08712314269272,190.08712314269272,190.08712314269272,190.08712314269272,190.08712314269272,190.08712314269272,190.08712314269272,190.08712314269272,190.08712314269272,190.08712314269272,190.08712314269272,190.08712314269272,190.08712314269272,190.08712314269272,190.08712314269272,190.08712314269272,190.08712314269272
178.95290344848627,178.95290344848627,178.95290344848627,178.95290344848627,178.95290344848627,178.95290344848627,178.95290344848627,178.95290344848627,178.95290344848627,178.95290344848627,178.95290344848627,178.95290344848627,178.95290344848627,178.95290344848627,178.95290344848627,178.95290344848627,178.95290344848627,178.95290344848627,178.95290344848627,178.95290344848627
165.39871511534878,165.39871511534878,165.39871511534878,165.39871511534878,165.39871511534878,165.39871511534878,165.39871511534878,165.39871511534878,165.39871511534878,165.39871511534878,165.39871511534878,165.39871511534878,165.39871511534878,165.39871511534878,165.39871511534878,165.39871511534878,165.39871511534878,165.39871511534878,165.39871511534878,165.39871511534878
152.88336346717068,152.88336346717068,152.88336346717068,152.88336346717068,152.88336346717068,152.88336346717068,152.88336346717068,152.88336346717068,152.88336346717068,152.88336346717068,152.88336346717068,152.88336346717068,152.88336346717068,152.88336346717068,152.88336346717068,152.88336346717068,152.88336346717068,152.88336346717068,152.88336346717068,152.88336346717068
144.449031770118,144.449031770118,144.449031770118,144.449031770118,144.449031770118,144.449031770118,144.449031770118,144.449031770118,144.449031770118,144.449031770118,144.449031770118,144.449031770118,144.449031770118,144.449031770118,144.449031770118,144.449031770118,144.449031770118,144.449031770118,144.449031770118,144.449031770118
142.1735450424937,142.1735450424937,142.1735450424937,142.1735450424937,142.1735450424937,142.1735450424937,142.1735450424937,142.1735450424937,142.1735450424937,142.1735450424937,142.1735450424937,142.1735450424937,142.1735450424937,142.1735450424937,142.1735450424937,142.1735450424937,142.1735450424937,142.1735450424937,142.1735450424937,142.1735450424937
146.7689766957707,146.7689766957707,146.7689766957707,146.7689766957707,146.7689766957707,146.7689766957707,146.7689766957707,146.7689766957707,146.7689766957707,146.7689766957707,146.7689766957707,146.7689766957707,146.7689766957707,146.7689766957707,146.7689766957707,146.7689766957707,146.7689766957707,146.7689766957707,146.7689766957707,146.7689766957707
157.49968001307252,157.49968001307252,157.49968001307252,157.49968001307252,157.49968001307252,157.49968001307252,157.49968001307252,157.49968001307252,157.49968001307252,157.49968001307252,157.49968001307252,157.49968001307252,157.49968001307252,157.49968001307252,157.49968001307252,157.49968001307252,157.49968001307252,157.49968001307252,157.49968001307252,157.49968001307252
172.4304443872872,172.4304443872872,172.4304443872872,172.4304443872872,172.4304443872872,172.4304443872872,172.4304443872872,172.4304443872872,172.4304443872872,172.4304443872872,172.4304443872872,172.4304443872872,172.4304443872872,172.4304443872872,172.4304443872872,172.4304443872872,172.4304443872872,172.4304443872872,172.4304443872872,172.4304443872872
189.11238234735183,189.11238234735183,189.11238234735183,189.11238234735183,189.11238234735183,189.11238234735183,189.11238234735183,189.11238234735183,189.11238234735183,189.11238234735183,189.11238234735183,189.11238234735183,189.11238234735183,189.11238234735183,189.11238234735183,189.11238234735183,189.11238234735183,189.11238234735183,189.11238234735183,189.11238234735183
204.22978508973966,204.22978508973966,204.22978508973966,204.22978508973966,204.22978508973966,204.22978508973966,204.22978508973966,204.22978508973966,204.22978508973966,204.22978508973966,204.22978508973966,204.22978508973966,204.22978508973966,204.22978508973966,204.22978508973966,204.22978508973966,204.22978508973966,204.22978508973966,204.22978508973966,204.22978508973966
213.90633419631993,213.90633419631993,213.90633419631993,213.90633419631993,213.90633419631993,213.90633419631993,213.90633419631993,213.90633419631993,213.90633419631993,213.90633419631993,213.90633419631993,213.90633419631993,213.90633419631993,213.90633419631993,213.90633419631993,213.90633419631993,213.90633419631993,213.90633419631993,213.90633419631993,213.90633419631993
215.23629307465183,215.23629307465183,215.23629307465183,215.23629307465183,215.23629307465183,215.23629307465183,215.23629307465183,215.23629307465183,215.23629307465183,215.23629307465183,215.23629307465183,215.23629307465183,215.23629307465183,215.23629307465183,215.23629307465183,215.23629307465183,215.23629307465183,215.23629307465183,215.23629307465183,215.23629307465183
207.285961219582,207.285961219582,207.285961219582,207.285961219582,207.285961219582,207.285961219582,207.285961219582,207.285961219582,207.285961219582,207.285961219582,207.285961219582,207.285961219582,207.285961219582,207.285961219582,207.285961219582,207.285961219582,207.285961219582,207.285961219582,207.285961219582,207.285961219582
191.14765795339463,191.14765795339463,191.14765795339463,191.14765795339463,191.14765795339463,191.14765795339463,191.14765795339463,191.14765795339463,191.14765795339463,191.14765795339463,191.14765795339463,191.14765795339463,191.14765795339463,191.14765795339463,191.14765795339463,191.14765795339463,191.14765795339463,191.14765795339463,191.14765795339463,191.14765795339463
170.3452646712083,170.3452646712083,170.3452646712083,170.3452646712083,170.3452646712083,170.3452646712083,170.3452646712083,170.3452646712083,170.3452646712083,170.3452646712083,170.3452646712083,170.3452646712083,170.3452646712083,170.3452646712083,170.3452646712083,170.3452646712083,170.3452646712083,170.3452646712083,170.3452646712083,170.3452646712083
149.5228571803536,149.5228571803536,149.5228571803536,149.5228571803536,149.5228571803536,149.5228571803536,149.5228571803536,149.5228571803536,149.5228571803536,149.5228571803536,149.5228571803536,149.5228571803536,149.5228571803536,149.5228571803536,149.5228571803536,149.5228571803536,149.5228571803536,149.5228571803536,149.5228571803536,149.5228571803536
133.12685952462763,133.12685952462763,133.12685952462763,133.12685952462763,133.12685952462763,133.12685952462763,133.12685952462763,133.12685952462763,133.12685952462763,133.12685952462763,133.12685952462763,133.12685952462763,133.12685952462763,133.12685952462763,133.12685952462763,133.12685952462763,133.12685952462763,133.12685952462763,133.12685952462763,133.12685952462763
124.6174946466162,124.6174946466162,124.6174946466162,124.6174946466162,124.6174946466162,124.6174946466162,124.6174946466162,124.6174946466162,124.6174946466162,124.6174946466162,124.6174946466162,124.6174946466162,124.6174946466162,124.6174946466162,124.6174946466162,124.6174946466162,124.6174946466162,124.6174946466162,124.6174946466162,124.6174946466162
125.02851721218101,125.02851721218101,125.02851721218101,125.02851721218101,125.02851721218101,125.02851721218101,125.02851721218101,125.02851721218101,125.02851721218101,125.02851721218101,125.02851721218101,125.02851721218101,125.02851721218101,125.02851721218101,125.02851721218101,125.02851721218101,125.02851721218101,125.02851721218101,125.02851721218101,125.02851721218101
133.47553310426358,133.47553310426358,133.47553310426358,133.47553310426358,133.47553310426358,133.47553310426358,133.47553310426358,133.47553310426358,133.47553310426358,133.47553310426358,133.47553310426358,133.47553310426358,133.47553310426358,133.47553310426358,133.47553310426358,133.47553310426358,133.47553310426358,133.47553310426358,133.47553310426358,133.47553310426358
147.8459025208353,147.8459025208353,147.8459025208353,147.8459025208353,147.8459025208353,147.8459025208353,147.8459025208353,147.8459025208353,147.8459025208353,147.8459025208353,147.8459025208353,147.8459025208353,147.8459025208353,147.8459025208353,147.8459025208353,147.8459025208353,147.8459025208353,147.8459025208353,147.8459025208353,147.8459025208353
165.09427259560226,165.09427259560226,165.09427259560226,165.09427259560226,165.09427259560226,165.09427259560226,165.09427259560226,165.09427259560226,165.09427259560226,165.09427259560226,165.09427259560226,165.09427259560226,165.09427259560226,165.09427259560226,165.09427259560226,165.09427259560226,165.09427259560226,165.09427259560226,165.09427259560226,165.09427259560226
182.37225484299216,182.37225484299216,182.37225484299216,182.37225484299216,182.37225484299216,182.37225484299216,182.37225484299216,182.37225484299216,182.37225484299216,182.37225484299216,182.37225484299216,182.37225484299216,182.37225484299216,182.37225484299216,182.37225484299216,182.37225484299216,182.37225484299216,182.37225484299216,182.37225484299216,182.37225484299216
197.29580859413886,197.29580859413886,197.29580859413886,197.29580859413886,197.29580859413886,197.29580859413886,197.29580859413886,197.29580859413886,197.29580859413886,197.29580859413886,197.29580859413886,197.29580859413886,197.29580859413886,197.29580859413886,197.29580859413886,197.29580859413886,197.29580859413886,197.29580859413886,197.29580859413886,197.29580859413886
207.96555544087565,207.96555544087565,207.96555544087565,207.96555544087565,207.96555544087565,207.96555544087565,207.96555544087565,207.96555544087565,207.96555544087565,207.96555544087565,207.96555544087565,207.96555544087565,207.96555544087565,207.96555544087565,207.96555544087565,207.96555544087565,207.96555544087565,207.96555544087565,207.96555544087565,207.96555544087565
213.31256709858596,213.31256709858596,213.31256709858596,213.31256709858596,213.31256709858596,213.31256709858596,213.31256709858596,213.31256709858596,213.31256709858596,213.31256709858596,213.31256709858596,213.31256709858596,213.31256709858596,213.31256709858596,213.31256709858596,213.31256709858596,213.31256709858596,213.31256709858596,213.31256709858596,213.31256709858596
213.08807642175245,213.08807642175245,213.08807642175245,213.08807642175245,213.08807642175245,213.08807642175245,213.08807642175245,213.08807642175245,213.08807642175245,213.08807642175245,213.08807642175245,213.08807642175245,213.08807642175245,213.08807642175245,213.08807642175245,213.08807642175245,213.08807642175245,213.08807642175245,213.08807642175245,213.08807642175245
208.0697557179294,208.0697557179294,208.0697557179294,208.0697557179294,208.0697557179294,208.0697557179294,208.0697557179294,208.0697557179294,208.0697557179294,208.0697557179294,208.0697557179294,208.0697557179294,208.0697557179294,208.0697557179294,208.0697557179294,208.0697557179294,208.0697557179294,208.0697557179294,208.0697557179294,208.0697557179294
199.99218822259863,199.99218822259863,199.99218822259863,199.99218822259863,199.99218822259863,199.99218822259863,199.99218822259863,199.99218822259863,199.99218822259863,199.99218822259863,199.99218822259863,199.99218822259863,199.99218822259863,199.99218822259863,199.99218822259863,199.99218822259863,199.99218822259863,199.99218822259863,199.99218822259863,199.99218822259863
191.6017958539481,191.6017958539481,191.6017958539481,191.6017958539481,191.6017958539481,191.6017958539481,191.6017958539481,191.6017958539481,191.6017958539481,191.6017958539481,191.6017958539481,191.6017958539481,191.6017958539481,191.6017958539481,191.6017958539481,191.6017958539481,191.6017958539481,191.6017958539481,191.6017958539481,191.6017958539481
