0,1,2,3,4,5,6,7,8,9,10,11,12,13,14,15,16,17,18,19
159.49900283253677,159.49900283253677,159.49900283253677,159.49900283253677,159.49900283253677,159.49900283253677,159.49900283253677,159.49900283253677,159.49900283253677,159.49900283253677,159.49900283253677,159.49900283253677,159.49900283253677,159.49900283253677,159.49900283253677,159.49900283253677,159.49900283253677,159.49900283253677,159.49900283253677,159.49900283253677
142.50943177928858,142.50943177928858,142.50943177928858,142.50943177928858,142.50943177928858,142.50943177928858,142.50943177928858,142.50943177928858,142.50943177928858,142.50943177928858,142.50943177928858,142.50943177928858,142.50943177928858,142.50943177928858,142.50943177928858,142.50943177928858,142.50943177928858,142.50943177928858,142.50943177928858,142.50943177928858
128.86523392500607,128.86523392500607,128.86523392500607,128.86523392500607,128.86523392500607,128.86523392500607,128.86523392500607,128.86523392500607,128.86523392500607,128.86523392500607,128.86523392500607,128.86523392500607,128.86523392500607,128.86523392500607,128.86523392500607,128.86523392500607,128.86523392500607,128.86523392500607,128.86523392500607,128.86523392500607
119.38319523113076,119.38319523113076,119.38319523113076,119.38319523113076,119.38319523113076,119.38319523113076,119.38319523113076,119.38319523113076,119.38319523113076,119.38319523113076,119.38319523113076,119.38319523113076,119.38319523113076,119.38319523113076,119.38319523113076,119.38319523113076,119.38319523113076,119.38319523113076,119.38319523113076,119.38319523113076
114.40014187221557,114.40014187221557,114.40014187221557,114.40014187221557,114.40014187221557,114.40014187221557,114.40014187221557,114.40014187221557,114.40014187221557,114.40014187221557,114.40014187221557,114.40014187221557,114.40014187221557,114.40014187221557,114.40014187221557,114.40014187221557,114.40014187221557,114.40014187221557,114.40014187221557,114.40014187221557
113.24337518084602,113.24337518084602,113.24337518084602,113.24337518084602,113.24337518084602,113.24337518084602,113.24337518084602,113.24337518084602,113.24337518084602,113.24337518084602,113.24337518084602,113.24337518084602,113.24337518084602,113.24337518084602,113.24337518084602,113.24337518084602,113.24337518084602,113.24337518084602,113.24337518084602,113.24337518084602
113.84594027961232,113.84594027961232,113.84594027961232,113.84594027961232,113.84594027961232,113.84594027961232,113.84594027961232,113.84594027961232,113.84594027961232,113.84594027961232,113.84594027961232,113.84594027961232,113.84594027961232,113.84594027961232,113.84594027961232,113.84594027961232,113.84594027961232,113.84594027961232,113.84594027961232,113.84594027961232
113.98653497640046,113.98653497640046,113.98653497640046,113.98653497640046,113.98653497640046,113.98653497640046,113.98653497640046,113.98653497640046,113.98653497640046,113.98653497640046,113.98653497640046,113.98653497640046,113.98653497640046,113.98653497640046,113.98653497640046,113.98653497640046,113.98653497640046,113.98653497640046,113.98653497640046,113.98653497640046
112.49940809689123,112.49940809689123,112.49940809689123,112.49940809689123,112.49940809689123,112.49940809689123,112.49940809689123,112.49940809689123,112.49940809689123,112.49940809689123,112.49940809689123,112.49940809689123,112.49940809689123,112.49940809689123,112.49940809689123,112.49940809689123,112.49940809689123,112.49940809689123,112.49940809689123,112.49940809689123
108.69928308862228,108.69928308862228,108.69928308862228,108.69928308862228,108.69928308862228,108.69928308862228,108.69928308862228,108.69928308862228,108.69928308862228,108.69928308862228,108.69928308862228,108.69928308862228,108.69928308862228,108.69928308862228,108.69928308862228,108.69928308862228,108.69928308862228,108.69928308862228,108.69928308862228,108.69928308862228
102.22895342157335,102.22895342157335,102.22895342157335,102.22895342157335,102.22895342157335,102.22895342157335,102.22895342157335,102.22895342157335,102.22895342157335,102.22895342157335,102.22895342157335,102.22895342157335,102.22895342157335,102.22895342157335,102.22895342157335,102.22895342157335,102.22895342157335,102.22895342157335,102.22895342157335,102.22895342157335
94.27063020169761,94.27063020169761,94.27063020169761,94.27063020169761,94.27063020169761,94.27063020169761,94.27063020169761,94.27063020169761,94.27063020169761,94.27063020169761,94.27063020169761,94.27063020169761,94.27063020169761,94.27063020169761,94.27063020169761,94.27063020169761,94.27063020169761,94.27063020169761,94.27063020169761,94.27063020169761
87.06286751098989,87.06286751098989,87.06286751098989,87.06286751098989,87.06286751098989,87.06286751098989,87.06286751098989,87.06286751098989,87.06286751098989,87.06286751098989,87.06286751098989,87.06286751098989,87.06286751098989,87.06286751098989,87.06286751098989,87.06286751098989,87.06286751098989,87.06286751098989,87.06286751098989,87.06286751098989
82.60440516448708,82.60440516448708,82.60440516448708,82.60440516448708,82.60440516448708,82.60440516448708,82.60440516448708,82.60440516448708,82.60440516448708,82.60440516448708,82.60440516448708,82.60440516448708,82.60440516448708,82.60440516448708,82.60440516448708,82.60440516448708,82.60440516448708,82.60440516448708,82.60440516448708,82.60440516448708
81.83085930098503,81.83085930098503,81.83085930098503,81.83085930098503,81.83085930098503,81.83085930098503,81.83085930098503,81.83085930098503,81.83085930098503,81.83085930098503,81.83085930098503,81.83085930098503,81.83085930098503,81.83085930098503,81.83085930098503,81.83085930098503,81.83085930098503,81.83085930098503,81.83085930098503,81.83085930098503
84.92325771154114,84.92325771154114,84.92325771154114,84.92325771154114,84.92325771154114,84.92325771154114,84.92325771154114,84.92325771154114,84.92325771154114,84.92325771154114,84.92325771154114,84.92325771154114,84.92325771154114,84.92325771154114,84.92325771154114,84.92325771154114,84.92325771154114,84.92325771154114,84.92325771154114,84.92325771154114
91.71396253577456,91.71396253577456,91.71396253577456,91.71396253577456,91.71396253577456,91.71396253577456,91.71396253577456,91.71396253577456,91.71396253577456,91.71396253577456,91.71396253577456,91.71396253577456,91.71396253577456,91.71396253577456,91.71396253577456,91.71396253577456,91.71396253577456,91.71396253577456,91.71396253577456,91.71396253577456
100.8311893483279,100.8311893483279,100.8311893483279,100.8311893483279,100.8311893483279,100.8311893483279,100.8311893483279,100.8311893483279,100.8311893483279,100.8311893483279,100.8311893483279,100.8311893483279,100.8311893483279,100.8311893483279,100.8311893483279,100.8311893483279,100.8311893483279,100.8311893483279,100.8311893483279,100.8311893483279
109.64458888659296,109.64458888659296,109.64458888659296,109.64458888659296,109.64458888659296,109.64458888659296,109.64458888659296,109.64458888659296,109.64458888659296,109.64458888659296,109.64458888659296,109.64458888659296,109.64458888659296,109.64458888659296,109.64458888659296,109.64458888659296,109.64458888659296,109.64458888659296,109.64458888659296,109.64458888659296
116.31759930048496,116.31759930048496,116.31759930048496,116.31759930048496,116.31759930048496,116.31759930048496,116.31759930048496,116.31759930048496,116.31759930048496,116.31759930048496,116.31759930048496,116.31759930048496,116.31759930048496,116.31759930048496,116.31759930048496,116.31759930048496,116.31759930048496,116.31759930048496,116.31759930048496,116.31759930048496
120.22783817757968,120.22783817757968,120.22783817757968,120.22783817757968,120.22783817757968,120.22783817757968,120.22783817757968,120.22783817757968,120.22783817757968,120.22783817757968,120.22783817757968,120.22783817757968,120.22783817757968,120.22783817757968,120.22783817757968,120.22783817757968,120.22783817757968,120.22783817757968,120.22783817757968,120.22783817757968
121.17849085032188,121.17849085032188,121.17849085032188,121.17849085032188,121.17849085032188,121.17849085032188,121.17849085032188,121.17849085032188,121.17849085032188,121.17849085032188,121.17849085032188,121.17849085032188,121.17849085032188,121.17849085032188,121.17849085032188,121.17849085032188,121.17849085032188,121.17849085032188,121.17849085032188,121.17849085032188
119.44414278748077,119.44414278748077,119.44414278748077,119.44414278748077,119.44414278748077,119.44414278748077,119.44414278748077,119.44414278748077,119.44414278748077,119.44414278748077,119.44414278748077,119.44414278748077,119.44414278748077,119.44414278748077,119.44414278748077,119.44414278748077,119.44414278748077,119.44414278748077,119.44414278748077,119.44414278748077
116.41126562507709,116.41126562507709,116.41126562507709,116.41126562507709,116.41126562507709,116.41126562507709,116.41126562507709,116.41126562507709,116.41126562507709,116.41126562507709,116.41126562507709,116.41126562507709,116.41126562507709,116.41126562507709,116.41126562507709,116.41126562507709,116.41126562507709,116.41126562507709,116.41126562507709,116.41126562507709
113.6305363876048,113.6305363876048,113.6305363876048,113.6305363876048,113.6305363876048,113.6305363876048,113.6305363876048,113.6305363876048,113.6305363876048,113.6305363876048,113.6305363876048,113.6305363876048,113.6305363876048,113.6305363876048,113.6305363876048,113.6305363876048,113.6305363876048,113.6305363876048,113.6305363876048,113.6305363876048
111.42630180177146,111.42630180177146,111.42630180177146,111.42630180177146,111.42630180177146,111.42630180177146,111.42630180177146,111.42630180177146,111.42630180177146,111.42630180177146,111.42630180177146,111.42630180177146,111.42630180177146,111.42630180177146,111.42630180177146,111.42630180177146,111.42630180177146,111.42630180177146,111.42630180177146,111.42630180177146
109.49053719333054,109.49053719333054,109.49053719333054,109.49053719333054,109.49053719333054,109.49053719333054,109.49053719333054,109.49053719333054,109.49053719333054,109.49053719333054,109.49053719333054,109.49053719333054,109.49053719333054,109.49053719333054,109.49053719333054,109.49053719333054,109.49053719333054,109.49053719333054,109.49053719333054,109.49053719333054
107.76397275836197,107.76397275836197,107.76397275836197,107.76397275836197,107.76397275836197,107.76397275836197,107.76397275836197,107.76397275836197,107.76397275836197,107.76397275836197,107.76397275836197,107.76397275836197,107.76397275836197,107.76397275836197,107.76397275836197,107.76397275836197,107.76397275836197,107.76397275836197,107.76397275836197,107.76397275836197
105.94383784778684,105.94383784778684,105.94383784778684,105.94383784778684,105.94383784778684,105.94383784778684,105.94383784778684,105.94383784778684,105.94383784778684,105.94383784778684,105.94383784778684,105.94383784778684,105.94383784778684,105.94383784778684,105.94383784778684,105.94383784778684,105.94383784778684,105.94383784778684,105.94383784778684,105.94383784778684
103.8746779386468,103.8746779386468,103.8746779386468,103.8746779386468,103.8746779386468,103.8746779386468,103.8746779386468,103.8746779386468,103.8746779386468,103.8746779386468,103.8746779386468,103.8746779386468,103.8746779386468,103.8746779386468,103.8746779386468,103.8746779386468,103.8746779386468,103.8746779386468,103.8746779386468,103.8746779386468
102.19568677984073,102.19568677984073,102.19568677984073,102.19568677984073,102.19568677984073,102.19568677984073,102.19568677984073,102.19568677984073,102.19568677984073,102.19568677984073,102.19568677984073,102.19568677984073,102.19568677984073,102.19568677984073,102.19568677984073,102.19568677984073,102.19568677984073,102.19568677984073,102.19568677984073,102.19568677984073
101.74521686662365,101.74521686662365,101.74521686662365,101.74521686662365,101.74521686662365,101.74521686662365,101.74521686662365,101.74521686662365,101.74521686662365,101.74521686662365,101.74521686662365,101.74521686662365,101.74521686662365,101.74521686662365,101.74521686662365,101.74521686662365,101.74521686662365,101.74521686662365,101.74521686662365,101.74521686662365
102.41776766860274,102.41776766860274,102.41776766860274,102.41776766860274,102.41776766860274,102.41776766860274,102.41776766860274,102.41776766860274,102.41776766860274,102.41776766860274,102.41776766860274,102.41776766860274,102.41776766860274,102.41776766860274,102.41776766860274,102.41776766860274,102.41776766860274,102.41776766860274,102.41776766860274,102.41776766860274
103.36252165014794,103.36252165014794,103.36252165014794,103.36252165014794,103.36252165014794,103.36252165014794,103.36252165014794,103.36252165014794,103.36252165014794,103.36252165014794,103.36252165014794,103.36252165014794,103.36252165014794,103.36252165014794,103.36252165014794,103.36252165014794,103.36252165014794,103.36252165014794,103.36252165014794,103.36252165014794
103.71023202223776,103.71023202223776,103.71023202223776,103.71023202223776,103.71023202223776,103.71023202223776,103.71023202223776,103.71023202223776,103.71023202223776,103.71023202223776,103.71023202223776,103.71023202223776,103.71023202223776,103.71023202223776,103.71023202223776,103.71023202223776,103.71023202223776,103.71023202223776,103.71023202223776,103.71023202223776
102.96645634402933,102.96645634402933,102.96645634402933,102.96645634402933,102.96645634402933,102.96645634402933,102.96645634402933,102.96645634402933,102.96645634402933,102.96645634402933,102.96645634402933,102.96645634402933,102.96645634402933,102.96645634402933,102.96645634402933,102.96645634402933,102.96645634402933,102.96645634402933,102.96645634402933,102.96645634402933
100.82113892897301,100.82113892897301,100.82113892897301,100.82113892897301,100.82113892897301,100.82113892897301,100.82113892897301,100.82113892897301,100.82113892897301,100.82113892897301,100.82113892897301,100.82113892897301,100.82113892897301,100.82113892897301,100.82113892897301,100.82113892897301,100.82113892897301,100.82113892897301,100.82113892897301,100.82113892897301
97.19689562058218,97.19689562058218,97.19689562058218,97.19689562058218,97.19689562058218,97.19689562058218,97.19689562058218,97.19689562058218,97.19689562058218,97.19689562058218,97.19689562058218,97.19689562058218,97.19689562058218,97.19689562058218,97.19689562058218,97.19689562058218,97.19689562058218,97.19689562058218,97.19689562058218,97.19689562058218
92.4246340127243,92.4246340127243,92.4246340127243,92.4246340127243,92.4246340127243,92.4246340127243,92.4246340127243,92.4246340127243,92.4246340127243,92.4246340127243,92.4246340127243,92.4246340127243,92.4246340127243,92.4246340127243,92.4246340127243,92.4246340127243,92.4246340127243,92.4246340127243,92.4246340127243,92.4246340127243
87.08098990424428,87.08098990424428,87.08098990424428,87.08098990424428,87.08098990424428,87.08098990424428,87.08098990424428,87.08098990424428,87.08098990424428,87.08098990424428,87.08098990424428,87.08098990424428,87.08098990424428,87.08098990424428,87.08098990424428,87.08098990424428,87.08098990424428,87.08098990424428,87.08098990424428,87.08098990424428
81.86031260816114,81.86031260816114,81.86031260816114,81.86031260816114,81.86031260816114,81.86031260816114,81.86031260816114,81.86031260816114,81.86031260816114,81.86031260816114,81.86031260816114,81.86031260816114,81.86031260816114,81.86031260816114,81.86031260816114,81.86031260816114,81.86031260816114,81.86031260816114,81.86031260816114,81.86031260816114
77.40045190768659,77.40045190768659,77.40045190768659,77.40045190768659,77.40045190768659,77.40045190768659,77.40045190768659,77.40045190768659,77.40045190768659,77.40045190768659,77.40045190768659,77.40045190768659,77.40045190768659,77.40045190768659,77.40045190768659,77.40045190768659,77.40045190768659,77.40045190768659,77.40045190768659,77.40045190768659
73.97929253908812,73.97929253908812,73.97929253908812,73.97929253908812,73.97929253908812,73.97929253908812,73.97929253908812,73.97929253908812,73.97929253908812,73.97929253908812,73.97929253908812,73.97929253908812,73.97929253908812,73.97929253908812,73.97929253908812,73.97929253908812,73.97929253908812,73.97929253908812,73.97929253908812,73.97929253908812
71.84974619866787,71.84974619866787,71.84974619866787,71.84974619866787,71.84974619866787,71.84974619866787,71.84974619866787,71.84974619866787,71.84974619866787,71.84974619866787,71.84974619866787,71.84974619866787,71.84974619866787,71.84974619866787,71.84974619866787,71.84974619866787,71.84974619866787,71.84974619866787,71.84974619866787,71.84974619866787
71.13333300671884,71.13333300671884,71.13333300671884,71.13333300671884,71.13333300671884,71.13333300671884,71.13333300671884,71.13333300671884,71.13333300671884,71.13333300671884,71.13333300671884,71.13333300671884,71.13333300671884,71.13333300671884,71.13333300671884,71.13333300671884,71.13333300671884,71.13333300671884,71.13333300671884,71.13333300671884
71.6312942229022,71.6312942229022,71.6312942229022,71.6312942229022,71.6312942229022,71.6312942229022,71.6312942229022,71.6312942229022,71.6312942229022,71.6312942229022,71.6312942229022,71.6312942229022,71.6312942229022,71.6312942229022,71.6312942229022,71.6312942229022,71.6312942229022,71.6312942229022,71.6312942229022,71.6312942229022
72.96802510626829,72.96802510626829,72.96802510626829,72.96802510626829,72.96802510626829,72.96802510626829,72.96802510626829,72.96802510626829,72.96802510626829,72.96802510626829,72.96802510626829,72.96802510626829,72.96802510626829,72.96802510626829,72.96802510626829,72.96802510626829,72.96802510626829,72.96802510626829,72.96802510626829,72.96802510626829
74.7600559494945,74.7600559494945,74.7600559494945,74.7600559494945,74.7600559494945,74.7600559494945,74.7600559494945,74.7600559494945,74.7600559494945,74.7600559494945,74.7600559494945,74.7600559494945,74.7600559494945,74.7600559494945,74.7600559494945,74.7600559494945,74.7600559494945,74.7600559494945,74.7600559494945,74.7600559494945
76.6849333242566,76.6849333242566,76.6849333242566,76.6849333242566,76.6849333242566,76.6849333242566,76.6849333242566,76.6849333242566,76.6849333242566,76.6849333242566,76.6849333242566,76.6849333242566,76.6849333242566,76.6849333242566,76.6849333242566,76.6849333242566,76.6849333242566,76.6849333242566,76.6849333242566,76.6849333242566
78.39643884940357,78.39643884940357,78.39643884940357,78.39643884940357,78.39643884940357,78.39643884940357,78.39643884940357,78.39643884940357,78.39643884940357,78.39643884940357,78.39643884940357,78.39643884940357,78.39643884940357,78.39643884940357,78.39643884940357,78.39643884940357,78.39643884940357,78.39643884940357,78.39643884940357,78.39643884940357
79.69827453329155,79.69827453329155,79.69827453329155,79.69827453329155,79.69827453329155,79.69827453329155,79.69827453329155,79.69827453329155,79.69827453329155,79.69827453329155,79.69827453329155,79.69827453329155,79.69827453329155,79.69827453329155,79.69827453329155,79.69827453329155,79.69827453329155,79.69827453329155,79.69827453329155,79.69827453329155
80.68413611878539,80.68413611878539,80.68413611878539,80.68413611878539,80.68413611878539,80.68413611878539,80.68413611878539,80.68413611878539,80.68413611878539,80.68413611878539,80.68413611878539,80.68413611878539,80.68413611878539,80.68413611878539,80.68413611878539,80.68413611878539,80.68413611878539,80.68413611878539,80.68413611878539,80.68413611878539
81.5161972004645,81.5161972004645,81.5161972004645,81.5161972004645,81.5161972004645,81.5161972004645,81.5161972004645,81.5161972004645,81.5161972004645,81.5161972004645,81.5161972004645,81.5161972004645,81.5161972004645,81.5161972004645,81.5161972004645,81.5161972004645,81.5161972004645,81.5161972004645,81.5161972004645,81.5161972004645
82.80551234928686,82.80551234928686,82.80551234928686,82.80551234928686,82.80551234928686,82.80551234928686,82.80551234928686,82.80551234928686,82.80551234928686,82.80551234928686,82.80551234928686,82.80551234928686,82.80551234928686,82.80551234928686,82.80551234928686,82.80551234928686,82.80551234928686,82.80551234928686,82.80551234928686,82.80551234928686
85.05198831960429,85.05198831960429,85.05198831960429,85.05198831960429,85.05198831960429,85.05198831960429,85.05198831960429,85.05198831960429,85.05198831960429,85.05198831960429,85.05198831960429,85.05198831960429,85.05198831960429,85.05198831960429,85.05198831960429,85.05198831960429,85.05198831960429,85.05198831960429,85.05198831960429,85.05198831960429
88.01939986427071,88.01939986427071,88.01939986427071,88.01939986427071,88.01939986427071,88.01939986427071,88.01939986427071,88.01939986427071,88.01939986427071,88.01939986427071,88.01939986427071,88.01939986427071,88.01939986427071,88.01939986427071,88.01939986427071,88.01939986427071,88.01939986427071,88.01939986427071,88.01939986427071,88.01939986427071
91.48584079148644,91.48584079148644,91.48584079148644,91.48584079148644,91.48584079148644,91.48584079148644,91.48584079148644,91.48584079148644,91.48584079148644,91.48584079148644,91.48584079148644,91.48584079148644,91.48584079148644,91.48584079148644,91.48584079148644,91.48584079148644,91.48584079148644,91.48584079148644,91.48584079148644,91.48584079148644
95.03275077338253,95.03275077338253,95.03275077338253,95.03275077338253,95.03275077338253,95.03275077338253,95.03275077338253,95.03275077338253,95.03275077338253,95.03275077338253,95.03275077338253,95.03275077338253,95.03275077338253,95.03275077338253,95.03275077338253,95.03275077338253,95.03275077338253,95.03275077338253,95.03275077338253,95.03275077338253
98.01163788682474,98.01163788682474,98.01163788682474,98.01163788682474,98.01163788682474,98.01163788682474,98.01163788682474,98.01163788682474,98.01163788682474,98.01163788682474,98.01163788682474,98.01163788682474,98.01163788682474,98.01163788682474,98.01163788682474,98.01163788682474,98.01163788682474,98.01163788682474,98.01163788682474,98.01163788682474
100.08605196520178,100.08605196520178,100.08605196520178,100.08605196520178,100.08605196520178,100.08605196520178,100.08605196520178,100.08605196520178,100.08605196520178,100.08605196520178,100.08605196520178,100.08605196520178,100.08605196520178,100.08605196520178,100.08605196520178,100.08605196520178,100.08605196520178,100.08605196520178,100.08605196520178,100.08605196520178
101.02244443549087,101.02244443549087,101.02244443549087,101.02244443549087,101.02244443549087,101.02244443549087,101.02244443549087,101.02244443549087,101.02244443549087,101.02244443549087,101.02244443549087,101.02244443549087,101.02244443549087,101.02244443549087,101.02244443549087,101.02244443549087,101.02244443549087,101.02244443549087,101.02244443549087,101.02244443549087
100.75599801939939,100.75599801939939,100.75599801939939,100.75599801939939,100.75599801939939,100.75599801939939,100.75599801939939,100.75599801939939,100.75599801939939,100.75599801939939,100.75599801939939,100.75599801939939,100.75599801939939,100.75599801939939,100.75599801939939,100.75599801939939,100.75599801939939,100.75599801939939,100.75599801939939,100.75599801939939
99.48261833026804,99.48261833026804,99.48261833026804,99.48261833026804,99.48261833026804,99.48261833026804,99.48261833026804,99.48261833026804,99.48261833026804,99.48261833026804,99.48261833026804,99.48261833026804,99.48261833026804,99.48261833026804,99.48261833026804,99.48261833026804,99.48261833026804,99.48261833026804,99.48261833026804,99.48261833026804
97.63039596730042,97.63039596730042,97.63039596730042,97.63039596730042,97.63039596730042,97.63039596730042,97.63039596730042,97.63039596730042,97.63039596730042,97.63039596730042,97.63039596730042,97.63039596730042,97.63039596730042,97.63039596730042,97.63039596730042,97.63039596730042,97.63039596730042,97.63039596730042,97.63039596730042,97.63039596730042
95.83845676558838,95.83845676558838,95.83845676558838,95.83845676558838,95.83845676558838,95.83845676558838,95.83845676558838,95.83845676558838,95.83845676558838,95.83845676558838,95.83845676558838,95.83845676558838,95.83845676558838,95.83845676558838,95.83845676558838,95.83845676558838,95.83845676558838,95.83845676558838,95.83845676558838,95.83845676558838
94.88890491294032,94.88890491294032,94.88890491294032,94.88890491294032,94.88890491294032,94.88890491294032,94.88890491294032,94.88890491294032,94.88890491294032,94.88890491294032,94.88890491294032,94.88890491294032,94.88890491294032,94.88890491294032,94.88890491294032,94.88890491294032,94.88890491294032,94.88890491294032,94.88890491294032,94.88890491294032
94.9652741192518,94.9652741192518,94.9652741192518,94.9652741192518,94.9652741192518,94.9652741192518,94.9652741192518,94.9652741192518,94.9652741192518,94.9652741192518,94.9652741192518,94.9652741192518,94.9652741192518,94.9652741192518,94.9652741192518,94.9652741192518,94.9652741192518,94.9652741192518,94.9652741192518,94.9652741192518
96.11429731616715,96.11429731616715,96.11429731616715,96.11429731616715,96.11429731616715,96.11429731616715,96.11429731616715,96.11429731616715,96.11429731616715,96.11429731616715,96.11429731616715,96.11429731616715,96.11429731616715,96.11429731616715,96.11429731616715,96.11429731616715,96.11429731616715,96.11429731616715,96.11429731616715,96.11429731616715
98.03745005246631,98.03745005246631,98.03745005246631,98.03745005246631,98.03745005246631,98.03745005246631,98.03745005246631,98.03745005246631,98.03745005246631,98.03745005246631,98.03745005246631,98.03745005246631,98.03745005246631,98.03745005246631,98.03745005246631,98.03745005246631,98.03745005246631,98.03745005246631,98.03745005246631,98.03745005246631
99.9945706593683,99.9945706593683,99.9945706593683,99.9945706593683,99.9945706593683,99.9945706593683,99.9945706593683,99.9945706593683,99.9945706593683,99.9945706593683,99.9945706593683,99.9945706593683,99.9945706593683,99.9945706593683,99.9945706593683,99.9945706593683,99.9945706593683,99.9945706593683,99.9945706593683,99.9945706593683
101.27916459645193,101.27916459645193,101.27916459645193,101.27916459645193,101.27916459645193,101.27916459645193,101.27916459645193,101.27916459645193,101.27916459645193,101.27916459645193,101.27916459645193,101.27916459645193,101.27916459645193,101.27916459645193,101.27916459645193,101.27916459645193,101.27916459645193,101.27916459645193,101.27916459645193,101.27916459645193
101.59154034220074,101.59154034220074,101.59154034220074,101.59154034220074,101.59154034220074,101.59154034220074,101.59154034220074,101.59154034220074,101.59154034220074,101.59154034220074,101.59154034220074,101.59154034220074,101.59154034220074,101.59154034220074,101.59154034220074,101.59154034220074,101.59154034220074,101.59154034220074,101.59154034220074,101.59154034220074
101.0698538036466,101.0698538036466,101.0698538036466,101.0698538036466,101.0698538036466,101.0698538036466,101.0698538036466,101.0698538036466,101.0698538036466,101.0698538036466,101.0698538036466,101.0698538036466,101.0698538036466,101.0698538036466,101.0698538036466,101.0698538036466,101.0698538036466,101.0698538036466,101.0698538036466,101.0698538036466
100.26388383147793,100.26388383147793,100.26388383147793,100.26388383147793,100.26388383147793,100.26388383147793,100.26388383147793,100.26388383147793,100.26388383147793,100.26388383147793,100.26388383147793,100.26388383147793,100.26388383147793,100.26388383147793,100.26388383147793,100.26388383147793,100.26388383147793,100.26388383147793,100.26388383147793,100.26388383147793
99.63906558282767,99.63906558282767,99.63906558282767,99.63906558282767,99.63906558282767,99.63906558282767,99.63906558282767,99.63906558282767,99.63906558282767,99.63906558282767,99.63906558282767,99.63906558282767,99.63906558282767,99.63906558282767,99.63906558282767,99.63906558282767,99.63906558282767,99.63906558282767,99.63906558282767,99.63906558282767
99.44492607180872,99.44492607180872,99.44492607180872,99.44492607180872,99.44492607180872,99.44492607180872,99.44492607180872,99.44492607180872,99.44492607180872,99.44492607180872,99.44492607180872,99.44492607180872,99.44492607180872,99.44492607180872,99.44492607180872,99.44492607180872,99.44492607180872,99.44492607180872,99.44492607180872,99.44492607180872
99.62830536583967,99.62830536583967,99.62830536583967,99.62830536583967,99.62830536583967,99.62830536583967,99.62830536583967,99.62830536583967,99.62830536583967,99.62830536583967,99.62830536583967,99.62830536583967,99.62830536583967,99.62830536583967,99.62830536583967,99.62830536583967,99.62830536583967,99.62830536583967,99.62830536583967,99.62830536583967
99.6177782594505,99.6177782594505,99.6177782594505,99.6177782594505,99.6177782594505,99.6177782594505,99.6177782594505,99.6177782594505,99.6177782594505,99.6177782594505,99.6177782594505,99.6177782594505,99.6177782594505,99.6177782594505,99.6177782594505,99.6177782594505,99.6177782594505,99.6177782594505,99.6177782594505,99.6177782594505
98.70454487527843,98.70454487527843,98.70454487527843,98.70454487527843,98.70454487527843,98.70454487527843,98.70454487527843,98.70454487527843,98.70454487527843,98.70454487527843,98.70454487527843,98.70454487527843,98.70454487527843,98.70454487527843,98.70454487527843,98.70454487527843,98.70454487527843,98.70454487527843,98.70454487527843,98.70454487527843
96.55725060923596,96.55725060923596,96.55725060923596,96.55725060923596,96.55725060923596,96.55725060923596,96.55725060923596,96.55725060923596,96.55725060923596,96.55725060923596,96.55725060923596,96.55725060923596,96.55725060923596,96.55725060923596,96.55725060923596,96.55725060923596,96.55725060923596,96.55725060923596,96.55725060923596,96.55725060923596
93.68554574122393,93.68554574122393,93.68554574122393,93.68554574122393,93.68554574122393,93.68554574122393,93.68554574122393,93.68554574122393,93.68554574122393,93.68554574122393,93.68554574122393,93.68554574122393,93.68554574122393,93.68554574122393,93.68554574122393,93.68554574122393,93.68554574122393,93.68554574122393,93.68554574122393,93.68554574122393
91.37564919993784,91.37564919993784,91.37564919993784,91.37564919993784,91.37564919993784,91.37564919993784,91.37564919993784,91.37564919993784,91.37564919993784,91.37564919993784,91.37564919993784,91.37564919993784,91.37564919993784,91.37564919993784,91.37564919993784,91.37564919993784,91.37564919993784,91.37564919993784,91.37564919993784,91.37564919993784
90.9989733167754,90.9989733167754,90.9989733167754,90.9989733167754,90.9989733167754,90.9989733167754,90.9989733167754,90.9989733167754,90.9989733167754,90.9989733167754,90.9989733167754,90.9989733167754,90.9989733167754,90.9989733167754,90.9989733167754,90.9989733167754,90.9989733167754,90.9989733167754,90.9989733167754,90.9989733167754
93.84882476054362,93.84882476054362,93.84882476054362,93.84882476054362,93.84882476054362,93.84882476054362,93.84882476054362,93.84882476054362,93.84882476054362,93.84882476054362,93.84882476054362,93.84882476054362,93.84882476054362,93.84882476054362,93.84882476054362,93.84882476054362,93.84882476054362,93.84882476054362,93.84882476054362,93.84882476054362
99.98221751299775,99.98221751299775,99.98221751299775,99.98221751299775,99.98221751299775,99.98221751299775,99.98221751299775,99.98221751299775,99.98221751299775,99.98221751299775,99.98221751299775,99.98221751299775,99.98221751299775,99.98221751299775,99.98221751299775,99.98221751299775,99.98221751299775,99.98221751299775,99.98221751299775,99.98221751299775
108.45374100425417,108.45374100425417,108.45374100425417,108.45374100425417,108.45374100425417,108.45374100425417,108.45374100425417,108.45374100425417,108.45374100425417,108.45374100425417,108.45374100425417,108.45374100425417,108.45374100425417,108.45374100425417,108.45374100425417,108.45374100425417,108.45374100425417,108.45374100425417,108.45374100425417,108.45374100425417
117.68626789887406,117.68626789887406,117.68626789887406,117.68626789887406,117.68626789887406,117.68626789887406,117.68626789887406,117.68626789887406,117.68626789887406,117.68626789887406,117.68626789887406,117.68626789887406,117.68626789887406,117.68626789887406,117.68626789887406,117.68626789887406,117.68626789887406,117.68626789887406,117.68626789887406,117.68626789887406
126.4367752308344,126.4367752308344,126.4367752308344,126.4367752308344,126.4367752308344,126.4367752308344,126.4367752308344,126.4367752308344,126.4367752308344,126.4367752308344,126.4367752308344,126.4367752308344,126.4367752308344,126.4367752308344,126.4367752308344,126.4367752308344,126.4367752308344,126.4367752308344,126.4367752308344,126.4367752308344
134.34813699374268,134.34813699374268,134.34813699374268,134.34813699374268,134.34813699374268,134.34813699374268,134.34813699374268,134.34813699374268,134.34813699374268,134.34813699374268,134.34813699374268,134.34813699374268,134.34813699374268,134.34813699374268,134.34813699374268,134.34813699374268,134.34813699374268,134.34813699374268,134.34813699374268,134.34813699374268
141.61694569362567,141.61694569362567,141.61694569362567,141.61694569362567,141.61694569362567,141.61694569362567,141.61694569362567,141.61694569362567,141.61694569362567,141.61694569362567,141.61694569362567,141.61694569362567,141.61694569362567,141.61694569362567,141.61694569362567,141.61694569362567,141.61694569362567,141.61694569362567,141.61694569362567,141.61694569362567
148.30148113507724,148.30148113507724,148.30148113507724,148.30148113507724,148.30148113507724,148.30148113507724,148.30148113507724,148.30148113507724,148.30148113507724,148.30148113507724,148.30148113507724,148.30148113507724,148.30148113507724,148.30148113507724,148.30148113507724,148.30148113507724,148.30148113507724,148.30148113507724,148.30148113507724,148.30148113507724
153.83055179639055,153.83055179639055,153.83055179639055,153.83055179639055,153.83055179639055,153.83055179639055,153.83055179639055,153.83055179639055,153.83055179639055,153.83055179639055,153.83055179639055,153.83055179639055,153.83055179639055,153.83055179639055,153.83055179639055,153.83055179639055,153.83055179639055,153.83055179639055,153.83055179639055,153.83055179639055
156.85848619718988,156.85848619718988,156.85848619718988,156.85848619718988,156.85848619718988,156.85848619718988,156.85848619718988,156.85848619718988,156.85848619718988,156.85848619718988,156.85848619718988,156.85848619718988,156.85848619718988,156.85848619718988,156.85848619718988,156.85848619718988,156.85848619718988,156.85848619718988,156.85848619718988,156.85848619718988
155.52247426081658,155.52247426081658,155.52247426081658,155.52247426081658,155.52247426081658,155.52247426081658,155.52247426081658,155.52247426081658,155.52247426081658,155.52247426081658,155.52247426081658,155.52247426081658,155.52247426081658,155.52247426081658,155.52247426081658,155.52247426081658,155.52247426081658,155.52247426081658,155.52247426081658,155.52247426081658
148.97568212665533,148.97568212665533,148.97568212665533,148.97568212665533,148.97568212665533,148.97568212665533,148.97568212665533,148.97568212665533,148.97568212665533,148.97568212665533,148.97568212665533,148.97568212665533,148.97568212665533,148.97568212665533,148.97568212665533,148.97568212665533,148.97568212665533,148.97568212665533,148.97568212665533,148.97568212665533
138.1941401404415,138.1941401404415,138.1941401404415,138.1941401404415,138.1941401404415,138.1941401404415,138.1941401404415,138.1941401404415,138.1941401404415,138.1941401404415,138.1941401404415,138.1941401404415,138.1941401404415,138.1941401404415,138.1941401404415,138.1941401404415,138.1941401404415,138.1941401404415,138.1941401404415,138.1941401404415
126.47762245339874,126.47762245339874,126.47762245339874,126.47762245339874,126.47762245339874,126.47762245339874,126.47762245339874,126.47762245339874,126.47762245339874,126.47762245339874,126.47762245339874,126.47762245339874,126.47762245339874,126.47762245339874,126.47762245339874,126.47762245339874,126.47762245339874,126.47762245339874,126.47762245339874,126.47762245339874
117.88626003961429,117.88626003961429,117.88626003961429,117.88626003961429,117.88626003961429,117.88626003961429,117.88626003961429,117.88626003961429,117.88626003961429,117.88626003961429,117.88626003961429,117.88626003961429,117.88626003961429,117.88626003961429,117.88626003961429,117.88626003961429,117.88626003961429,117.88626003961429,117.88626003961429,117.88626003961429
115.64049157818972,115.64049157818972,115.64049157818972,115.64049157818972,115.64049157818972,115.64049157818972,115.64049157818972,115.64049157818972,115.64049157818972,115.64049157818972,115.64049157818972,115.64049157818972,115.64049157818972,115.64049157818972,115.64049157818972,115.64049157818972,115.64049157818972,115.64049157818972,115.64049157818972,115.64049157818972
120.90452982206173,120.90452982206173,120.90452982206173,120.90452982206173,120.90452982206173,120.90452982206173,120.90452982206173,120.90452982206173,120.90452982206173,120.90452982206173,120.90452982206173,120.90452982206173,120.90452982206173,120.90452982206173,120.90452982206173,120.90452982206173,120.90452982206173,120.90452982206173,120.90452982206173,120.90452982206173
132.3486887244174,132.3486887244174,132.3486887244174,132.3486887244174,132.3486887244174,132.3486887244174,132.3486887244174,132.3486887244174,132.3486887244174,132.3486887244174,132.3486887244174,132.3486887244174,132.3486887244174,132.3486887244174,132.3486887244174,132.3486887244174,132.3486887244174,132.3486887244174,132.3486887244174,132.3486887244174
146.16525589668856,146.16525589668856,146.16525589668856,146.16525589668856,146.16525589668856,146.16525589668856,146.16525589668856,146.16525589668856,146.16525589668856,146.16525589668856,146.16525589668856,146.16525589668856,146.16525589668856,146.16525589668856,146.16525589668856,146.16525589668856,146.16525589668856,146.16525589668856,146.16525589668856,146.16525589668856
158.20766035260377,158.20766035260377,158.20766035260377,158.20766035260377,158.20766035260377,158.20766035260377,158.20766035260377,158.20766035260377,158.20766035260377,158.20766035260377,158.20766035260377,158.20766035260377,158.20766035260377,158.20766035260377,158.20766035260377,158.20766035260377,158.20766035260377,158.20766035260377,158.20766035260377,158.20766035260377
166.0609741230476,166.0609741230476,166.0609741230476,166.0609741230476,166.0609741230476,166.0609741230476,166.0609741230476,166.0609741230476,166.0609741230476,166.0609741230476,166.0609741230476,166.0609741230476,166.0609741230476,166.0609741230476,166.0609741230476,166.0609741230476,166.0609741230476,166.0609741230476,166.0609741230476,166.0609741230476
168.8216425861554,168.8216425861554,168.8216425861554,168.8216425861554,168.8216425861554,168.8216425861554,168.8216425861554,168.8216425861554,168.8216425861554,168.8216425861554,168.8216425861554,168.8216425861554,168.8216425861554,168.8216425861554,168.8216425861554,168.8216425861554,168.8216425861554,168.8216425861554,168.8216425861554,168.8216425861554
166.79946948234192,166.79946948234192,166.79946948234192,166.79946948234192,166.79946948234192,166.79946948234192,166.79946948234192,166.79946948234192,166.79946948234192,166.79946948234192,166.79946948234192,166.79946948234192,166.79946948234192,166.79946948234192,166.79946948234192,166.79946948234192,166.79946948234192,166.79946948234192,166.79946948234192,166.79946948234192
161.98008161869873,161.98008161869873,161.98008161869873,161.98008161869873,161.98008161869873,161.98008161869873,161.98008161869873,161.98008161869873,161.98008161869873,161.98008161869873,161.98008161869873,161.98008161869873,161.98008161869873,161.98008161869873,161.98008161869873,161.98008161869873,161.98008161869873,161.98008161869873,161.98008161869873,161.98008161869873
157.39773926333578,157.39773926333578,157.39773926333578,157.39773926333578,157.39773926333578,157.39773926333578,157.39773926333578,157.39773926333578,157.39773926333578,157.39773926333578,157.39773926333578,157.39773926333578,157.39773926333578,157.39773926333578,157.39773926333578,157.39773926333578,157.39773926333578,157.39773926333578,157.39773926333578,157.39773926333578
155.83975866138258,155.83975866138258,155.83975866138258,155.83975866138258,155.83975866138258,155.83975866138258,155.83975866138258,155.83975866138258,155.83975866138258,155.83975866138258,155.83975866138258,155.83975866138258,155.83975866138258,155.83975866138258,155.83975866138258,155.83975866138258,155.83975866138258,155.83975866138258,155.83975866138258,155.83975866138258
158.74571049454795,158.74571049454795,158.74571049454795,158.74571049454795,158.74571049454795,158.74571049454795,158.74571049454795,158.74571049454795,158.74571049454795,158.74571049454795,158.74571049454795,158.74571049454795,158.74571049454795,158.74571049454795,158.74571049454795,158.74571049454795,158.74571049454795,158.74571049454795,158.74571049454795,158.74571049454795
165.89466487123173,165.89466487123173,165.89466487123173,165.89466487123173,165.89466487123173,165.89466487123173,165.89466487123173,165.89466487123173,165.89466487123173,165.89466487123173,165.89466487123173,165.89466487123173,165.89466487123173,165.89466487123173,165.89466487123173,165.89466487123173,165.89466487123173,165.89466487123173,165.89466487123173,165.89466487123173
177.03847627742275,177.03847627742275,177.03847627742275,177.03847627742275,177.03847627742275,177.03847627742275,177.03847627742275,177.03847627742275,177.03847627742275,177.03847627742275,177.03847627742275,177.03847627742275,177.03847627742275,177.03847627742275,177.03847627742275,177.03847627742275,177.03847627742275,177.03847627742275,177.03847627742275,177.03847627742275
192.24649254675975,192.24649254675975,192.24649254675975,192.24649254675975,192.24649254675975,192.24649254675975,192.24649254675975,192.24649254675975,192.24649254675975,192.24649254675975,192.24649254675975,192.24649254675975,192.24649254675975,192.24649254675975,192.24649254675975,192.24649254675975,192.24649254675975,192.24649254675975,192.24649254675975,192.24649254675975
210.17668848855075,210.17668848855075,210.17668848855075,210.17668848855075,210.17668848855075,210.17668848855075,210.17668848855075,210.17668848855075,210.17668848855075,210.17668848855075,210.17668848855075,210.17668848855075,210.17668848855075,210.17668848855075,210.17668848855075,210.17668848855075,210.17668848855075,210.17668848855075,210.17668848855075,210.17668848855075
229.3648938214006,229.3648938214006,229.3648938214006,229.3648938214006,229.3648938214006,229.3648938214006,229.3648938214006,229.3648938214006,229.3648938214006,229.3648938214006,229.3648938214006,229.3648938214006,229.3648938214006,229.3648938214006,229.3648938214006,229.3648938214006,229.3648938214006,229.3648938214006,229.3648938214006,229.3648938214006
248.4015555655563,248.4015555655563,248.4015555655563,248.4015555655563,248.4015555655563,248.4015555655563,248.4015555655563,248.4015555655563,248.4015555655563,248.4015555655563,248.4015555655563,248.4015555655563,248.4015555655563,248.4015555655563,248.4015555655563,248.4015555655563,248.4015555655563,248.4015555655563,248.4015555655563,248.4015555655563
265.7734850973536,265.7734850973536,265.7734850973536,265.7734850973536,265.7734850973536,265.7734850973536,265.7734850973536,265.7734850973536,265.7734850973536,265.7734850973536,265.7734850973536,265.7734850973536,265.7734850973536,265.7734850973536,265.7734850973536,265.7734850973536,265.7734850973536,265.7734850973536,265.7734850973536,265.7734850973536
280.86526188559196,280.86526188559196,280.86526188559196,280.86526188559196,280.86526188559196,280.86526188559196,280.86526188559196,280.86526188559196,280.86526188559196,280.86526188559196,280.86526188559196,280.86526188559196,280.86526188559196,280.86526188559196,280.86526188559196,280.86526188559196,280.86526188559196,280.86526188559196,280.86526188559196,280.86526188559196
293.37636236584365,293.37636236584365,293.37636236584365,293.37636236584365,293.37636236584365,293.37636236584365,293.37636236584365,293.37636236584365,293.37636236584365,293.37636236584365,293.37636236584365,293.37636236584365,293.37636236584365,293.37636236584365,293.37636236584365,293.37636236584365,293.37636236584365,293.37636236584365,293.37636236584365,293.37636236584365
302.9566043503711,302.9566043503711,302.9566043503711,302.9566043503711,302.9566043503711,302.9566043503711,302.9566043503711,302.9566043503711,302.9566043503711,302.9566043503711,302.9566043503711,302.9566043503711,302.9566043503711,302.9566043503711,302.9566043503711,302.9566043503711,302.9566043503711,302.9566043503711,302.9566043503711,302.9566043503711
308.89036622039055,308.89036622039055,308.89036622039055,308.89036622039055,308.89036622039055,308.89036622039055,308.89036622039055,308.89036622039055,308.89036622039055,308.89036622039055,308.89036622039055,308.89036622039055,308.89036622039055,308.89036622039055,308.89036622039055,308.89036622039055,308.89036622039055,308.89036622039055,308.89036622039055,308.89036622039055
310.88423236482464,310.88423236482464,310.88423236482464,310.88423236482464,310.88423236482464,310.88423236482464,310.88423236482464,310.88423236482464,310.88423236482464,310.88423236482464,310.88423236482464,310.88423236482464,310.88423236482464,310.88423236482464,310.88423236482464,310.88423236482464,310.88423236482464,310.88423236482464,310.88423236482464,310.88423236482464
309.363420073081,309.363420073081,309.363420073081,309.363420073081,309.363420073081,309.363420073081,309.363420073081,309.363420073081,309.363420073081,309.363420073081,309.363420073081,309.363420073081,309.363420073081,309.363420073081,309.363420073081,309.363420073081,309.363420073081,309.363420073081,309.363420073081,309.363420073081
305.1989702100382,305.1989702100382,305.1989702100382,305.1989702100382,305.1989702100382,305.1989702100382,305.1989702100382,305.1989702100382,305.1989702100382,305.1989702100382,305.1989702100382,305.1989702100382,305.1989702100382,305.1989702100382,305.1989702100382,305.1989702100382,305.1989702100382,305.1989702100382,305.1989702100382,305.1989702100382
299.4827348743541,299.4827348743541,299.4827348743541,299.4827348743541,299.4827348743541,299.4827348743541,299.4827348743541,299.4827348743541,299.4827348743541,299.4827348743541,299.4827348743541,299.4827348743541,299.4827348743541,299.4827348743541,299.4827348743541,299.4827348743541,299.4827348743541,299.4827348743541,299.4827348743541,299.4827348743541
293.4999055585132,293.4999055585132,293.4999055585132,293.4999055585132,293.4999055585132,293.4999055585132,293.4999055585132,293.4999055585132,293.4999055585132,293.4999055585132,293.4999055585132,293.4999055585132,293.4999055585132,293.4999055585132,293.4999055585132,293.4999055585132,293.4999055585132,293.4999055585132,293.4999055585132,293.4999055585132
289.10754661000414,289.10754661000414,289.10754661000414,289.10754661000414,289.10754661000414,289.10754661000414,289.10754661000414,289.10754661000414,289.10754661000414,289.10754661000414,289.10754661000414,289.10754661000414,289.10754661000414,289.10754661000414,289.10754661000414,289.10754661000414,289.10754661000414,289.10754661000414,289.10754661000414,289.10754661000414
287.7797371705463,287.7797371705463,287.7797371705463,287.7797371705463,287.7797371705463,287.7797371705463,287.7797371705463,287.7797371705463,287.7797371705463,287.7797371705463,287.7797371705463,287.7797371705463,287.7797371705463,287.7797371705463,287.7797371705463,287.7797371705463,287.7797371705463,287.7797371705463,287.7797371705463,287.7797371705463
289.75840336120564,289.75840336120564,289.75840336120564,289.75840336120564,289.75840336120564,289.75840336120564,289.75840336120564,289.75840336120564,289.75840336120564,289.75840336120564,289.75840336120564,289.75840336120564,289.75840336120564,289.75840336120564,289.75840336120564,289.75840336120564,289.75840336120564,289.75840336120564,289.75840336120564,289.75840336120564
294.1982615641494,294.1982615641494,294.1982615641494,294.1982615641494,294.1982615641494,294.1982615641494,294.1982615641494,294.1982615641494,294.1982615641494,294.1982615641494,294.1982615641494,294.1982615641494,294.1982615641494,294.1982615641494,294.1982615641494,294.1982615641494,294.1982615641494,294.1982615641494,294.1982615641494,294.1982615641494
300.4971835670996,300.4971835670996,300.4971835670996,300.4971835670996,300.4971835670996,300.4971835670996,300.4971835670996,300.4971835670996,300.4971835670996,300.4971835670996,300.4971835670996,300.4971835670996,300.4971835670996,300.4971835670996,300.4971835670996,300.4971835670996,300.4971835670996,300.4971835670996,300.4971835670996,300.4971835670996
308.94007423016046,308.94007423016046,308.94007423016046,308.94007423016046,308.94007423016046,308.94007423016046,308.94007423016046,308.94007423016046,308.94007423016046,308.94007423016046,308.94007423016046,308.94007423016046,308.94007423016046,308.94007423016046,308.94007423016046,308.94007423016046,308.94007423016046,308.94007423016046,308.94007423016046,308.94007423016046
318.9693532524963,318.9693532524963,318.9693532524963,318.9693532524963,318.9693532524963,318.9693532524963,318.9693532524963,318.9693532524963,318.9693532524963,318.9693532524963,318.9693532524963,318.9693532524963,318.9693532524963,318.9693532524963,318.9693532524963,318.9693532524963,318.9693532524963,318.9693532524963,318.9693532524963,318.9693532524963
328.34113576081864,328.34113576081864,328.34113576081864,328.34113576081864,328.34113576081864,328.34113576081864,328.34113576081864,328.34113576081864,328.34113576081864,328.34113576081864,328.34113576081864,328.34113576081864,328.34113576081864,328.34113576081864,328.34113576081864,328.34113576081864,328.34113576081864,328.34113576081864,328.34113576081864,328.34113576081864
335.4094458980711,335.4094458980711,335.4094458980711,335.4094458980711,335.4094458980711,335.4094458980711,335.4094458980711,335.4094458980711,335.4094458980711,335.4094458980711,335.4094458980711,335.4094458980711,335.4094458980711,335.4094458980711,335.4094458980711,335.4094458980711,335.4094458980711,335.4094458980711,335.4094458980711,335.4094458980711
339.6540745507487,339.6540745507487,339.6540745507487,339.6540745507487,339.6540745507487,339.6540745507487,339.6540745507487,339.6540745507487,339.6540745507487,339.6540745507487,339.6540745507487,339.6540745507487,339.6540745507487,339.6540745507487,339.6540745507487,339.6540745507487,339.6540745507487,339.6540745507487,339.6540745507487,339.6540745507487
340.1951996727341,340.1951996727341,340.1951996727341,340.1951996727341,340.1951996727341,340.1951996727341,340.1951996727341,340.1951996727341,340.1951996727341,340.1951996727341,340.1951996727341,340.1951996727341,340.1951996727341,340.1951996727341,340.1951996727341,340.1951996727341,340.1951996727341,340.1951996727341,340.1951996727341,340.1951996727341
336.6526300529389,336.6526300529389,336.6526300529389,336.6526300529389,336.6526300529389,336.6526300529389,336.6526300529389,336.6526300529389,336.6526300529389,336.6526300529389,336.6526300529389,336.6526300529389,336.6526300529389,336.6526300529389,336.6526300529389,336.6526300529389,336.6526300529389,336.6526300529389,336.6526300529389,336.6526300529389
330.50644690649483,330.50644690649483,330.50644690649483,330.50644690649483,330.50644690649483,330.50644690649483,330.50644690649483,330.50644690649483,330.50644690649483,330.50644690649483,330.50644690649483,330.50644690649483,330.50644690649483,330.50644690649483,330.50644690649483,330.50644690649483,330.50644690649483,330.50644690649483,330.50644690649483,330.50644690649483
324.65860499948053,324.65860499948053,324.65860499948053,324.65860499948053,324.65860499948053,324.65860499948053,324.65860499948053,324.65860499948053,324.65860499948053,324.65860499948053,324.65860499948053,324.65860499948053,324.65860499948053,324.65860499948053,324.65860499948053,324.65860499948053,324.65860499948053,324.65860499948053,324.65860499948053,324.65860499948053
321.9277182456607,321.9277182456607,321.9277182456607,321.9277182456607,321.9277182456607,321.9277182456607,321.9277182456607,321.9277182456607,321.9277182456607,321.9277182456607,321.9277182456607,321.9277182456607,321.9277182456607,321.9277182456607,321.9277182456607,321.9277182456607,321.9277182456607,321.9277182456607,321.9277182456607,321.9277182456607
324.5154584801172,324.5154584801172,324.5154584801172,324.5154584801172,324.5154584801172,324.5154584801172,324.5154584801172,324.5154584801172,324.5154584801172,324.5154584801172,324.5154584801172,324.5154584801172,324.5154584801172,324.5154584801172,324.5154584801172,324.5154584801172,324.5154584801172,324.5154584801172,324.5154584801172,324.5154584801172
333.6790336973463,333.6790336973463,333.6790336973463,333.6790336973463,333.6790336973463,333.6790336973463,333.6790336973463,333.6790336973463,333.6790336973463,333.6790336973463,333.6790336973463,333.6790336973463,333.6790336973463,333.6790336973463,333.6790336973463,333.6790336973463,333.6790336973463,333.6790336973463,333.6790336973463,333.6790336973463
348.7005833973888,348.7005833973888,348.7005833973888,348.7005833973888,348.7005833973888,348.7005833973888,348.7005833973888,348.7005833973888,348.7005833973888,348.7005833973888,348.7005833973888,348.7005833973888,348.7005833973888,348.7005833973888,348.7005833973888,348.7005833973888,348.7005833973888,348.7005833973888,348.7005833973888,348.7005833973888
367.2035442682622,367.2035442682622,367.2035442682622,367.2035442682622,367.2035442682622,367.2035442682622,367.2035442682622,367.2035442682622,367.2035442682622,367.2035442682622,367.2035442682622,367.2035442682622,367.2035442682622,367.2035442682622,367.2035442682622,367.2035442682622,367.2035442682622,367.2035442682622,367.2035442682622,367.2035442682622
385.51042669286846,385.51042669286846,385.51042669286846,385.51042669286846,385.51042669286846,385.51042669286846,385.51042669286846,385.51042669286846,385.51042669286846,385.51042669286846,385.51042669286846,385.51042669286846,385.51042669286846,385.51042669286846,385.51042669286846,385.51042669286846,385.51042669286846,385.51042669286846,385.51042669286846,385.51042669286846
400.48802134474914,400.48802134474914,400.48802134474914,400.48802134474914,400.48802134474914,400.48802134474914,400.48802134474914,400.48802134474914,400.48802134474914,400.48802134474914,400.48802134474914,400.48802134474914,400.48802134474914,400.48802134474914,400.48802134474914,400.48802134474914,400.48802134474914,400.48802134474914,400.48802134474914,400.48802134474914
409.91564928140923,409.91564928140923,409.91564928140923,409.91564928140923,409.91564928140923,409.91564928140923,409.91564928140923,409.91564928140923,409.91564928140923,409.91564928140923,409.91564928140923,409.91564928140923,409.91564928140923,409.91564928140923,409.91564928140923,409.91564928140923,409.91564928140923,409.91564928140923,409.91564928140923,409.91564928140923
412.1775403243429,412.1775403243429,412.1775403243429,412.1775403243429,412.1775403243429,412.1775403243429,412.1775403243429,412.1775403243429,412.1775403243429,412.1775403243429,412.1775403243429,412.1775403243429,412.1775403243429,412.1775403243429,412.1775403243429,412.1775403243429,412.1775403243429,412.1775403243429,412.1775403243429,412.1775403243429
407.47300890444444,407.47300890444444,407.47300890444444,407.47300890444444,407.47300890444444,407.47300890444444,407.47300890444444,407.47300890444444,407.47300890444444,407.47300890444444,407.47300890444444,407.47300890444444,407.47300890444444,407.47300890444444,407.47300890444444,407.47300890444444,407.47300890444444,407.47300890444444,407.47300890444444,407.47300890444444
397.08561573365006,397.08561573365006,397.08561573365006,397.08561573365006,397.08561573365006,397.08561573365006,397.08561573365006,397.08561573365006,397.08561573365006,397.08561573365006,397.08561573365006,397.08561573365006,397.08561573365006,397.08561573365006,397.08561573365006,397.08561573365006,397.08561573365006,397.08561573365006,397.08561573365006,397.08561573365006
382.4622966281543,382.4622966281543,382.4622966281543,382.4622966281543,382.4622966281543,382.4622966281543,382.4622966281543,382.4622966281543,382.4622966281543,382.4622966281543,382.4622966281543,382.4622966281543,382.4622966281543,382.4622966281543,382.4622966281543,382.4622966281543,382.4622966281543,382.4622966281543,382.4622966281543,382.4622966281543
366.2000071946375,366.2000071946375,366.2000071946375,366.2000071946375,366.2000071946375,366.2000071946375,366.2000071946375,366.2000071946375,366.2000071946375,366.2000071946375,366.2000071946375,366.2000071946375,366.2000071946375,366.2000071946375,366.2000071946375,366.2000071946375,366.2000071946375,366.2000071946375,366.2000071946375,366.2000071946375
351.37999018369004,351.37999018369004,351.37999018369004,351.37999018369004,351.37999018369004,351.37999018369004,351.37999018369004,351.37999018369004,351.37999018369004,351.37999018369004,351.37999018369004,351.37999018369004,351.37999018369004,351.37999018369004,351.37999018369004,351.37999018369004,351.37999018369004,351.37999018369004,351.37999018369004,351.37999018369004
339.3060907931262,339.3060907931262,339.3060907931262,339.3060907931262,339.3060907931262,339.3060907931262,339.3060907931262,339.3060907931262,339.3060907931262,339.3060907931262,339.3060907931262,339.3060907931262,339.3060907931262,339.3060907931262,339.3060907931262,339.3060907931262,339.3060907931262,339.3060907931262,339.3060907931262,339.3060907931262
330.8572002995371,330.8572002995371,330.8572002995371,330.8572002995371,330.8572002995371,330.8572002995371,330.8572002995371,330.8572002995371,330.8572002995371,330.8572002995371,330.8572002995371,330.8572002995371,330.8572002995371,330.8572002995371,330.8572002995371,330.8572002995371,330.8572002995371,330.8572002995371,330.8572002995371,330.8572002995371
326.3503454581696,326.3503454581696,326.3503454581696,326.3503454581696,326.3503454581696,326.3503454581696,326.3503454581696,326.3503454581696,326.3503454581696,326.3503454581696,326.3503454581696,326.3503454581696,326.3503454581696,326.3503454581696,326.3503454581696,326.3503454581696,326.3503454581696,326.3503454581696,326.3503454581696,326.3503454581696
324.2906973442953,324.2906973442953,324.2906973442953,324.2906973442953,324.2906973442953,324.2906973442953,324.2906973442953,324.2906973442953,324.2906973442953,324.2906973442953,324.2906973442953,324.2906973442953,324.2906973442953,324.2906973442953,324.2906973442953,324.2906973442953,324.2906973442953,324.2906973442953,324.2906973442953,324.2906973442953
322.73167315774026,322.73167315774026,322.73167315774026,322.73167315774026,322.73167315774026,322.73167315774026,322.73167315774026,322.73167315774026,322.73167315774026,322.73167315774026,322.73167315774026,322.73167315774026,322.73167315774026,322.73167315774026,322.73167315774026,322.73167315774026,322.73167315774026,322.73167315774026,322.73167315774026,322.73167315774026
319.04205571260195,319.04205571260195,319.04205571260195,319.04205571260195,319.04205571260195,319.04205571260195,319.04205571260195,319.04205571260195,319.04205571260195,319.04205571260195,319.04205571260195,319.04205571260195,319.04205571260195,319.04205571260195,319.04205571260195,319.04205571260195,319.04205571260195,319.04205571260195,319.04205571260195,319.04205571260195
311.49533661320436,311.49533661320436,311.49533661320436,311.49533661320436,311.49533661320436,311.49533661320436,311.49533661320436,311.49533661320436,311.49533661320436,311.49533661320436,311.49533661320436,311.49533661320436,311.49533661320436,311.49533661320436,311.49533661320436,311.49533661320436,311.49533661320436,311.49533661320436,311.49533661320436,311.49533661320436
300.4842181359018,300.4842181359018,300.4842181359018,300.4842181359018,300.4842181359018,300.4842181359018,300.4842181359018,300.4842181359018,300.4842181359018,300.4842181359018,300.4842181359018,300.4842181359018,300.4842181359018,300.4842181359018,300.4842181359018,300.4842181359018,300.4842181359018,300.4842181359018,300.4842181359018,300.4842181359018
286.9303690547187,286.9303690547187,286.9303690547187,286.9303690547187,286.9303690547187,286.9303690547187,286.9303690547187,286.9303690547187,286.9303690547187,286.9303690547187,286.9303690547187,286.9303690547187,286.9303690547187,286.9303690547187,286.9303690547187,286.9303690547187,286.9303690547187,286.9303690547187,286.9303690547187,286.9303690547187
273.73355914176494,273.73355914176494,273.73355914176494,273.73355914176494,273.73355914176494,273.73355914176494,273.73355914176494,273.73355914176494,273.73355914176494,273.73355914176494,273.73355914176494,273.73355914176494,273.73355914176494,273.73355914176494,273.73355914176494,273.73355914176494,273.73355914176494,273.73355914176494,273.73355914176494,273.73355914176494
264.52264450456585,264.52264450456585,264.52264450456585,264.52264450456585,264.52264450456585,264.52264450456585,264.52264450456585,264.52264450456585,264.52264450456585,264.52264450456585,264.52264450456585,264.52264450456585,264.52264450456585,264.52264450456585,264.52264450456585,264.52264450456585,264.52264450456585,264.52264450456585,264.52264450456585,264.52264450456585
261.9127127320136,261.9127127320136,261.9127127320136,261.9127127320136,261.9127127320136,261.9127127320136,261.9127127320136,261.9127127320136,261.9127127320136,261.9127127320136,261.9127127320136,261.9127127320136,261.9127127320136,261.9127127320136,261.9127127320136,261.9127127320136,261.9127127320136,261.9127127320136,261.9127127320136,261.9127127320136
264.8729238191571,264.8729238191571,264.8729238191571,264.8729238191571,264.8729238191571,264.8729238191571,264.8729238191571,264.8729238191571,264.8729238191571,264.8729238191571,264.8729238191571,264.8729238191571,264.8729238191571,264.8729238191571,264.8729238191571,264.8729238191571,264.8729238191571,264.8729238191571,264.8729238191571,264.8729238191571
270.2621744648366,270.2621744648366,270.2621744648366,270.2621744648366,270.2621744648366,270.2621744648366,270.2621744648366,270.2621744648366,270.2621744648366,270.2621744648366,270.2621744648366,270.2621744648366,270.2621744648366,270.2621744648366,270.2621744648366,270.2621744648366,270.2621744648366,270.2621744648366,270.2621744648366,270.2621744648366
275.0529833161976,275.0529833161976,275.0529833161976,275.0529833161976,275.0529833161976,275.0529833161976,275.0529833161976,275.0529833161976,275.0529833161976,275.0529833161976,275.0529833161976,275.0529833161976,275.0529833161976,275.0529833161976,275.0529833161976,275.0529833161976,275.0529833161976,275.0529833161976,275.0529833161976,275.0529833161976
276.68792111962006,276.68792111962006,276.68792111962006,276.68792111962006,276.68792111962006,276.68792111962006,276.68792111962006,276.68792111962006,276.68792111962006,276.68792111962006,276.68792111962006,276.68792111962006,276.68792111962006,276.68792111962006,276.68792111962006,276.68792111962006,276.68792111962006,276.68792111962006,276.68792111962006,276.68792111962006
275.2110957031686,275.2110957031686,275.2110957031686,275.2110957031686,275.2110957031686,275.2110957031686,275.2110957031686,275.2110957031686,275.2110957031686,275.2110957031686,275.2110957031686,275.2110957031686,275.2110957031686,275.2110957031686,275.2110957031686,275.2110957031686,275.2110957031686,275.2110957031686,275.2110957031686,275.2110957031686
272.9289315931424,272.9289315931424,272.9289315931424,272.9289315931424,272.9289315931424,272.9289315931424,272.9289315931424,272.9289315931424,272.9289315931424,272.9289315931424,272.9289315931424,272.9289315931424,272.9289315931424,272.9289315931424,272.9289315931424,272.9289315931424,272.9289315931424,272.9289315931424,272.9289315931424,272.9289315931424
272.6839899221859,272.6839899221859,272.6839899221859,272.6839899221859,272.6839899221859,272.6839899221859,272.6839899221859,272.6839899221859,272.6839899221859,272.6839899221859,272.6839899221859,272.6839899221859,272.6839899221859,272.6839899221859,272.6839899221859,272.6839899221859,272.6839899221859,272.6839899221859,272.6839899221859,272.6839899221859
276.3245523814048,276.3245523814048,276.3245523814048,276.3245523814048,276.3245523814048,276.3245523814048,276.3245523814048,276.3245523814048,276.3245523814048,276.3245523814048,276.3245523814048,276.3245523814048,276.3245523814048,276.3245523814048,276.3245523814048,276.3245523814048,276.3245523814048,276.3245523814048,276.3245523814048,276.3245523814048
284.74514574428224,284.74514574428224,284.74514574428224,284.74514574428224,284.74514574428224,284.74514574428224,284.74514574428224,284.74514574428224,284.74514574428224,284.74514574428224,284.74514574428224,284.74514574428224,284.74514574428224,284.74514574428224,284.74514574428224,284.74514574428224,284.74514574428224,284.74514574428224,284.74514574428224,284.74514574428224
299.3703112240637,299.3703112240637,299.3703112240637,299.3703112240637,299.3703112240637,299.3703112240637,299.3703112240637,299.3703112240637,299.3703112240637,299.3703112240637,299.3703112240637,299.3703112240637,299.3703112240637,299.3703112240637,299.3703112240637,299.3703112240637,299.3703112240637,299.3703112240637,299.3703112240637,299.3703112240637
320.0460692767418,320.0460692767418,320.0460692767418,320.0460692767418,320.0460692767418,320.0460692767418,320.0460692767418,320.0460692767418,320.0460692767418,320.0460692767418,320.0460692767418,320.0460692767418,320.0460692767418,320.0460692767418,320.0460692767418,320.0460692767418,320.0460692767418,320.0460692767418,320.0460692767418,320.0460692767418
342.9019266618419,342.9019266618419,342.9019266618419,342.9019266618419,342.9019266618419,342.9019266618419,342.9019266618419,342.9019266618419,342.9019266618419,342.9019266618419,342.9019266618419,342.9019266618419,342.9019266618419,342.9019266618419,342.9019266618419,342.9019266618419,342.9019266618419,342.9019266618419,342.9019266618419,342.9019266618419
362.93497250540213,362.93497250540213,362.93497250540213,362.93497250540213,362.93497250540213,362.93497250540213,362.93497250540213,362.93497250540213,362.93497250540213,362.93497250540213,362.93497250540213,362.93497250540213,362.93497250540213,362.93497250540213,362.93497250540213,362.93497250540213,362.93497250540213,362.93497250540213,362.93497250540213,362.93497250540213
377.1674311618608,377.1674311618608,377.1674311618608,377.1674311618608,377.1674311618608,377.1674311618608,377.1674311618608,377.1674311618608,377.1674311618608,377.1674311618608,377.1674311618608,377.1674311618608,377.1674311618608,377.1674311618608,377.1674311618608,377.1674311618608,377.1674311618608,377.1674311618608,377.1674311618608,377.1674311618608
384.30927949390593,384.30927949390593,384.30927949390593,384.30927949390593,384.30927949390593,384.30927949390593,384.30927949390593,384.30927949390593,384.30927949390593,384.30927949390593,384.30927949390593,384.30927949390593,384.30927949390593,384.30927949390593,384.30927949390593,384.30927949390593,384.30927949390593,384.30927949390593,384.30927949390593,384.30927949390593
383.69734826020095,383.69734826020095,383.69734826020095,383.69734826020095,383.69734826020095,383.69734826020095,383.69734826020095,383.69734826020095,383.69734826020095,383.69734826020095,383.69734826020095,383.69734826020095,383.69734826020095,383.69734826020095,383.69734826020095,383.69734826020095,383.69734826020095,383.69734826020095,383.69734826020095,383.69734826020095
375.5387554166273,375.5387554166273,375.5387554166273,375.5387554166273,375.5387554166273,375.5387554166273,375.5387554166273,375.5387554166273,375.5387554166273,375.5387554166273,375.5387554166273,375.5387554166273,375.5387554166273,375.5387554166273,375.5387554166273,375.5387554166273,375.5387554166273,375.5387554166273,375.5387554166273,375.5387554166273
362.0549308804348,362.0549308804348,362.0549308804348,362.0549308804348,362.0549308804348,362.0549308804348,362.0549308804348,362.0549308804348,362.0549308804348,362.0549308804348,362.0549308804348,362.0549308804348,362.0549308804348,362.0549308804348,362.0549308804348,362.0549308804348,362.0549308804348,362.0549308804348,362.0549308804348,362.0549308804348
345.7112826174846,345.7112826174846,345.7112826174846,345.7112826174846,345.7112826174846,345.7112826174846,345.7112826174846,345.7112826174846,345.7112826174846,345.7112826174846,345.7112826174846,345.7112826174846,345.7112826174846,345.7112826174846,345.7112826174846,345.7112826174846,345.7112826174846,345.7112826174846,345.7112826174846,345.7112826174846
327.5730530348646,327.5730530348646,327.5730530348646,327.5730530348646,327.5730530348646,327.5730530348646,327.5730530348646,327.5730530348646,327.5730530348646,327.5730530348646,327.5730530348646,327.5730530348646,327.5730530348646,327.5730530348646,327.5730530348646,327.5730530348646,327.5730530348646,327.5730530348646,327.5730530348646,327.5730530348646
307.92834520552,307.92834520552,307.92834520552,307.92834520552,307.92834520552,307.92834520552,307.92834520552,307.92834520552,307.92834520552,307.92834520552,307.92834520552,307.92834520552,307.92834520552,307.92834520552,307.92834520552,307.92834520552,307.92834520552,307.92834520552,307.92834520552,307.92834520552
288.89543452246477,288.89543452246477,288.89543452246477,288.89543452246477,288.89543452246477,288.89543452246477,288.89543452246477,288.89543452246477,288.89543452246477,288.89543452246477,288.89543452246477,288.89543452246477,288.89543452246477,288.89543452246477,288.89543452246477,288.89543452246477,288.89543452246477,288.89543452246477,288.89543452246477,288.89543452246477
274.38305460422714,274.38305460422714,274.38305460422714,274.38305460422714,274.38305460422714,274.38305460422714,274.38305460422714,274.38305460422714,274.38305460422714,274.38305460422714,274.38305460422714,274.38305460422714,274.38305460422714,274.38305460422714,274.38305460422714,274.38305460422714,274.38305460422714,274.38305460422714,274.38305460422714,274.38305460422714
267.42850574437347,267.42850574437347,267.42850574437347,267.42850574437347,267.42850574437347,267.42850574437347,267.42850574437347,267.42850574437347,267.42850574437347,267.42850574437347,267.42850574437347,267.42850574437347,267.42850574437347,267.42850574437347,267.42850574437347,267.42850574437347,267.42850574437347,267.42850574437347,267.42850574437347,267.42850574437347
270.43444935177973,270.43444935177973,270.43444935177973,270.43444935177973,270.43444935177973,270.43444935177973,270.43444935177973,270.43444935177973,270.43444935177973,270.43444935177973,270.43444935177973,270.43444935177973,270.43444935177973,270.43444935177973,270.43444935177973,270.43444935177973,270.43444935177973,270.43444935177973,270.43444935177973,270.43444935177973
281.37514191593243,281.37514191593243,281.37514191593243,281.37514191593243,281.37514191593243,281.37514191593243,281.37514191593243,281.37514191593243,281.37514191593243,281.37514191593243,281.37514191593243,281.37514191593243,281.37514191593243,281.37514191593243,281.37514191593243,281.37514191593243,281.37514191593243,281.37514191593243,281.37514191593243,281.37514191593243
297.617382931001,297.617382931001,297.617382931001,297.617382931001,297.617382931001,297.617382931001,297.617382931001,297.617382931001,297.617382931001,297.617382931001,297.617382931001,297.617382931001,297.617382931001,297.617382931001,297.617382931001,297.617382931001,297.617382931001,297.617382931001,297.617382931001,297.617382931001
315.2604991221099,315.2604991221099,315.2604991221099,315.2604991221099,315.2604991221099,315.2604991221099,315.2604991221099,315.2604991221099,315.2604991221099,315.2604991221099,315.2604991221099,315.2604991221099,315.2604991221099,315.2604991221099,315.2604991221099,315.2604991221099,315.2604991221099,315.2604991221099,315.2604991221099,315.2604991221099
328.15822053487346,328.15822053487346,328.15822053487346,328.15822053487346,328.15822053487346,328.15822053487346,328.15822053487346,328.15822053487346,328.15822053487346,328.15822053487346,328.15822053487346,328.15822053487346,328.15822053487346,328.15822053487346,328.15822053487346,328.15822053487346,328.15822053487346,328.15822053487346,328.15822053487346,328.15822053487346
335.7911306090929,335.7911306090929,335.7911306090929,335.7911306090929,335.7911306090929,335.7911306090929,335.7911306090929,335.7911306090929,335.7911306090929,335.7911306090929,335.7911306090929,335.7911306090929,335.7911306090929,335.7911306090929,335.7911306090929,335.7911306090929,335.7911306090929,335.7911306090929,335.7911306090929,335.7911306090929
339.77235841547076,339.77235841547076,339.77235841547076,339.77235841547076,339.77235841547076,339.77235841547076,339.77235841547076,339.77235841547076,339.77235841547076,339.77235841547076,339.77235841547076,339.77235841547076,339.77235841547076,339.77235841547076,339.77235841547076,339.77235841547076,339.77235841547076,339.77235841547076,339.77235841547076,339.77235841547076
337.66798544603495,337.66798544603495,337.66798544603495,337.66798544603495,337.66798544603495,337.66798544603495,337.66798544603495,337.66798544603495,337.66798544603495,337.66798544603495,337.66798544603495,337.66798544603495,337.66798544603495,337.66798544603495,337.66798544603495,337.66798544603495,337.66798544603495,337.66798544603495,337.66798544603495,337.66798544603495
329.20825963651004,329.20825963651004,329.20825963651004,329.20825963651004,329.20825963651004,329.20825963651004,329.20825963651004,329.20825963651004,329.20825963651004,329.20825963651004,329.20825963651004,329.20825963651004,329.20825963651004,329.20825963651004,329.20825963651004,329.20825963651004,329.20825963651004,329.20825963651004,329.20825963651004,329.20825963651004
317.9717443505566,317.9717443505566,317.9717443505566,317.9717443505566,317.9717443505566,317.9717443505566,317.9717443505566,317.9717443505566,317.9717443505566,317.9717443505566,317.9717443505566,317.9717443505566,317.9717443505566,317.9717443505566,317.9717443505566,317.9717443505566,317.9717443505566,317.9717443505566,317.9717443505566,317.9717443505566
307.1140937417775,307.1140937417775,307.1140937417775,307.1140937417775,307.1140937417775,307.1140937417775,307.1140937417775,307.1140937417775,307.1140937417775,307.1140937417775,307.1140937417775,307.1140937417775,307.1140937417775,307.1140937417775,307.1140937417775,307.1140937417775,307.1140937417775,307.1140937417775,307.1140937417775,307.1140937417775
298.68268996047897,298.68268996047897,298.68268996047897,298.68268996047897,298.68268996047897,298.68268996047897,298.68268996047897,298.68268996047897,298.68268996047897,298.68268996047897,298.68268996047897,298.68268996047897,298.68268996047897,298.68268996047897,298.68268996047897,298.68268996047897,298.68268996047897,298.68268996047897,298.68268996047897,298.68268996047897
294.9263998301972,294.9263998301972,294.9263998301972,294.9263998301972,294.9263998301972,294.9263998301972,294.9263998301972,294.9263998301972,294.9263998301972,294.9263998301972,294.9263998301972,294.9263998301972,294.9263998301972,294.9263998301972,294.9263998301972,294.9263998301972,294.9263998301972,294.9263998301972,294.9263998301972,294.9263998301972
295.81814173147865,295.81814173147865,295.81814173147865,295.81814173147865,295.81814173147865,295.81814173147865,295.81814173147865,295.81814173147865,295.81814173147865,295.81814173147865,295.81814173147865,295.81814173147865,295.81814173147865,295.81814173147865,295.81814173147865,295.81814173147865,295.81814173147865,295.81814173147865,295.81814173147865,295.81814173147865
299.04871898692517,299.04871898692517,299.04871898692517,299.04871898692517,299.04871898692517,299.04871898692517,299.04871898692517,299.04871898692517,299.04871898692517,299.04871898692517,299.04871898692517,299.04871898692517,299.04871898692517,299.04871898692517,299.04871898692517,299.04871898692517,299.04871898692517,299.04871898692517,299.04871898692517,299.04871898692517
303.11368354059175,303.11368354059175,303.11368354059175,303.11368354059175,303.11368354059175,303.11368354059175,303.11368354059175,303.11368354059175,303.11368354059175,303.11368354059175,303.11368354059175,303.11368354059175,303.11368354059175,303.11368354059175,303.11368354059175,303.11368354059175,303.11368354059175,303.11368354059175,303.11368354059175,303.11368354059175
307.3065307331747,307.3065307331747,307.3065307331747,307.3065307331747,307.3065307331747,307.3065307331747,307.3065307331747,307.3065307331747,307.3065307331747,307.3065307331747,307.3065307331747,307.3065307331747,307.3065307331747,307.3065307331747,307.3065307331747,307.3065307331747,307.3065307331747,307.3065307331747,307.3065307331747,307.3065307331747
310.9659375516518,310.9659375516518,310.9659375516518,310.9659375516518,310.9659375516518,310.9659375516518,310.9659375516518,310.9659375516518,310.9659375516518,310.9659375516518,310.9659375516518,310.9659375516518,310.9659375516518,310.9659375516518,310.9659375516518,310.9659375516518,310.9659375516518,310.9659375516518,310.9659375516518,310.9659375516518
313.7508070114649,313.7508070114649,313.7508070114649,313.7508070114649,313.7508070114649,313.7508070114649,313.7508070114649,313.7508070114649,313.7508070114649,313.7508070114649,313.7508070114649,313.7508070114649,313.7508070114649,313.7508070114649,313.7508070114649,313.7508070114649,313.7508070114649,313.7508070114649,313.7508070114649,313.7508070114649
313.2247518357534,313.2247518357534,313.2247518357534,313.2247518357534,313.2247518357534,313.2247518357534,313.2247518357534,313.2247518357534,313.2247518357534,313.2247518357534,313.2247518357534,313.2247518357534,313.2247518357534,313.2247518357534,313.2247518357534,313.2247518357534,313.2247518357534,313.2247518357534,313.2247518357534,313.2247518357534
309.7051763965302,309.7051763965302,309.7051763965302,309.7051763965302,309.7051763965302,309.7051763965302,309.7051763965302,309.7051763965302,309.7051763965302,309.7051763965302,309.7051763965302,309.7051763965302,309.7051763965302,309.7051763965302,309.7051763965302,309.7051763965302,309.7051763965302,309.7051763965302,309.7051763965302,309.7051763965302
302.56386248683805,302.56386248683805,302.56386248683805,302.56386248683805,302.56386248683805,302.56386248683805,302.56386248683805,302.56386248683805,302.56386248683805,302.56386248683805,302.56386248683805,302.56386248683805,302.56386248683805,302.56386248683805,302.56386248683805,302.56386248683805,302.56386248683805,302.56386248683805,302.56386248683805,302.56386248683805
288.47640872705,288.47640872705,288.47640872705,288.47640872705,288.47640872705,288.47640872705,288.47640872705,288.47640872705,288.47640872705,288.47640872705,288.47640872705,288.47640872705,288.47640872705,288.47640872705,288.47640872705,288.47640872705,288.47640872705,288.47640872705,288.47640872705,288.47640872705
269.98660734834823,269.98660734834823,269.98660734834823,269.98660734834823,269.98660734834823,269.98660734834823,269.98660734834823,269.98660734834823,269.98660734834823,269.98660734834823,269.98660734834823,269.98660734834823,269.98660734834823,269.98660734834823,269.98660734834823,269.98660734834823,269.98660734834823,269.98660734834823,269.98660734834823,269.98660734834823
254.37669001993854,254.37669001993854,254.37669001993854,254.37669001993854,254.37669001993854,254.37669001993854,254.37669001993854,254.37669001993854,254.37669001993854,254.37669001993854,254.37669001993854,254.37669001993854,254.37669001993854,254.37669001993854,254.37669001993854,254.37669001993854,254.37669001993854,254.37669001993854,254.37669001993854,254.37669001993854
245.6980048235487,245.6980048235487,245.6980048235487,245.6980048235487,245.6980048235487,245.6980048235487,245.6980048235487,245.6980048235487,245.6980048235487,245.6980048235487,245.6980048235487,245.6980048235487,245.6980048235487,245.6980048235487,245.6980048235487,245.6980048235487,245.6980048235487,245.6980048235487,245.6980048235487,245.6980048235487
244.98833212096065,244.98833212096065,244.98833212096065,244.98833212096065,244.98833212096065,244.98833212096065,244.98833212096065,244.98833212096065,244.98833212096065,244.98833212096065,244.98833212096065,244.98833212096065,244.98833212096065,244.98833212096065,244.98833212096065,244.98833212096065,244.98833212096065,244.98833212096065,244.98833212096065,244.98833212096065
250.2170855256306,250.2170855256306,250.2170855256306,250.2170855256306,250.2170855256306,250.2170855256306,250.2170855256306,250.2170855256306,250.2170855256306,250.2170855256306,250.2170855256306,250.2170855256306,250.2170855256306,250.2170855256306,250.2170855256306,250.2170855256306,250.2170855256306,250.2170855256306,250.2170855256306,250.2170855256306
261.6590138888063,261.6590138888063,261.6590138888063,261.6590138888063,261.6590138888063,261.6590138888063,261.6590138888063,261.6590138888063,261.6590138888063,261.6590138888063,261.6590138888063,261.6590138888063,261.6590138888063,261.6590138888063,261.6590138888063,261.6590138888063,261.6590138888063,261.6590138888063,261.6590138888063,261.6590138888063
279.866532444466,279.866532444466,279.866532444466,279.866532444466,279.866532444466,279.866532444466,279.866532444466,279.866532444466,279.866532444466,279.866532444466,279.866532444466,279.866532444466,279.866532444466,279.866532444466,279.866532444466,279.866532444466,279.866532444466,279.866532444466,279.866532444466,279.866532444466
299.9980664772235,299.9980664772235,299.9980664772235,299.9980664772235,299.9980664772235,299.9980664772235,299.9980664772235,299.9980664772235,299.9980664772235,299.9980664772235,299.9980664772235,299.9980664772235,299.9980664772235,299.9980664772235,299.9980664772235,299.9980664772235,299.9980664772235,299.9980664772235,299.9980664772235,299.9980664772235
314.72516772041985,314.72516772041985,314.72516772041985,314.72516772041985,314.72516772041985,314.72516772041985,314.72516772041985,314.72516772041985,314.72516772041985,314.72516772041985,314.72516772041985,314.72516772041985,314.72516772041985,314.72516772041985,314.72516772041985,314.72516772041985,314.72516772041985,314.72516772041985,314.72516772041985,314.72516772041985
321.0118775201906,321.0118775201906,321.0118775201906,321.0118775201906,321.0118775201906,321.0118775201906,321.0118775201906,321.0118775201906,321.0118775201906,321.0118775201906,321.0118775201906,321.0118775201906,321.0118775201906,321.0118775201906,321.0118775201906,321.0118775201906,321.0118775201906,321.0118775201906,321.0118775201906,321.0118775201906
318.54169935327604,318.54169935327604,318.54169935327604,318.54169935327604,318.54169935327604,318.54169935327604,318.54169935327604,318.54169935327604,318.54169935327604,318.54169935327604,318.54169935327604,318.54169935327604,318.54169935327604,318.54169935327604,318.54169935327604,318.54169935327604,318.54169935327604,318.54169935327604,318.54169935327604,318.54169935327604
311.6076611250275,311.6076611250275,311.6076611250275,311.6076611250275,311.6076611250275,311.6076611250275,311.6076611250275,311.6076611250275,311.6076611250275,311.6076611250275,311.6076611250275,311.6076611250275,311.6076611250275,311.6076611250275,311.6076611250275,311.6076611250275,311.6076611250275,311.6076611250275,311.6076611250275,311.6076611250275
300.2363525635123,300.2363525635123,300.2363525635123,300.2363525635123,300.2363525635123,300.2363525635123,300.2363525635123,300.2363525635123,300.2363525635123,300.2363525635123,300.2363525635123,300.2363525635123,300.2363525635123,300.2363525635123,300.2363525635123,300.2363525635123,300.2363525635123,300.2363525635123,300.2363525635123,300.2363525635123
280.3742408853877,280.3742408853877,280.3742408853877,280.3742408853877,280.3742408853877,280.3742408853877,280.3742408853877,280.3742408853877,280.3742408853877,280.3742408853877,280.3742408853877,280.3742408853877,280.3742408853877,280.3742408853877,280.3742408853877,280.3742408853877,280.3742408853877,280.3742408853877,280.3742408853877,280.3742408853877
254.9478334261356,254.9478334261356,254.9478334261356,254.9478334261356,254.9478334261356,254.9478334261356,254.9478334261356,254.9478334261356,254.9478334261356,254.9478334261356,254.9478334261356,254.9478334261356,254.9478334261356,254.9478334261356,254.9478334261356,254.9478334261356,254.9478334261356,254.9478334261356,254.9478334261356,254.9478334261356
233.37568199449916,233.37568199449916,233.37568199449916,233.37568199449916,233.37568199449916,233.37568199449916,233.37568199449916,233.37568199449916,233.37568199449916,233.37568199449916,233.37568199449916,233.37568199449916,233.37568199449916,233.37568199449916,233.37568199449916,233.37568199449916,233.37568199449916,233.37568199449916,233.37568199449916,233.37568199449916
218.62506367998063,218.62506367998063,218.62506367998063,218.62506367998063,218.62506367998063,218.62506367998063,218.62506367998063,218.62506367998063,218.62506367998063,218.62506367998063,218.62506367998063,218.62506367998063,218.62506367998063,218.62506367998063,218.62506367998063,218.62506367998063,218.62506367998063,218.62506367998063,218.62506367998063,218.62506367998063
210.0007447595167,210.0007447595167,210.0007447595167,210.0007447595167,210.0007447595167,210.0007447595167,210.0007447595167,210.0007447595167,210.0007447595167,210.0007447595167,210.0007447595167,210.0007447595167,210.0007447595167,210.0007447595167,210.0007447595167,210.0007447595167,210.0007447595167,210.0007447595167,210.0007447595167,210.0007447595167
207.20917706270217,207.20917706270217,207.20917706270217,207.20917706270217,207.20917706270217,207.20917706270217,207.20917706270217,207.20917706270217,207.20917706270217,207.20917706270217,207.20917706270217,207.20917706270217,207.20917706270217,207.20917706270217,207.20917706270217,207.20917706270217,207.20917706270217,207.20917706270217,207.20917706270217,207.20917706270217
209.98800013791686,209.98800013791686,209.98800013791686,209.98800013791686,209.98800013791686,209.98800013791686,209.98800013791686,209.98800013791686,209.98800013791686,209.98800013791686,209.98800013791686,209.98800013791686,209.98800013791686,209.98800013791686,209.98800013791686,209.98800013791686,209.98800013791686,209.98800013791686,209.98800013791686,209.98800013791686
216.97026729024117,216.97026729024117,216.97026729024117,216.97026729024117,216.97026729024117,216.97026729024117,216.97026729024117,216.97026729024117,216.97026729024117,216.97026729024117,216.97026729024117,216.97026729024117,216.97026729024117,216.97026729024117,216.97026729024117,216.97026729024117,216.97026729024117,216.97026729024117,216.97026729024117,216.97026729024117
224.06486690036195,224.06486690036195,224.06486690036195,224.06486690036195,224.06486690036195,224.06486690036195,224.06486690036195,224.06486690036195,224.06486690036195,224.06486690036195,224.06486690036195,224.06486690036195,224.06486690036195,224.06486690036195,224.06486690036195,224.06486690036195,224.06486690036195,224.06486690036195,224.06486690036195,224.06486690036195
229.64484797956405,229.64484797956405,229.64484797956405,229.64484797956405,229.64484797956405,229.64484797956405,229.64484797956405,229.64484797956405,229.64484797956405,229.64484797956405,229.64484797956405,229.64484797956405,229.64484797956405,229.64484797956405,229.64484797956405,229.64484797956405,229.64484797956405,229.64484797956405,229.64484797956405,229.64484797956405
232.54185407405757,232.54185407405757,232.54185407405757,232.54185407405757,232.54185407405757,232.54185407405757,232.54185407405757,232.54185407405757,232.54185407405757,232.54185407405757,232.54185407405757,232.54185407405757,232.54185407405757,232.54185407405757,232.54185407405757,232.54185407405757,232.54185407405757,232.54185407405757,232.54185407405757,232.54185407405757
231.48781666821992,231.48781666821992,231.48781666821992,231.48781666821992,231.48781666821992,231.48781666821992,231.48781666821992,231.48781666821992,231.48781666821992,231.48781666821992,231.48781666821992,231.48781666821992,231.48781666821992,231.48781666821992,231.48781666821992,231.48781666821992,231.48781666821992,231.48781666821992,231.48781666821992,231.48781666821992
227.81275684022847,227.81275684022847,227.81275684022847,227.81275684022847,227.81275684022847,227.81275684022847,227.81275684022847,227.81275684022847,227.81275684022847,227.81275684022847,227.81275684022847,227.81275684022847,227.81275684022847,227.81275684022847,227.81275684022847,227.81275684022847,227.81275684022847,227.81275684022847,227.81275684022847,227.81275684022847
219.34816582145282,219.34816582145282,219.34816582145282,219.34816582145282,219.34816582145282,219.34816582145282,219.34816582145282,219.34816582145282,219.34816582145282,219.34816582145282,219.34816582145282,219.34816582145282,219.34816582145282,219.34816582145282,219.34816582145282,219.34816582145282,219.34816582145282,219.34816582145282,219.34816582145282,219.34816582145282
207.95715083205687,207.95715083205687,207.95715083205687,207.95715083205687,207.95715083205687,207.95715083205687,207.95715083205687,207.95715083205687,207.95715083205687,207.95715083205687,207.95715083205687,207.95715083205687,207.95715083205687,207.95715083205687,207.95715083205687,207.95715083205687,207.95715083205687,207.95715083205687,207.95715083205687,207.95715083205687
196.1306735207102,196.1306735207102,196.1306735207102,196.1306735207102,196.1306735207102,196.1306735207102,196.1306735207102,196.1306735207102,196.1306735207102,196.1306735207102,196.1306735207102,196.1306735207102,196.1306735207102,196.1306735207102,196.1306735207102,196.1306735207102,196.1306735207102,196.1306735207102,196.1306735207102,196.1306735207102
186.05314212105978,186.05314212105978,186.05314212105978,186.05314212105978,186.05314212105978,186.05314212105978,186.05314212105978,186.05314212105978,186.05314212105978,186.05314212105978,186.05314212105978,186.05314212105978,186.05314212105978,186.05314212105978,186.05314212105978,186.05314212105978,186.05314212105978,186.05314212105978,186.05314212105978,186.05314212105978
180.54098414824975,180.54098414824975,180.54098414824975,180.54098414824975,180.54098414824975,180.54098414824975,180.54098414824975,180.54098414824975,180.54098414824975,180.54098414824975,180.54098414824975,180.54098414824975,180.54098414824975,180.54098414824975,180.54098414824975,180.54098414824975,180.54098414824975,180.54098414824975,180.54098414824975,180.54098414824975
179.0007144752488,179.0007144752488,179.0007144752488,179.0007144752488,179.0007144752488,179.0007144752488,179.0007144752488,179.0007144752488,179.0007144752488,179.0007144752488,179.0007144752488,179.0007144752488,179.0007144752488,179.0007144752488,179.0007144752488,179.0007144752488,179.0007144752488,179.0007144752488,179.0007144752488,179.0007144752488
181.06759237664605,181.06759237664605,181.06759237664605,181.06759237664605,181.06759237664605,181.06759237664605,181.06759237664605,181.06759237664605,181.06759237664605,181.06759237664605,181.06759237664605,181.06759237664605,181.06759237664605,181.06759237664605,181.06759237664605,181.06759237664605,181.06759237664605,181.06759237664605,181.06759237664605,181.06759237664605
186.36988161569255,186.36988161569255,186.36988161569255,186.36988161569255,186.36988161569255,186.36988161569255,186.36988161569255,186.36988161569255,186.36988161569255,186.36988161569255,186.36988161569255,186.36988161569255,186.36988161569255,186.36988161569255,186.36988161569255,186.36988161569255,186.36988161569255,186.36988161569255,186.36988161569255,186.36988161569255
191.47526989155668,191.47526989155668,191.47526989155668,191.47526989155668,191.47526989155668,191.47526989155668,191.47526989155668,191.47526989155668,191.47526989155668,191.47526989155668,191.47526989155668,191.47526989155668,191.47526989155668,191.47526989155668,191.47526989155668,191.47526989155668,191.47526989155668,191.47526989155668,191.47526989155668,191.47526989155668
192.71457154413886,192.71457154413886,192.71457154413886,192.71457154413886,192.71457154413886,192.71457154413886,192.71457154413886,192.71457154413886,192.71457154413886,192.71457154413886,192.71457154413886,192.71457154413886,192.71457154413886,192.71457154413886,192.71457154413886,192.71457154413886,192.71457154413886,192.71457154413886,192.71457154413886,192.71457154413886
189.25851360599293,189.25851360599293,189.25851360599293,189.25851360599293,189.25851360599293,189.25851360599293,189.25851360599293,189.25851360599293,189.25851360599293,189.25851360599293,189.25851360599293,189.25851360599293,189.25851360599293,189.25851360599293,189.25851360599293,189.25851360599293,189.25851360599293,189.25851360599293,189.25851360599293,189.25851360599293
180.90635950087037,180.90635950087037,180.90635950087037,180.90635950087037,180.90635950087037,180.90635950087037,180.90635950087037,180.90635950087037,180.90635950087037,180.90635950087037,180.90635950087037,180.90635950087037,180.90635950087037,180.90635950087037,180.90635950087037,180.90635950087037,180.90635950087037,180.90635950087037,180.90635950087037,180.90635950087037
169.99847811791454,169.99847811791454,169.99847811791454,169.99847811791454,169.99847811791454,169.99847811791454,169.99847811791454,169.99847811791454,169.99847811791454,169.99847811791454,169.99847811791454,169.99847811791454,169.99847811791454,169.99847811791454,169.99847811791454,169.99847811791454,169.99847811791454,169.99847811791454,169.99847811791454,169.99847811791454
158.05819821598607,158.05819821598607,158.05819821598607,158.05819821598607,158.05819821598607,158.05819821598607,158.05819821598607,158.05819821598607,158.05819821598607,158.05819821598607,158.05819821598607,158.05819821598607,158.05819821598607,158.05819821598607,158.05819821598607,158.05819821598607,158.05819821598607,158.05819821598607,158.05819821598607,158.05819821598607
148.15818632700083,148.15818632700083,148.15818632700083,148.15818632700083,148.15818632700083,148.15818632700083,148.15818632700083,148.15818632700083,148.15818632700083,148.15818632700083,148.15818632700083,148.15818632700083,148.15818632700083,148.15818632700083,148.15818632700083,148.15818632700083,148.15818632700083,148.15818632700083,148.15818632700083,148.15818632700083
144.5325610471055,144.5325610471055,144.5325610471055,144.5325610471055,144.5325610471055,144.5325610471055,144.5325610471055,144.5325610471055,144.5325610471055,144.5325610471055,144.5325610471055,144.5325610471055,144.5325610471055,144.5325610471055,144.5325610471055,144.5325610471055,144.5325610471055,144.5325610471055,144.5325610471055,144.5325610471055
146.90645783069579,146.90645783069579,146.90645783069579,146.90645783069579,146.90645783069579,146.90645783069579,146.90645783069579,146.90645783069579,146.90645783069579,146.90645783069579,146.90645783069579,146.90645783069579,146.90645783069579,146.90645783069579,146.90645783069579,146.90645783069579,146.90645783069579,146.90645783069579,146.90645783069579,146.90645783069579
153.6505402990653,153.6505402990653,153.6505402990653,153.6505402990653,153.6505402990653,153.6505402990653,153.6505402990653,153.6505402990653,153.6505402990653,153.6505402990653,153.6505402990653,153.6505402990653,153.6505402990653,153.6505402990653,153.6505402990653,153.6505402990653,153.6505402990653,153.6505402990653,153.6505402990653,153.6505402990653
164.58358882611367,164.58358882611367,164.58358882611367,164.58358882611367,164.58358882611367,164.58358882611367,164.58358882611367,164.58358882611367,164.58358882611367,164.58358882611367,164.58358882611367,164.58358882611367,164.58358882611367,164.58358882611367,164.58358882611367,164.58358882611367,164.58358882611367,164.58358882611367,164.58358882611367,164.58358882611367
178.99507821343863,178.99507821343863,178.99507821343863,178.99507821343863,178.99507821343863,178.99507821343863,178.99507821343863,178.99507821343863,178.99507821343863,178.99507821343863,178.99507821343863,178.99507821343863,178.99507821343863,178.99507821343863,178.99507821343863,178.99507821343863,178.99507821343863,178.99507821343863,178.99507821343863,178.99507821343863
194.09384370289743,194.09384370289743,194.09384370289743,194.09384370289743,194.09384370289743,194.09384370289743,194.09384370289743,194.09384370289743,194.09384370289743,194.09384370289743,194.09384370289743,194.09384370289743,194.09384370289743,194.09384370289743,194.09384370289743,194.09384370289743,194.09384370289743,194.09384370289743,194.09384370289743,194.09384370289743
205.4613809365006,205.4613809365006,205.4613809365006,205.4613809365006,205.4613809365006,205.4613809365006,205.4613809365006,205.4613809365006,205.4613809365006,205.4613809365006,205.4613809365006,205.4613809365006,205.4613809365006,205.4613809365006,205.4613809365006,205.4613809365006,205.4613809365006,205.4613809365006,205.4613809365006,205.4613809365006
208.97872534585917,208.97872534585917,208.97872534585917,208.97872534585917,208.97872534585917,208.97872534585917,208.97872534585917,208.97872534585917,208.97872534585917,208.97872534585917,208.97872534585917,208.97872534585917,208.97872534585917,208.97872534585917,208.97872534585917,208.97872534585917,208.97872534585917,208.97872534585917,208.97872534585917,208.97872534585917
202.2204815298753,202.2204815298753,202.2204815298753,202.2204815298753,202.2204815298753,202.2204815298753,202.2204815298753,202.2204815298753,202.2204815298753,202.2204815298753,202.2204815298753,202.2204815298753,202.2204815298753,202.2204815298753,202.2204815298753,202.2204815298753,202.2204815298753,202.2204815298753,202.2204815298753,202.2204815298753
186.29701673688805,186.29701673688805,186.29701673688805,186.29701673688805,186.29701673688805,186.29701673688805,186.29701673688805,186.29701673688805,186.29701673688805,186.29701673688805,186.29701673688805,186.29701673688805,186.29701673688805,186.29701673688805,186.29701673688805,186.29701673688805,186.29701673688805,186.29701673688805,186.29701673688805,186.29701673688805
165.3215281565234,165.3215281565234,165.3215281565234,165.3215281565234,165.3215281565234,165.3215281565234,165.3215281565234,165.3215281565234,165.3215281565234,165.3215281565234,165.3215281565234,165.3215281565234,165.3215281565234,165.3215281565234,165.3215281565234,165.3215281565234,165.3215281565234,165.3215281565234,165.3215281565234,165.3215281565234
143.30269345742587,143.30269345742587,143.30269345742587,143.30269345742587,143.30269345742587,143.30269345742587,143.30269345742587,143.30269345742587,143.30269345742587,143.30269345742587,143.30269345742587,143.30269345742587,143.30269345742587,143.30269345742587,143.30269345742587,143.30269345742587,143.30269345742587,143.30269345742587,143.30269345742587,143.30269345742587
125.07390589692774,125.07390589692774,125.07390589692774,125.07390589692774,125.07390589692774,125.07390589692774,125.07390589692774,125.07390589692774,125.07390589692774,125.07390589692774,125.07390589692774,125.07390589692774,125.07390589692774,125.07390589692774,125.07390589692774,125.07390589692774,125.07390589692774,125.07390589692774,125.07390589692774,125.07390589692774
113.49488631468395,113.49488631468395,113.49488631468395,113.49488631468395,113.49488631468395,113.49488631468395,113.49488631468395,113.49488631468395,113.49488631468395,113.49488631468395,113.49488631468395,113.49488631468395,113.49488631468395,113.49488631468395,113.49488631468395,113.49488631468395,113.49488631468395,113.49488631468395,113.49488631468395,113.49488631468395
110.85435415128862,110.85435415128862,110.85435415128862,110.85435415128862,110.85435415128862,110.85435415128862,110.85435415128862,110.85435415128862,110.85435415128862,110.85435415128862,110.85435415128862,110.85435415128862,110.85435415128862,110.85435415128862,110.85435415128862,110.85435415128862,110.85435415128862,110.85435415128862,110.85435415128862,110.85435415128862
118.48590294637687,118.48590294637687,118.48590294637687,118.48590294637687,118.48590294637687,118.48590294637687,118.48590294637687,118.48590294637687,118.48590294637687,118.48590294637687,118.48590294637687,118.48590294637687,118.48590294637687,118.48590294637687,118.48590294637687,118.48590294637687,118.48590294637687,118.48590294637687,118.48590294637687,118.48590294637687
134.19742641070334,134.19742641070334,134.19742641070334,134.19742641070334,134.19742641070334,134.19742641070334,134.19742641070334,134.19742641070334,134.19742641070334,134.19742641070334,134.19742641070334,134.19742641070334,134.19742641070334,134.19742641070334,134.19742641070334,134.19742641070334,134.19742641070334,134.19742641070334,134.19742641070334,134.19742641070334
154.233577634785,154.233577634785,154.233577634785,154.233577634785,154.233577634785,154.233577634785,154.233577634785,154.233577634785,154.233577634785,154.233577634785,154.233577634785,154.233577634785,154.233577634785,154.233577634785,154.233577634785,154.233577634785,154.233577634785,154.233577634785,154.233577634785,154.233577634785
174.2713310035297,174.2713310035297,174.2713310035297,174.2713310035297,174.2713310035297,174.2713310035297,174.2713310035297,174.2713310035297,174.2713310035297,174.2713310035297,174.2713310035297,174.2713310035297,174.2713310035297,174.2713310035297,174.2713310035297,174.2713310035297,174.2713310035297,174.2713310035297,174.2713310035297,174.2713310035297
191.1126279956765,191.1126279956765,191.1126279956765,191.1126279956765,191.1126279956765,191.1126279956765,191.1126279956765,191.1126279956765,191.1126279956765,191.1126279956765,191.1126279956765,191.1126279956765,191.1126279956765,191.1126279956765,191.1126279956765,191.1126279956765,191.1126279956765,191.1126279956765,191.1126279956765,191.1126279956765
202.89438611049312,202.89438611049312,202.89438611049312,202.89438611049312,202.89438611049312,202.89438611049312,202.89438611049312,202.89438611049312,202.89438611049312,202.89438611049312,202.89438611049312,202.89438611049312,202.89438611049312,202.89438611049312,202.89438611049312,202.89438611049312,202.89438611049312,202.89438611049312,202.89438611049312,202.89438611049312
208.3454785965852,208.3454785965852,208.3454785965852,208.3454785965852,208.3454785965852,208.3454785965852,208.3454785965852,208.3454785965852,208.3454785965852,208.3454785965852,208.3454785965852,208.3454785965852,208.3454785965852,208.3454785965852,208.3454785965852,208.3454785965852,208.3454785965852,208.3454785965852,208.3454785965852,208.3454785965852
208.94017209902967,208.94017209902967,208.94017209902967,208.94017209902967,208.94017209902967,208.94017209902967,208.94017209902967,208.94017209902967,208.94017209902967,208.94017209902967,208.94017209902967,208.94017209902967,208.94017209902967,208.94017209902967,208.94017209902967,208.94017209902967,208.94017209902967,208.94017209902967,208.94017209902967,208.94017209902967
204.72677614466903,204.72677614466903,204.72677614466903,204.72677614466903,204.72677614466903,204.72677614466903,204.72677614466903,204.72677614466903,204.72677614466903,204.72677614466903,204.72677614466903,204.72677614466903,204.72677614466903,204.72677614466903,204.72677614466903,204.72677614466903,204.72677614466903,204.72677614466903,204.72677614466903,204.72677614466903
196.61904382009402,196.61904382009402,196.61904382009402,196.61904382009402,196.61904382009402,196.61904382009402,196.61904382009402,196.61904382009402,196.61904382009402,196.61904382009402,196.61904382009402,196.61904382009402,196.61904382009402,196.61904382009402,196.61904382009402,196.61904382009402,196.61904382009402,196.61904382009402,196.61904382009402,196.61904382009402
188.58402685818598,188.58402685818598,188.58402685818598,188.58402685818598,188.58402685818598,188.58402685818598,188.58402685818598,188.58402685818598,188.58402685818598,188.58402685818598,188.58402685818598,188.58402685818598,188.58402685818598,188.58402685818598,188.58402685818598,188.58402685818598,188.58402685818598,188.58402685818598,188.58402685818598,188.58402685818598
