0,1,2,3,4,5,6,7,8,9,10,11,12,13,14,15,16,17,18,19
47.98248542337662,43.034538887743864,44.89254182724009,44.829279037549085,51.16236817107639,43.61176826196544,41.91326564055239,41.06550958719304,52.237731926333275,49.747052835079494,43.17903101068638,43.95336518193818,41.05266397046563,47.74044782278304,53.465118378836415,49.570762744791885,47.60305447937068,49.770442513381894,46.3114329290498,42.205546604355874
45.46565935994202,41.40971617340191,42.120831269258645,42.018579519587554,46.23164259444254,41.88677793336352,39.84195969423048,38.062444760730656,45.922774086708166,48.95590520159685,38.8844158048111,41.04549637852312,39.30766194677566,46.90042367403887,52.54163096794111,47.75429126381315,44.071412678883156,45.94990226861616,45.55093659470219,36.98290729348659
44.55016661876775,38.68879305065519,41.28286740954386,41.30023554937818,41.514574478656705,39.75125063756411,38.99712368751161,36.75927883712455,45.8000560829598,49.32865679316801,39.612902442169855,39.177996035591406,43.146537612581504,48.19959940615893,50.29701860071386,45.09316633357493,42.027189230832505,44.269240006319265,45.204347625182834,36.42837522583157
48.6017567781136,39.367758491166974,42.928688206710106,44.146081315764185,41.74280500714473,40.54871081054856,40.82044439501604,39.93779489488901,48.43378199042914,52.33932084829476,41.377559583742304,40.166858948444535,46.77115733818983,48.334936117342146,51.09001844733021,45.78656678067795,43.44813117261995,47.67764604686329,46.8742352132565,40.2259629159405
54.6750225596669,43.58688371770984,47.23211291748079,49.198265022143396,49.0407680670395,45.60847613282148,45.10958501224583,44.5833305961054,49.62567346660825,56.44198048783481,43.76928386050001,43.39274568251715,48.57604986547522,51.06218018264307,53.82716249334964,47.71716667738092,46.13487289020108,54.122775749533496,50.37583114715808,43.59365054257063
59.56211227345022,48.0872390651611,53.40298041598546,54.26437542159318,54.41573521879475,50.58800418879444,50.72551517038148,50.27302382492399,53.677568992482186,59.89225851721139,47.57695851654343,51.55904935177851,52.26838020727385,55.90078524196356,60.04251405218757,52.77454447785122,49.29386090759199,59.387713687749965,55.23750983033413,49.09786077725245
65.10200093012948,52.335337569774886,58.304530076990424,59.38614534948545,59.84121338779065,53.515649619496934,55.054214814328134,55.084224585760126,61.351380632798815,61.28648237286637,53.54387734529962,57.11609565910211,58.99861214440081,58.7519905338449,65.53956426425071,59.678637699441246,51.484218792621945,63.588719305675944,59.90900170488141,56.05870104256323
66.1632332429314,54.40374951224196,60.99923271964378,60.17846951073839,65.93528448690074,57.429862828092325,57.77371024599893,57.636749219838244,68.7083666014167,62.40484629552164,57.27250992793949,58.95011212969943,63.71447356117792,62.91312220727653,70.06537807423717,63.58901764100123,57.265999971172555,67.38593810886486,64.23396889479922,58.74032179812109
66.30064052801468,55.99662845521942,63.527531169356955,62.454102270908834,67.68705953470895,61.606927168571175,58.62990924232606,58.725240685099976,69.21159886874472,64.46576152210228,60.0667536231456,61.96953057995225,64.88131416688498,65.50639227671542,70.4428160811372,64.43934606661625,59.6495103736201,69.07114955860155,66.39288882695419,58.84475396042896
64.40429038316941,56.51956408507525,66.31646712174873,61.025881994114165,65.81616799987042,63.37476550400099,57.90154866348112,58.62575167158836,66.44135001203676,63.87860430306981,59.23531169032688,61.9140017087707,64.16798845345077,62.8718182476295,70.50467616403779,61.79315064602313,58.82238973166014,68.33624005655474,65.40829091124805,57.111126077075994
64.42604621548588,54.04698617686741,62.55231732902353,58.58851049083242,60.9468039586225,62.3914761290804,55.47537085887657,54.026113961318075,65.30193811801594,62.242302778137194,57.19998166149155,59.745189797388015,60.661745760687076,59.646257008280635,67.68671990097563,57.45627105351587,55.354191870289796,62.19006144745186,63.381329691336234,59.096976592306504
61.79860483634075,49.430631589384596,60.40808371099498,54.74482821872455,60.02522198112624,56.04274423145453,50.21457522198146,49.74149896598264,60.356640947844156,56.13481780007971,55.74099145405271,55.46266660430587,56.34412592795421,56.161535501270926,64.30655915502585,54.16714076860366,49.55591542157856,57.33460664158314,59.18590583786407,54.89168895734642
55.221625543462046,46.50256232455218,54.31327623383849,50.175716734461425,56.52648422454139,52.80627144752866,46.90641664832843,46.61276089809081,54.76401770342413,51.80562468317193,50.642645834487396,53.24020492066326,50.016644708038854,52.93452790526982,60.368047104464225,47.58723324108095,44.981292855266595,53.76190493058811,54.627790306237316,49.45175900458463
49.5613367578752,45.2161690904736,47.91712015716042,45.37004244794584,50.32996917553885,51.633449628033425,43.92956780831917,44.63221383200147,49.789158883146406,49.36804429261478,47.07459924277968,50.70812099407261,45.124854499194626,48.75558208481614,54.5042799164933,45.17408493780932,41.69617831814265,48.1588048893001,49.162908879586254,45.28942268368573
43.00863042172098,43.238273393118504,43.98001623643678,41.37482261830917,46.16586929734816,47.16991483220343,41.44963467441291,43.13891454003018,44.99487307904726,45.618417281583575,45.43003350458214,45.82524875076775,42.087147466205025,43.64341966957925,48.72419583237865,41.695150027313105,39.47081210893473,43.83528877828738,43.87659901046327,41.47098737624627
39.56191279289771,38.32391446824219,41.963268784061974,34.8932763238675,43.537687152875456,44.37745597023188,39.33072951058691,39.54273159341542,43.281736613570864,42.326487211589374,40.27038126945059,40.991349217969294,39.25299142520732,42.343666325020784,45.27182405677974,38.36373468800974,34.41695064360917,39.999591591403515,39.05643863065991,37.54772406491371
36.784491409575644,34.684542021065965,39.886968541777954,33.3168562773316,40.21663136718021,39.0478370749456,35.89764222695582,37.81478341628909,41.08429522167347,37.61445417644182,36.976343328448685,36.39211453812571,36.60957508364534,41.63093569094318,42.77223336268078,33.59154558889582,28.72667574992267,36.23038158366884,37.63030779146581,34.63002254596306
33.27864721157061,33.837457946580855,36.693137452247896,31.882087397276983,40.210403567772715,32.9948555508987,34.944024470592424,39.15719426587926,39.066490838426226,33.761638986716314,33.17539423197818,32.19166485253407,34.346399227866364,41.69698742462066,39.3427453531858,30.150346716478207,27.922892023371155,32.805852944535395,35.48679210221021,33.727015047919565
33.4283471666746,35.55925238092059,35.42023593463487,31.63604891783603,41.36962057367408,34.046548329572715,34.79299771833964,37.72629828643252,40.26856347930461,33.10196502613512,32.93559619734266,30.13481747005536,34.8422890056712,41.09223770628341,39.92070636632167,26.51771813154713,29.22223823078088,32.341029380569196,33.67246931708051,32.305811214284134
35.97901323167212,35.437544638186154,34.53855213997374,34.140351218811325,43.62658808494417,35.92980283552848,34.914301456340766,34.342972538881334,41.028206871852156,35.68925975328652,32.95551600329294,29.5402188934483,36.62267589637551,40.82493610207077,41.80610828536069,27.72591549998629,31.849600358195318,32.465209772368794,35.40765878260037,31.81569001929706
36.740609671015456,37.411880521812456,35.83223065033387,36.437390918266054,44.86730277342385,36.63495443610963,38.25615951071912,33.30184470797674,41.69069445410305,34.707735963635976,35.31071403428714,30.613250442994286,37.75874439385369,42.18607083061898,44.08525408027053,29.048818228993557,34.83574726495927,37.698968585304776,37.49816160213492,32.074215277435854
37.743220949049885,40.49388982288378,36.317573292382114,34.70287795762535,44.223632061982414,38.218017137934716,38.71616120210313,31.892658660119565,42.24540221731718,37.410209204562406,36.36601015100192,32.4773054823772,38.20264722254693,43.73472205815751,43.91897404453521,32.9353552173311,36.175344962919816,42.42782131165847,41.26930860168969,35.216167279504376
37.57725971519958,39.46630467400575,34.264181830832044,34.66339188990606,45.052232283703795,37.23170113747906,38.45391166260529,33.10671225149038,42.74647936548174,39.427784823793175,36.230498882499695,35.91539051669869,38.001030004296865,43.51062376853209,44.137905993550056,33.38693449683998,35.61197955624245,44.427397878302905,43.49293460637026,36.46491907559576
36.96205086991651,36.383576229110744,35.25521664224801,34.589489993035606,43.13389004527423,35.97756207309067,36.170558261179906,33.21378639657793,39.553283793673785,39.58929881330846,35.648833542801604,35.3203994972616,36.31534888319979,42.02862965668305,43.85526697529352,33.4686880896664,34.91768803959159,40.900223405549056,42.29224074262759,36.35854834341147
35.29897451140778,31.425203412583482,32.990391772849115,31.968129013576597,41.1315077726414,34.8329062467892,33.34562466855234,31.213226799846787,38.67224245177359,37.454975442557895,34.16134711676794,33.65938240629371,34.64273722895218,38.98051791411227,41.96436727492492,32.62158766715654,33.24252986653209,37.94749643601731,39.239529315096625,33.977885317304256
32.45447457587707,28.36784981277215,32.1935275176761,33.20440090964324,36.99932449027216,32.198962764257196,30.921134388623894,31.759334326251135,34.787496687865264,38.62999409048137,32.03424226492348,33.251763464650196,33.78990741783288,35.952231082522616,40.130926933265464,31.220171096891985,29.95613437784344,35.41505880081831,35.11711468253969,31.770182087315685
34.20342470381283,28.74864467804611,33.68259884867762,33.34604730038055,35.77827050630311,32.4065139218158,29.60131520879369,34.20883303167615,32.855561161639876,38.22264015643296,29.157263859939047,33.008563906011645,33.93925166075446,35.16344511429484,38.78551786157393,32.21274886259151,30.13579699680902,34.91090933974862,34.404910399222736,29.989912913723398
37.13049150338142,30.45894152615902,37.604897058379954,35.55850047736979,37.374295243826516,31.385124724016773,29.961244503467068,36.12843904251102,33.999398203825756,40.87500938090458,28.25250428783993,32.81352846988174,35.692197187825215,37.61887993830106,37.34045832918888,34.54747581489654,32.259700615163716,37.92210467531041,34.39308801658253,31.14643081131034
41.873356041753766,34.66243713614625,40.032304191102135,36.609444347211,40.393397949764825,31.940101199455118,31.70159792482964,38.79101097518405,37.297239203066795,44.76324176985819,31.55839951741144,33.42332230384652,36.02426658467649,39.31226653085857,40.917959860465125,37.89442034852152,36.5398161741591,41.43016364845437,35.92176470077932,32.45711263476586
46.60395680265119,39.99029359705039,40.77663261418704,38.9399698704145,45.49109907574599,36.04882221142561,34.37165100330321,40.15984930805931,45.38894908861021,47.35043039354763,36.55244440921897,37.25537673951399,39.3088141772627,42.92237749948719,44.42132507511688,39.76757454210218,39.66881948261011,45.47935800051657,39.0222573709974,35.56014529861321
49.07984387720507,43.752556536867424,42.489814114185904,40.63852296106377,50.442841723593965,38.6778800073724,39.839094053343985,45.149171599731275,50.18998195973759,49.68114015042409,39.5919529173373,40.841264741585015,43.70320437151937,48.2083198062931,48.532440242072504,43.768111619900196,43.29588370593354,51.27274031122941,44.451649776107075,40.444206567444226
50.791966534176034,45.60621645067243,45.01749312986879,46.039030519032416,54.6195472821132,43.22084725306094,45.66164237788601,48.16575375714653,53.35356640155743,51.76417443608296,44.40860371869855,45.93321190643643,50.32685159483991,52.81424810331534,52.57851407981579,47.379332660633374,45.8395397241032,53.59403565188938,49.65302565020069,45.46659891382457
52.500813897719546,46.229847598167005,47.53860321738745,50.96689718420992,55.24828945262786,48.99315210684335,49.00811641357123,50.87055796514819,53.59661118347703,54.2882474824239,49.327769177726765,48.383636185905466,52.81653368089584,54.54078922450069,55.384702221971956,49.195193098088026,50.12091816587085,54.29384171992732,54.07708455057798,49.6863073192516
52.77768790303034,44.62784040450726,48.84468368136148,49.73759638457692,56.223174888303284,51.68013702620513,51.14752125457425,48.514523929055045,55.0424186219288,55.73674620209292,52.922907330140156,49.13914416272242,52.52049324950062,56.36137178440177,55.6109226271381,48.40128331763834,48.740812251643625,53.26146831552175,55.12739793974321,53.161806407310976
52.91513294472325,44.95753660865168,48.78069583339174,49.97387797251247,55.446356718414535,51.53716098594957,49.640507454153564,47.48136743610583,54.055053871421734,54.94484919073504,54.366382557985574,49.03435267568474,47.57530158324317,54.916270318276126,56.03508991051377,47.849003386055145,45.80605250806026,52.082540038702966,53.15691754442709,52.233697105918296
51.47561238379046,44.09311083620958,47.09259957165254,48.29123127803046,50.4049442169829,49.37630082861428,47.03065650344029,45.54734927877788,50.03884517570072,53.01150154287642,53.083824570110366,48.62680150432954,46.70446151567762,50.85568490733043,54.53052755858729,45.84491765689022,42.9011180650332,49.29072271287229,50.017862340537114,47.673890269132315
47.308744258388906,42.62539184367279,44.75538995457248,40.435490654107525,43.698154296718286,43.348677921161446,45.3318238950372,43.181292833870266,47.88402466862526,48.91758198092039,48.60044139035789,44.51623313352646,45.8940652733874,47.734233117627426,51.068669119290846,42.17855537606511,38.30132056630397,46.3194947945803,45.76406485774318,41.855525770751726
43.72337619908328,41.11748812270228,41.39882155614881,35.04307136448471,38.54316493024975,39.23559211506525,42.70334381168172,40.51459743574758,44.326368532026535,44.799933838895285,42.685979931556695,39.778163180983064,39.63028957591959,43.407147875762675,46.05286443346225,38.24994821603452,34.10741293134452,41.98074878691304,42.03865376840059,38.8106804777953
39.35197386688603,38.6885661741791,35.807563207958026,33.71034250227797,35.30232665652558,38.16592500138133,35.353484887440516,38.912777785242696,39.56159989398069,42.061565864545805,38.414305393214335,37.44782150766809,34.89792505319048,38.327035537861086,41.8851911863005,34.98852858065498,31.273936967826394,37.669320836378375,38.332649514867406,38.24232644866366
34.696170123543965,36.710331166079136,32.54454185594811,34.233432714939084,37.67185302403154,37.60100660698814,31.978233320013228,34.829153494326825,34.67069360308445,39.32612365328396,37.69797403578821,36.43880688060363,35.22940514941137,37.874514608691825,40.992322741195174,34.08542545293306,30.33997346541321,37.10173053147482,36.825190304079875,35.52154259392613
33.22351222840089,36.29127230143102,32.65711028749954,33.703088666862335,35.72196667776072,36.483685535142584,33.297868801959915,34.79055821646736,34.81774978473798,38.09444274436233,36.99785979845167,37.05947385889376,36.692281052488305,39.062514166728576,39.35625094523321,32.93606172307326,31.543695856904733,35.256392456864795,39.74188422895498,34.353359670981234
33.21582887758123,37.21325369748291,34.13357318339148,35.50334161502524,36.82652783481921,34.96086488962434,34.23370090772988,37.3545658615671,36.80706855645211,41.676073155679475,39.196750134709134,41.04150363228727,39.54374512169553,40.36131748464626,39.48162073372013,34.2018248469634,34.31804766400798,34.35308711002816,42.95189427763633,37.88858493472256
34.91339697997306,37.6830871294113,35.470430722916774,38.46811404119022,40.56208330359434,35.81282528322262,38.15700181351273,36.13849643281619,40.0971425917033,43.561110665131125,38.993688369113556,45.175206670532134,40.7601076023184,42.864949524117705,41.132995615028484,33.79326967742337,35.47336015747613,37.88569410639459,45.07654789803465,43.017709471577874
38.52079600316705,36.98125115797933,36.374405089667,40.951832622116335,41.91873659040517,35.809675664592405,39.370015698407926,37.91472837782781,41.80046523982065,42.51564784648038,38.4487423299169,45.28134214930338,42.81425735710454,44.85000416103228,43.10605646818913,33.210007422563756,37.38327193864761,41.192055541409005,47.198781648203536,43.19266262032792
42.195817556132624,37.12699876335941,37.271984656014816,42.92333179907559,44.23736934213568,37.40416431354844,38.352299407342365,39.06046774264091,45.82655299979495,40.919555666847565,38.5333098737551,44.38324881972499,43.26886691604832,45.449421825276744,42.21717489418506,36.32747630145614,39.15003441564426,43.58249085135255,49.247965623014544,43.12929412409365
44.497884878792576,36.906435461792995,38.918692176539025,43.33807617384839,45.29645355563686,42.225821833857076,37.798610058823044,37.40569573517153,48.02519847306654,42.90214967769851,40.05988028883615,43.32539728859156,42.64801835624343,44.47651350968241,42.499347832858106,37.66379417589294,40.28723363895523,44.16730066024011,50.18752302844937,42.60113737217107
45.008837866473925,36.18357028358407,39.515553225634044,42.739623334300354,45.47655075563524,42.56533135000224,37.5065620345078,36.9762391955314,47.538097051666604,46.04719841196034,43.805203337563455,41.47085944985062,41.36008446939664,44.411908876113415,45.773868361324716,39.011825572327815,40.44000808283172,42.76931183469917,52.02320008396957,41.95993039229448
44.113253639599435,33.53763507311928,39.72724605794635,41.62576350371583,43.88234996166906,38.829487545177834,36.29972426607747,37.658954649672715,46.99288241560661,47.77846944016125,44.59383613496371,40.35550680017686,40.56895437961338,44.114941408542606,46.66509650746948,40.965011241316624,40.27148826658229,41.77803427389324,52.784489733097374,39.85083907520213
45.018825170732214,34.19594448493412,40.54031567350215,40.1831218111675,44.18750950505227,38.08579349930906,35.660428431851635,39.01319253166697,46.734355439621666,49.26795024733832,43.91757022120374,39.56008413334735,41.95302584117357,43.0972483930467,48.188359664635286,42.9988320152853,41.18604891652733,40.55471807314323,52.02532925951711,39.94182413721184
48.116115634317225,36.816450571513336,40.042564680085995,38.581338267181394,44.557151423134236,39.483905302386574,37.02619481906851,40.28351028684601,47.69427588120097,49.32251045810288,44.978814590016306,41.43535448871555,43.06949566971158,43.566461688610076,49.67310329489275,44.4518007148769,41.25083026923815,41.46271062231748,50.65410986790966,42.489063781140445
51.15474833166645,39.714083198210446,42.18198679734165,39.82872990685781,44.4172232550483,41.2303786955562,40.61163229875866,43.57742896472287,48.05116382043346,52.00529550136914,46.22728734429023,45.58352968918149,44.41456581477368,45.18279995953897,49.39050969322226,46.902747341897104,41.88429941320534,43.21712011671293,49.855033579841674,45.62335190047452
53.61054315205019,44.230676043244976,46.36533670846986,44.811952292258,46.771111863013324,44.33639549883605,44.833427417267266,46.31753638743861,50.73652807227766,53.464527457370956,47.13786543970039,50.664013407343475,45.72002550268393,46.729171548526004,50.37233684556381,51.1480511705537,43.10938445436413,44.96846362767839,49.93371261470795,47.196475472766096
57.62857192044045,46.89014987168919,50.391325353920145,48.898248363493856,49.75852805146045,46.414132485574534,48.10282322002142,47.4553968662053,54.277986556632705,54.23837379256194,47.9375183849356,55.20608008947963,47.18940713905081,50.48879579184728,52.21857386884323,55.77240034793384,43.572483022457135,49.38220076078104,52.13919747038579,48.20417202926902
61.79408447556672,48.349136008968955,54.63972418464077,52.97151164185176,51.611794704587695,47.17883676200748,51.99819120398173,47.95234400580457,56.614907321991225,57.00812885664193,49.84018390616833,58.07668856572509,50.32293895850573,53.753511071279796,54.44189406397213,59.653740549967026,47.64573361467917,54.365416159170664,55.88645374620113,52.434883187901875
61.56088140313118,49.39573998192945,58.04801996331104,56.887016941140274,53.24109621896644,50.98165195201834,55.03218603725609,51.179868934262494,59.62999984282912,58.86098296041835,54.055663366675425,60.22426071812058,52.79542614891503,57.17732052964402,56.08526129342937,61.721268123442776,51.59450819653645,56.263196784552605,58.74838216747727,55.55196896098147
58.00633155854737,49.863389040955155,59.28519483944185,58.208623517586,55.56519199705822,53.83554297517806,57.47578935448349,54.98507586622136,61.295879435191736,58.57892173505987,56.773491051391254,61.91307630861417,54.78575321156574,57.65723373799678,56.398486025741754,62.39602318468935,52.24404233576449,55.631855353129914,62.960090141805594,57.58075472306672
52.31133250100897,49.69733225282811,58.01421032160727,58.11735246476385,55.22543789507852,52.873552596492566,57.56444144354132,57.635665236353994,59.68219632031223,57.283761508553695,56.26557873846527,60.43341938915141,56.865691805970805,56.012475993791135,56.90616066018828,63.16608554036558,52.19742039105486,54.85823368394446,64.05621887646366,59.20388485884486
47.895788654222,48.25464960634022,56.00192880966316,56.720273503112374,53.495810317699274,50.1231537301512,54.590178700361335,55.652466188347944,54.77726219499784,54.934821815286824,54.79282221446455,56.91147121617118,53.61259120680351,53.04886640089571,56.73298724238339,59.247715326734514,48.90481013437482,52.43658229330727,61.88686184130046,56.184221966922635
44.281248797360824,44.914475272441486,52.150228158868956,53.95821141112914,50.90178371408795,45.104381191223126,49.9902545437251,51.314014697350906,48.1811751476378,49.81026338575609,52.287846765299705,50.96987568422228,46.81153708237917,49.16214461811143,54.07649750508235,52.158739716283826,45.102171848404495,49.32235403657787,58.416027133698165,50.30934543146047
40.53110712873369,39.76203359569876,47.1912937392316,48.07622305219293,46.33677130257928,41.61362962201679,44.78969654568152,46.541856380624175,43.73788434685278,44.175883751103456,46.69076962680189,41.76189662602093,39.2842027011037,46.30739313692683,49.33713073613321,46.41371763207659,40.18969780350164,42.82874511337678,51.5545796078504,45.04657883481272
36.55413161624614,36.57131596294024,42.689434990314375,41.219811353180674,41.78630470314577,38.86286648246611,40.33985078164799,43.77631758577413,41.04088555158967,40.51135332452479,40.24341969436765,33.96837091630998,32.53735611613915,43.93563189019605,44.02308230659631,41.35223492037543,34.96645134024971,35.59758965474391,46.98197591237216,39.13232009134623
33.82922207529895,34.83550598889296,38.80063005476871,36.813419319473724,40.46619664659063,38.25024789890462,35.87857817629285,40.333545233089765,38.958814070421184,38.393550874668094,36.73717719562406,31.002710552269924,27.383575379534296,42.92337104290307,39.667912093494955,39.01076833922104,31.61874516502082,31.361845478675573,41.54303269950221,34.7493630520228
31.66569547463852,31.926415570130633,35.02029774470509,36.33714399146919,37.243140402481764,38.3173589004319,32.19451407527892,38.744532355864685,37.478088054546305,36.836018682161885,36.08340700976899,27.685421576417895,24.99554977350482,41.80172239065567,36.57213561374642,37.34898533910804,30.5163454005271,28.168192189402706,35.13230295960062,32.909491731232364
32.59357737674683,33.81533691249891,34.889832461129764,35.81420388027679,36.5046942586058,37.75259171587847,31.375740533000677,39.124876382452314,37.848332299780814,37.161912688157855,36.6509556303804,26.91981252510498,26.45735512448539,41.48774025761994,33.40010730023222,35.17022292789267,30.257382929506456,28.563016543469885,34.31983321787329,34.37077874071042
35.257545246457816,38.46877180877414,37.12551620086831,35.95484151959529,37.765956777146165,38.66052707307483,35.772721890025515,39.907637949972326,39.101658492883764,40.14930517974004,38.12668425972785,29.829726934679407,29.003159654790384,41.66417674684717,33.78306842626403,33.68278552839493,32.846645776560194,32.09563207107334,37.301844031407555,36.904997912359676
39.17414043973751,43.44865391975979,38.51336997231063,37.18711249755169,40.958012261132986,41.24685335102131,40.49037674805012,39.94175111275994,41.16790516919445,43.692654801960856,38.778859276058036,35.24512018298852,33.803484379997734,44.601697993409005,36.33480609199709,37.79346449094012,33.696615346767736,37.001026623774955,41.410891489085756,40.388960406233096
42.81235192614892,43.474539310409554,39.257829874290664,39.6503181603848,44.50938177086562,41.84210879894349,42.87373268953801,40.89680042623792,45.33646526359038,46.15446892410644,41.44467012732167,39.59447434312672,35.863354071307896,46.61187602385003,40.29608390492015,42.04657343816261,36.66855693097492,42.949342299901645,44.40127076033882,42.02948174175218
44.521957052753145,42.95861995264639,40.09857025660796,39.62843054744592,49.81057963965458,43.581395524108174,43.26985913973837,42.43319420809576,49.8609539504071,47.69244197845677,43.73655288129351,42.57646156671654,37.982988232213366,47.97949337614796,43.365689289056625,44.879898153073725,40.21706408666534,45.539551432691596,46.73406137940937,43.56266860745555
42.29744693904363,43.77700919985276,41.53087426640864,39.65572936852356,51.53857342849299,44.62871087507948,44.6510763123719,43.565730149811394,50.27935668593099,48.08706335741607,45.575806178538876,44.86658672497733,40.0877128761836,48.91924061626967,44.85571440789585,44.953198905436885,42.10880053607567,45.695924224289215,50.44344198276434,44.76950332043282
40.289968359273864,43.84645747641641,41.17735760177856,41.301920973101026,48.70446479836404,45.94957540864706,44.57895059135335,43.0845338020052,46.996505392053756,49.09539677610265,44.89275927192,44.36006346735073,39.13943669148519,49.831511740607894,45.54925125896984,44.41527228627946,42.690558490971384,44.716705198783515,51.98319053281885,45.734772185391904
40.52347905232243,43.00621044900453,40.56639050524095,41.694045948290096,46.678176135018596,46.10415060203309,43.535082459047764,40.81118319963042,46.00464327845421,51.46389557911464,44.29016895380439,43.703676351254195,39.18300616116675,47.41838981099135,44.89255930116126,44.38239833340675,43.16239434859431,42.27222055399604,51.273002302450955,47.042725139168894
42.294529788949646,41.36246696429198,40.3474852762513,41.61312511279151,48.708165812471776,43.58791565296567,41.827714770117424,39.81008987822588,45.62776411108524,50.35374587154507,43.9789153760596,43.471310029227844,40.45743850338985,46.303543857078566,45.26265883184681,46.794075795364336,42.51548766675634,40.21746824314047,49.58964361867467,46.29399546351486
41.38737854568229,40.21463885725249,40.97586077881294,42.66818402857647,50.658819392275326,40.69164230367893,38.922189825533756,40.27784542388753,47.11361075170144,46.0858234826582,43.42583913415115,44.2648507386702,40.21796910676946,44.77814936225761,45.10890423430087,46.27175959762872,40.56716182148948,39.345439654254605,47.8394450462072,44.0131092073035
38.850175829901815,41.31214695904107,39.5109373601348,42.38419176257955,48.72043988734972,41.86253719244128,37.010691832942776,39.985112223611935,48.62960048475047,45.225839013616095,41.53571716491652,44.88143324553132,38.88881863292302,41.65139499676784,43.00782980038939,44.75293493761731,40.88400633282656,38.722740174141656,45.92143029375279,42.908880249629874
36.69381139326699,42.44614433883483,38.502896333973375,42.848310701343316,46.212945694062284,42.10729578425698,36.979158607538864,40.70256823276232,46.376114212398086,45.47749227106846,40.538844142943425,45.42406482387894,39.60964807627445,40.424096859047154,41.85482478410777,43.64262904441052,41.547539036207056,39.366164823673444,44.532764895262375,41.2003142869888
34.881662788865455,42.5635264123552,39.57694323539499,41.56936100391147,43.10871703459655,42.221554374518185,38.565546906027755,39.36941930307373,44.56800441225081,46.46818569432544,39.44692163096105,44.613070130659295,40.5018042830172,41.45396122942105,40.01003043983821,42.03434610223188,42.43780439013399,38.32481533458054,43.78805972654497,40.35181767681338
38.3464890324401,39.82726488286295,40.04599294939925,40.201168799006155,40.92300293582588,40.326737456070994,37.53560423121528,39.944702879138795,44.77124329546581,47.285380658987556,39.03240864499304,41.86298461493295,41.00187445932505,42.59416666690408,40.83440745307151,42.56115745644526,40.156213791818715,36.82803667296858,43.18032226183012,38.22307796882856
40.362128991832854,38.7469623519897,39.21569291139759,41.585749933837164,40.46851599641466,36.66722319976641,37.11677782341099,39.93775569916821,45.12314734062195,47.9714751925901,39.67340939364927,41.2511325741539,40.41461899308436,43.79971780595823,41.62109960543726,42.137250473906214,37.9745578383519,37.1836839923135,44.618420874030214,38.11175182134811
42.01212456848107,39.00762424686883,36.829670857113115,43.227601459917175,42.09435327591702,36.71220111421634,39.02633399397882,40.566795729127705,45.79153108465842,48.27900161608102,42.338495180021646,40.58932249385332,43.53705183471971,44.35272513135083,42.64180303330654,41.199928916259516,40.959119909968926,39.367091623977124,47.03660849653402,39.07197704440384
46.281695772688366,40.351371868626984,37.90270991131997,46.83911394075697,45.97191271057072,41.22268625973372,40.00069135901993,40.42352637407073,48.99270387414655,51.87033184606666,44.95950471620154,41.11338976428793,45.2345611438274,48.115226828914516,46.84258957807881,45.408021873302175,42.75265882537413,41.14946090175509,48.170684697121665,41.84045134929573
49.709145686362014,43.65541599745977,42.71553846733227,50.9553087694183,49.91428131659223,47.552670635700906,44.83104401828542,43.33756915918096,50.9337745385104,55.556972607465674,46.92976641068644,44.36527775922757,47.72318828177833,51.8075159002818,50.85873511331235,45.888028722899655,46.255658435900685,44.603557918439336,51.176183856456134,46.6308633720666
52.41778402627461,48.92487165581762,48.87024716578203,53.51891780871126,53.72732715008526,50.99373366103092,48.03324123755023,47.94979819136457,52.25477279486414,57.31150220925047,49.97987866911983,51.39294831687483,49.89482888004713,57.24420270684857,55.0609644665571,50.70186703729247,46.74584228854752,47.69490580488309,53.502922768951265,51.23103046678243
56.87398519937655,53.362985312677296,53.91272995837478,55.53466973993003,58.43434536346371,51.97690623703655,51.743672155823624,51.725448299398394,56.018389334277664,59.083239475597715,55.17936086035313,55.031120162284495,55.4186928214458,58.728975575549185,58.42195588865829,56.752563001130504,48.09746597933713,53.26006532670575,55.85477484059073,57.09783090604027
60.76889818968289,55.1386899618621,59.72431581127609,58.8199371424945,63.39133039379496,53.692322482099996,55.43739924682024,57.145267307540074,61.42745750751363,62.3576072755414,58.15155335211669,59.61869277369924,58.50176165190341,61.71199825364915,64.61550393845332,60.5264776048077,54.61780776999787,57.90261254354241,59.3829881372824,61.693795687221694
63.800339471418376,59.0361729058056,63.7687588801405,62.82876357636247,65.88805867836624,62.262046870566486,58.744944759082294,60.02436359861986,67.14457588859818,66.2070761757631,61.63762034708739,63.12944815528429,61.759954712211474,65.19480484020886,66.69835171053273,64.14867029360732,59.89862994020234,60.274788151397196,63.64181675135003,62.80439030744262
69.36342510344946,64.09143005876737,64.78131599423517,67.1966777331558,68.13885651775362,68.97660713849548,61.41371432780274,61.545817661597454,70.12585011028314,70.44581998110228,63.15995875769744,63.636740990168356,64.84324378883905,65.67486441332233,67.69074413798006,66.0826682874897,59.91920915394215,62.954065250434745,67.85041045613387,63.07065359675025
70.32526736569089,65.29444851709505,63.42095171829626,68.72522888434925,68.91768458092487,69.90505404875438,63.29706695175908,61.81260356562687,72.66122339300175,73.82784700859064,63.02373547510919,64.53657071997175,65.13029794690549,67.90215479272585,67.07501001433147,65.0323284343472,59.241724639869226,65.26600191458867,67.76567631814395,66.32533455241668
68.8938084980208,66.49399265273104,62.206167552286054,68.18655672971184,70.0952206216845,66.76577684686525,63.63125113636788,60.54407744545287,72.19081286789738,72.4642536054502,64.09924236755411,64.3047064201931,63.35740001642446,70.04294271472159,68.24968978464668,66.78391279550517,59.60570612375454,63.92546036786104,66.3308411517986,64.88157840230308
63.21690718839457,63.944380603112904,61.958198238278506,64.51670076278188,65.29236606113072,64.70193624036678,62.3006524244104,57.28644464246806,70.2212590899665,70.35605650580642,64.03629917260125,64.37126858053803,60.61950303008488,69.59021499584935,64.30548410927193,63.349587116647406,56.709977192041805,60.493777213685185,64.04997309980679,60.50776246300494
55.80650173066449,58.347101771312346,58.97245914558923,60.006483287927814,59.2726514881578,62.77605676801567,59.49810383231026,55.00574232921831,62.896579928221485,64.92356198245484,63.360394523418066,61.16173532139567,56.48949782013382,64.32008123306349,58.54626563077771,60.607671687179156,49.92179618863905,54.43508415342388,62.888168639163496,55.650711880565964
48.7036540924906,54.9703816991586,53.91816745318306,53.343609992860465,57.47040934188093,56.54626775106538,54.784422477147416,50.04098385916865,51.93928562006399,58.4638601498476,56.73865600824778,54.22647968111121,50.46609370243064,61.114789532145174,53.24570396371744,57.217913852306324,45.51801472037759,49.742350090795966,56.8951227434216,51.4645917700887
45.939770685578715,47.79059043505751,48.122689823495186,48.08614489236257,52.29958734711001,50.52342867445422,48.973403811256205,42.94837534683768,47.356628030308364,52.89206915868959,48.66370126191828,51.21134011707278,45.10678119641543,56.385229919305594,48.02949242199325,50.02561569475392,40.36517727139501,42.73998562513005,48.91297152096609,47.1012783647938
45.38964636717621,42.15694834701682,43.27744112192085,43.26345198136722,47.95865268402702,47.38126886039599,43.59741536991761,40.17390283247998,46.341246507946984,44.52687010920659,45.718974568076874,46.02532507073418,44.799947725941585,51.29933921848153,45.45927166843901,46.222525632655426,39.52975843208687,37.39781269040814,50.70469699918857,41.58327604459534
41.217158500453976,38.50983341799237,37.72421655294774,40.433968734475265,44.22613536743655,44.2182544671471,40.2387535498393,41.404330219230545,44.304108808620015,43.7145797743855,41.785263626126046,42.13553215859583,43.39012776045932,49.43908898125408,41.892273287136554,40.844603183324764,40.146579253353714,33.1723264001474,45.11190490235973,38.74896463461077
39.84566668245083,39.875947623046365,36.353572633953306,40.44374522727304,41.67620967575773,42.819871115020575,40.294994981908225,40.35320171486431,48.39663114526439,43.897690503808406,39.91359795409065,40.44043366025803,42.80649759373457,46.27488225732193,43.8178645380544,40.282155087596855,41.15017760288208,34.08964127885675,43.896367652056874,34.96239931163221
41.78283527222197,44.82117389816578,38.73137549853844,48.384438719978824,45.22364561852619,44.39205854510613,43.597214156062385,41.30290575750909,51.322660617519745,46.7106727657688,45.974738952458814,41.00522330252849,43.08303680780088,47.06993066282823,48.98403811954951,40.60014168542396,46.65787485738007,41.573864612007206,45.569192036775675,35.28822184513005
46.42867021620123,49.19787028791469,41.73006345225143,51.939426785423265,50.63383755034302,52.805399979673375,48.12089463072244,48.006303075800496,53.9325070297026,52.00970655344317,50.82323990711661,44.063596746402,47.90629266803277,51.37252351222639,52.861951136024565,44.85220817977526,50.158786401892904,47.28386524177079,50.63084376880048,43.316688888368645
53.07637743372596,56.757598727944,49.5162199712259,58.22876192567198,56.526351195104745,57.74616955094878,54.662262392481644,52.55516761941417,59.55049435662969,58.80313808444816,58.01852590478259,55.25219745261176,54.185085433738756,60.22318685850725,58.97947199086059,55.71168141996764,54.395595139429176,54.22876108601377,58.80324446763058,51.92472193612585
65.02305098550681,63.200202339434284,56.07958036544138,64.13718909492268,62.7068642196463,61.14268373344657,61.5219970796082,58.98831798142881,68.20858619288762,64.42179491720773,64.00613100302083,65.06261081651567,64.40413209794274,65.3050172950137,66.13888300796081,66.325124207488,57.639195468156764,60.97722471259818,63.96279273664869,60.348628851721614
72.79187918981373,65.05420711015142,65.80116992859546,68.07920284616655,71.61773071330641,66.6099433300493,64.41522875332669,67.74493186719475,74.82173317254046,72.0096891046111,69.43984135738481,69.55608528812695,71.53954870987864,72.1502900817968,72.5452564222829,71.52974035527424,67.14681734145327,71.25635276588211,69.7614145817809,67.18593498962207
78.2150613494999,70.82353129721787,73.98228798924846,74.52367496276581,77.16232013586091,72.87357982243292,68.93151050060122,71.60975443711824,80.92458573756743,81.05505838241436,76.27488036297846,77.78662536665821,73.4671991843227,79.08177776596672,77.27579248944919,74.22910640543402,72.50986409935545,75.01786880396776,74.70233652402102,75.25905743012466
84.00448894532737,76.48891383892767,75.75742448064788,79.3259342859424,81.23403340663423,75.48564722599906,76.12400054553929,74.50216516991617,84.44580337839895,84.8764441211371,77.34988414475903,79.35305960441569,75.65790486192397,81.56713784261169,79.89092877579269,80.88149549122498,72.91236499856542,79.22565467824256,74.66135993437612,81.62037021107167
87.66408178628963,79.77944038656993,79.97599407828466,85.61566446548262,81.54474923064298,79.57736144666185,78.32045152571793,75.16521121573834,86.36177274386107,88.6532947263968,81.82205954777285,81.33060476376221,77.91314736653585,83.63833614850525,83.5805400870553,80.787661773865,76.33768672478497,79.4091137682647,77.40385676752489,85.88362898044026
88.67519912652303,78.33142505822083,82.14366662914206,83.95174359622091,84.3836751064861,80.11867936859355,77.37093867881772,72.63187670701727,88.7962059162274,87.71882136544649,82.4182866185286,82.3171497262736,77.97867814930459,83.83263982949092,83.65514022890719,84.59487159394033,78.71473996904618,80.66836573922954,81.6510817780695,86.9864761153484
85.20313274763707,79.35030536914017,82.69330010003479,84.88860966713881,85.17647015877314,82.03244551547704,78.16981133472532,72.85902323964483,88.34654621794608,86.98982520771797,82.32937057634726,84.77696318218752,76.54704620618124,83.57778113135542,82.79869733440354,81.71525964378755,80.19396816363366,83.94304097241658,83.51621102918735,89.26659276239522
84.05987195767146,78.4816444749037,82.09848411813975,84.707417599019,85.8400447229055,83.1598726421522,73.87785012557369,78.34284718247193,86.0728034976615,85.91091297585483,85.00585555147141,83.16196404497859,75.6664702049063,80.69595506956179,76.52945129033216,80.77464978589856,77.3115303104815,80.85847774509895,83.42190709851047,85.38626915107312
78.8243307516235,73.1579695451922,79.70124338358485,78.41853957184605,79.91961484586722,78.2968363751,69.95889929107155,74.99555991713162,80.14699149488203,82.40432430844712,83.38449277568134,78.92643932514615,70.98241928162022,75.18672099207511,71.12535045512047,75.81686655405846,73.08222463911714,75.41012369102612,83.59748189925452,76.78660688713222
73.36772206371444,66.11012428842872,74.071747499857,72.68020924456924,73.48576396700034,70.34196826391825,64.71622386481948,69.91245637426084,78.00647156876776,74.1932849194933,77.22984532647645,73.79261435873192,65.3839940200652,70.2709674805304,64.61968196437707,67.89082319516767,64.8149572421573,70.47463573154963,77.77520065449498,69.81284643738545
67.49007783627955,59.813618740652515,67.24295119722399,69.87740504068172,71.54840502929692,60.29035386187511,59.97111374035055,66.45530579422781,75.50117132850765,69.27195520610402,72.50140826363756,67.34211023959574,63.2533791951622,64.09477068845332,62.18819885123059,62.330998815737196,59.84275762591935,67.93149837552504,68.77244520661509,63.017761821548845
63.69788015907631,56.42080326599529,66.78465233235187,62.59801727919017,71.66697268841119,57.248806911387746,57.52261670590099,62.29280927322968,71.20470865672824,63.75273073363022,65.61697147389025,57.526309513452524,54.19036419989526,63.21582143223977,60.21856700461324,52.693804819831556,56.59152101133634,63.85944980055459,63.39864181450746,57.09947148842943
66.77005446288719,56.640071176351476,64.22048537970548,59.598392159642664,71.1236685493047,54.64778273723354,59.960887752060934,54.98889148133268,68.18405888766061,61.41404711578051,60.980489070078555,56.341373890871886,54.32316417328027,61.459349627283515,56.4895622156321,50.33844861841401,56.975033670288546,59.636978628270484,62.11454056834435,57.52713419746881
68.46306196322796,58.26786541247996,61.509018242959264,59.19443618980953,71.4183527968207,54.8998691539353,63.651881358835595,53.19022219130839,65.69360253448411,65.56748711789542,62.29158909039013,62.584068008101085,54.24342223707656,61.1079927078783,60.537829843597386,52.013452085563266,58.86924516691301,62.30412496658503,66.55463823504942,57.531038448626276
71.15673655605593,63.14988929638038,62.523649953026954,65.49630163988775,68.77796329308823,55.882193142750204,65.48123994392603,57.784909429100644,71.67501703292616,71.11673600555578,65.30123892124945,63.59739932776244,56.65523171754524,65.99596912657981,66.80201298844902,51.71570873606789,64.7814845813052,61.53135278821041,72.45720910441199,63.22376392451622
71.14465032734545,66.80274059259645,68.09555500981158,71.83397552295443,69.78843572746102,60.884853005315804,68.58310461385922,56.72062004233964,72.36190031958617,74.34676579432023,68.32210018023405,65.81846898508967,59.32886919555399,69.1333324133606,71.60624941649695,62.23234298042316,69.88211613671318,65.82021931340478,74.53040824172272,69.5503956606845
72.36253240787511,71.61199102241073,73.61586712436505,70.99480866975539,71.28379522570818,67.38002727900951,73.20251478008245,62.589219320687576,74.52503065442379,80.8915544097984,73.85617989619821,68.36150164293461,61.31488779365552,72.60493261402868,71.3753563418683,69.29160764503764,70.5751144437077,67.85560362761166,76.84547275711672,76.7536542664538
72.53141700636334,74.11283103511494,76.64381479939414,72.78412267957395,73.08721998307567,70.22743938384787,73.65136598574375,69.07932701211128,78.79825797908934,81.16562273133022,75.93757150570188,71.77792808349886,64.12714025142476,75.92032041303058,77.72641013794347,69.46382790965711,72.40409859065682,65.99897699883648,79.03467873592535,79.28646053198278
70.75256089642022,75.26684371086668,77.22396110309651,77.74292772685484,72.47818701500732,70.9088655264111,69.36077895981478,73.5964362084375,79.56776736766147,80.89153130544814,80.9394278914992,71.25655986383728,66.83478909294357,78.69392640497276,84.00612516344458,68.34776439701476,75.94314775016741,64.35711186316477,78.92608407272259,80.43007613440697
72.27172842327103,72.36425308336436,77.39655590845767,77.9822548239285,73.09820375659503,68.87066142942521,65.37440581568737,75.31135735738482,82.62871594558719,76.3920563510185,85.14673322864834,76.07983261976418,71.70493189924852,80.00206062139584,82.14941274596066,73.65671384936024,73.59634288312922,65.24885996563278,78.8130835980441,77.32946011669266
73.78389886937532,73.23856410363533,81.76743339848971,84.395513501866,74.80413808484526,71.33797690960323,68.87425747230624,78.45211296746628,81.26027644421136,81.45310871055807,87.65746563352313,80.5366039689252,76.64981255968085,80.5229418917222,81.88929465516003,75.25189266318735,70.48648892571833,69.30403538190127,75.71556669105607,77.39875031264388
75.772327043872,76.8929260880543,87.68341166247777,90.43576559041473,79.40066773973759,77.707032199299,72.39409174966649,81.2094544916443,83.07441894490263,80.48310024012234,91.0208552463693,80.96318928835348,79.45062529121086,83.02653902708715,83.52467302988202,79.86261056784578,74.22785167456526,78.36803456928224,79.35977769837996,81.76685689309909
80.65765305033226,80.12006306120811,93.2818748127121,97.31070379637299,87.8683914690641,84.27413155943772,75.35992205105713,88.84540104992814,88.96334553776497,85.91325183793731,97.73767285739143,84.1379086798525,86.1277505587012,91.0199113288413,87.5447374056911,84.19349351360992,81.15406196472031,87.6175255765765,89.08527472272817,86.70968566193514
84.48970537622705,86.21264127183787,96.88661326685289,106.36183344424185,95.21218366576302,91.21184612072862,85.2204185930774,91.6395509643956,96.7401386563605,94.9233535207667,105.18414574781562,88.80851459486684,91.46557162457907,100.11410086123553,96.56796970768895,89.53053571674155,89.21089949536798,94.25330331507497,91.94466970276677,92.66945861474458
93.84782133225133,97.56389784818657,108.6168453550504,113.76136149572548,102.6600645344287,102.12584134660474,92.45035393460418,96.47674929510437,106.21687161879395,104.29813761209931,107.76819205274106,97.19834244973407,92.54166049929917,104.11533263916137,109.98575455975771,93.45610562661757,92.90054263476841,104.3026189159137,93.08621795122515,101.93451049702267
100.6631350644341,104.66799538557518,118.4109224737796,120.51070740601101,111.35453437886801,114.22584731595357,99.2159146853316,108.0589461612126,110.11971522132971,106.5428539706116,110.0726587450487,105.30928711584009,98.75582499146185,111.3783173252479,119.59621001633626,97.15133254545832,99.84685798654546,116.87056065806266,96.00598449100023,108.22075778620132
105.67746154536822,107.10223054732427,120.11599090585275,124.62199599795896,117.46377064596801,120.46973328938043,109.44031112969299,117.19922869038939,117.10596659482923,111.84564923332313,110.08275545501682,114.09810720818166,110.64837000900457,121.77948095728597,122.63079345793476,102.87511360256009,102.32408724404053,124.72944590994643,101.48141115209343,116.4760838018768
114.55225926616876,111.2329053880762,126.60957989706822,130.31125461235126,122.65070012595606,126.60082011562316,115.47882633007158,126.63787415209478,128.89612676583656,116.97661356928636,117.8791723832796,122.70724337150422,117.91843795060322,129.7743294867441,126.47340591687562,114.291359604538,102.34696184535262,125.57587842091567,107.07673296608249,121.79470490156636
125.6572017030566,120.40885909350085,129.69921187951573,132.71492424519658,133.57732670661397,137.23251844005034,122.15637114091479,134.56996004196162,138.98199917612774,123.42427994885539,130.62594981169076,127.79523268339348,126.17894977793283,134.9941006003026,137.5151773723642,126.18698159232596,109.43830342148944,129.65417153972408,115.2133703447525,126.52165286277487
134.24675665094279,127.78505274944038,138.28232756423117,138.02725760959538,143.71285021771155,146.95695775377337,131.3049645048391,138.80938824578183,145.2651866063132,128.67805702173308,144.62230537275408,134.85608263818906,135.57603445234167,141.8580926158354,141.63385533647087,135.87203148890293,124.23363205160383,140.0632413479822,127.5253860048116,139.37094614112053
142.9708537582772,135.26261289651993,142.95836754573074,149.39828764002294,147.4900823107427,154.7599752477236,141.61555771190203,148.9642223285844,143.7349518062376,139.45348690574133,149.98065237964755,143.8708902562198,144.36959560384653,143.06632154417989,151.90995436377304,140.3503149652312,135.71523134864933,144.74135471444288,137.61758518150762,148.89330964042296
151.8437174609708,140.61536373324492,149.56510225593058,156.83156338622896,151.3337639874705,162.35758375425172,154.87117988213652,154.49526957224717,148.71756174590405,156.7014682126461,155.00731250093042,150.49082441051766,155.4951602226621,150.3429263474397,161.81080808813067,152.31007020492157,150.03603361336846,143.54708808351143,147.7101861010392,152.88737818288254
158.0752064265081,146.56859832440995,159.96712640537837,160.62446925947168,153.3037964650241,161.05347722483074,163.50064849903228,156.53756119661907,157.0442946948028,171.5411950754979,157.55400459274455,157.73334616103438,163.7939916104428,157.01950401943176,165.66726547883945,159.2059875606124,159.12084523415672,151.14914695655273,156.84277669641824,156.30989675756243
159.7410032491123,149.83343518211498,161.2876644217427,162.43309179193614,155.61138074314417,157.90402270597744,167.76970861842753,158.31533619054326,160.14977059893337,175.0058046933878,158.7263548310827,158.73828616977013,164.75907357844028,159.59512891507555,164.75637662283805,165.20424106267666,164.62249681236506,161.36775785129973,168.3538241905258,164.27353261377442
156.17118015990872,151.81556609036795,158.6796235283281,158.17653568615336,155.47038550921692,156.79341442722034,164.75858849430978,159.4079565154174,160.01556596029505,173.5165771329942,159.54796526824754,159.60260160252264,160.18774900712802,157.17858133914774,161.94630709656053,166.8714983787735,159.325921732939,165.3982128630639,170.2743054986326,166.8106869108168
151.52630128111332,148.55661685234338,159.96129172954878,152.73297356320177,149.51674367350776,153.16486056723772,151.0750369084371,153.00814298980512,152.81476828892198,166.94501396712852,154.9908618745654,158.0998099078221,157.20990632876112,154.94624212823544,156.10494092495247,161.96608788031273,157.1627982302418,168.53781983464143,163.10964668751873,161.25959225880348
139.7116020161373,139.6861961612365,155.68475669629254,149.69915096917535,147.46604529959635,153.43199796500272,148.64635771522862,145.54542434526033,148.34821758075668,160.0989470267489,149.80883811936985,150.58683783049744,160.2324843680303,148.77150920292272,150.8950285025213,154.69487603606817,159.00235388391053,171.53769405542397,161.48619691594658,154.94014726887283
131.74359852998776,139.16458277486464,149.49599299660065,150.94054561738653,140.88866317327688,150.04348815499742,152.6090734399513,144.55404148441642,150.73475670349683,156.35630333111658,149.12346477456057,144.72374335977918,157.03751741563238,139.1779354423108,145.45842590466108,145.18646219965564,157.7460943182651,173.38145252601714,161.2684957676833,153.3844338238242
131.53346432116294,139.76469359710555,146.95250660282082,153.5393523224147,139.4653428358131,149.54102615938044,150.67252339047545,144.24882140777132,144.0889287384891,153.75758381042277,153.67334952227642,138.23919514278188,153.86987860233333,136.40017648617254,141.09946614009843,138.36535463368165,158.85397735443595,173.6048910596107,162.13464354136565,150.2327065448307
130.7137370566524,133.87929388682565,143.6530605434831,158.59047160026958,140.4682321525014,152.6934609484292,154.91055041476312,142.3437916811099,146.3487233402814,147.5602190360871,151.642726866411,136.9594497461383,156.19822274662414,135.1514285751447,137.80335831690002,134.3675095819106,156.72790589205408,173.2040338391655,159.70401351068568,143.41130804466937
127.46847296872198,127.44466831378077,131.97639090778074,162.23947031210312,140.3352460416912,152.20821498271596,156.64932506061655,144.02025037948397,151.14723247021436,142.25643743619958,141.87900541024064,127.48070375197749,161.30863796317857,127.09275287710878,131.36334179013483,131.4260009297654,157.3308575969937,163.3186138190575,159.0398792787202,136.9912103684501
129.71989102490548,127.34096021119504,119.48215821693188,163.60620033555847,149.13883841975806,152.88655337111012,153.94902910722868,145.56292148545324,149.28278068884157,135.53274685149407,134.55988033405572,121.30341424605156,159.4559815622088,119.85694410173348,120.85103131293107,127.60209438178319,154.11659614699835,146.11697700450725,153.87527858469605,128.0724381053756
121.21496492408544,127.54690513373822,109.46084995232474,161.54548177855884,161.7134797352997,147.95496180459006,147.37811510131817,147.10959969844376,146.78430808521324,129.12221395464715,129.99812533060773,113.10057242091226,150.48732363330183,110.59462145428839,115.57187955794234,127.57983662043355,150.54341332093935,120.38168312247306,148.55421491844254,119.24834560304046
111.58950435670178,132.69720387831939,108.79973466073093,158.0036616766305,167.40943902114358,144.66218220514355,142.02692168987872,148.97313910397347,146.53583680652505,120.36729059021387,128.42990705818818,109.25403154630226,140.6978191202677,102.83149336251603,119.26880861362406,133.13924572417434,141.3912937176933,101.96619102673573,145.2946863324729,104.44990471379268
104.77258811971664,141.67546907019627,116.95855926579196,150.04389849051466,167.026528583835,135.64596386708786,136.65007465803808,147.42932062655433,144.17776648618099,118.2717400591005,128.8205427033032,117.91071589885503,132.4981821276987,95.9562290805549,124.69002188136871,133.04294198405208,133.1744395136471,88.11207150761199,136.26459541309927,82.91502405698529
102.46908008695945,155.92326804307865,134.10043471280227,138.34642565347696,161.8261357916176,130.46614529041648,125.31700521316982,144.39096639673113,129.73069410963453,121.90443837422589,132.8228708807415,132.15805465594687,130.97348283081882,88.03103794092839,121.36074750824613,131.31213615643938,128.29503616822436,87.51603443962432,137.75888644698634,68.58542343374461
110.4120844319366,176.91992692124995,148.37559563563357,126.91674775512067,151.9080569845237,132.4651315371615,119.75494073795521,137.86448046462215,112.06255174825975,126.91561558297089,137.3448586000265,148.66687207056367,132.1527411221072,79.9161633627213,114.07911211792076,125.84054724703533,124.41302625808343,99.26273025631146,148.57834762518837,60.30735463244042
123.6531475873786,201.0272241774962,167.5226755582247,119.71687703702749,142.55476050107646,133.86976931005285,118.44346574095532,131.72732310525112,99.4354350574605,133.35971953895404,139.52010614600186,164.41462997842189,134.76680422624756,77.31323238270313,112.45220284771922,120.32083638355932,119.8740817556208,103.22164758941547,162.80696790904457,66.96522214879955
141.15007288940072,215.2419908876691,178.31551993773158,118.62780683808363,131.8378067401514,139.94411421874693,128.50572478494735,129.98975199534044,100.79978011867117,138.16323756998278,144.17786875101348,176.42403623792327,133.09899212241217,85.07123549644285,120.22550941332504,120.11521087626848,123.79833298748001,97.50806114896606,183.9043437979937,77.99899124739437
155.08824122537655,222.25104117242898,182.30120549066427,125.95331512737125,126.5112396950251,151.88521524578434,146.9568960563118,132.22200183656236,122.99619087785753,146.02291480515785,151.440668553584,178.51448379580378,129.97923613481512,95.7984479357151,137.8723890480073,127.99110506167997,132.724059671008,88.80769235987421,199.70013139702436,93.65279474490175
159.03248587607948,220.36963720436552,175.23528691553102,136.164597251796,131.45304194383706,169.96530017335124,168.85223247352516,142.3722850616762,145.5897020717741,147.89669224563218,154.51014412351637,178.28082970430216,130.1160018644728,111.40182625997328,164.72413969912702,143.61270424152886,141.27302993869463,91.2696974879107,204.57334969609857,108.63745999594578
163.39646086368919,216.07755344583236,169.9374451736674,150.00539071234127,134.49381900574613,186.32888226366978,187.00818608793705,152.12669080846985,164.20534337025305,147.30536672789427,158.6733025296555,177.37404409984774,135.88044901260008,130.8437441493754,198.26910105179937,159.83976055506076,148.3470430821997,110.94651417388921,204.11018817798148,123.19382423885975
167.36437034152522,210.46418105776496,164.6744422262915,161.8423477536423,134.14721993547954,194.11362297725026,195.35011161440502,156.22743149016907,181.69619360598813,151.47059651987223,163.83150463270917,173.4085466302999,146.25095373164928,147.6437787658786,214.54048313386414,174.10249838405036,157.10043800959036,137.56110010108634,198.86024103060612,136.37537093642692
164.79444095317393,203.1075077995136,165.46722296681264,168.91273310585683,134.35477984564784,197.64515841375015,200.6686344737193,161.97752057805195,190.3158835734105,149.55194924352963,169.51343130259087,170.200481631798,151.22128813127605,163.63147618254308,207.67138902691187,176.76247221586902,160.99794419771325,163.86985880842835,190.40285329912555,143.62847335965884
167.3518662080929,193.04526049145932,159.28646380319225,169.96314700352943,138.7163296530273,191.8748913201296,201.7407089032811,165.3947760609644,182.81175154715095,146.1205211504663,168.82947646163137,167.25055685501985,153.95002330563773,164.24272989198082,192.9034923717852,174.4165956108972,161.18929328999826,180.1869689954299,185.10409108614311,149.5505007324653
162.6018789598735,183.48481930998813,150.9213313531648,174.9964928683861,139.36064352107698,176.87633156719923,192.58071186071257,162.36608729916907,172.40990058206776,144.0267566922542,163.66264145999725,162.84139597962587,157.5789952818713,159.53699176049278,178.92505122479542,169.10653883109643,159.2912710347599,181.30463959071787,176.3521551711191,154.41868710129475
156.24722211918024,169.8676437759371,143.43430456563604,179.44526488290632,142.75777211880182,160.36766191467098,180.3519830251287,152.66423419270043,160.2531656770785,138.63506246956607,158.9036526347014,155.1546667653563,155.1330028784479,156.31621539646804,164.38646516980768,160.0733051156537,155.416247144344,173.58308335162366,172.19103615677133,152.0979251103439
149.73779611954328,155.47097147887425,140.24653029125784,172.38212537600162,146.45177094656512,145.5683526795453,166.23290826718107,141.2913267135466,150.5029873901147,135.57891531064794,154.11061292004382,144.53932012424374,151.71292286187233,150.43623780990274,149.4940027062445,152.37051827483225,153.23830042743148,159.06498534430364,161.62605593400554,145.18915056423933
145.99212170643082,147.79033061505754,133.6070359191325,164.7025318286514,141.53837268371186,137.14176416176764,154.61507132192943,138.85632825057317,142.72926713628408,129.80970319579302,150.27036163430498,143.2931208049062,146.6438233653434,145.88637209438346,136.94237116337538,142.91035542898078,148.1559471119227,143.0513590412971,155.1448620877603,142.1510567646023
146.5792542609202,142.52679510519792,133.33801072955936,159.21403145216337,138.65207493913508,135.0382476806582,145.01568021759775,139.0116064352132,138.89489595602086,133.12084084751766,146.18196126330963,143.5651718779234,147.89016435664817,141.43716808594,128.12269667931554,135.1162278013228,143.13313015291618,136.1939901818126,151.68014454887177,144.21546096671673
147.64964717205058,136.61595572307098,132.79946116205008,156.78849981443634,142.2034445948939,141.73174724859825,139.6964855870273,139.77257496815676,140.3767117660328,140.71665690368874,145.16985410754324,142.6431449780536,146.05905621094664,137.76976028662526,127.32679420056122,132.34377835589348,140.93115002247146,130.75653922313566,146.25323862898313,146.21700145252677
146.02503670950327,135.7691360106309,142.1941209156538,156.6625950746088,146.77791774974366,147.30634409796747,136.73851829793242,141.9081601664039,147.4111880249081,148.56095598082396,146.5209538022023,147.41190986688406,148.50137913065095,137.26166234796491,131.106935725598,136.52763000612418,134.88465364482352,136.11803175978963,150.40179364384358,144.0213412035194
146.45681057503833,137.981480075309,156.95968396230703,157.20009347497773,150.6934840803107,155.0111725282324,139.82867766662451,146.7535020145459,154.5563390450779,157.7674853959304,147.73711471167564,156.03086118571872,145.61710945559048,147.28712341206588,137.00641022835995,135.1657919176742,134.2707276980845,141.98502713524172,155.9832935057776,146.35590201290339
145.37886558615347,138.24817844379953,157.83232627738852,158.92856521863612,147.52262410575514,164.68826579738285,144.03760660550915,153.92631079230975,155.43523167011406,157.1681512065479,148.04032722434772,166.14705938369107,144.11417775424405,154.99030436181545,139.62890261998007,140.2301132056634,135.78746437680596,148.37145771319388,155.28080580216417,148.71694066563896
143.75938837795445,134.9659002947928,158.9013787652741,153.0760218822095,145.48753073213402,162.58251518571004,141.68036053478818,154.9981884192347,156.8015548425605,154.37125905277205,154.8210293096333,172.60346659719087,143.07668942747574,156.79358381798687,143.01351357495852,144.89887442003237,137.8684861365838,151.11180094728388,154.28714280802754,145.84096924015213
138.80181045016292,135.59431865563533,160.9115844009362,146.0186276647877,144.35801287330128,159.2922596960842,132.31118371690744,149.0573956629195,157.19252199409408,147.2913093819507,161.8465148335848,173.37626670800617,144.97086471496897,157.1719536760995,150.16919556476367,144.29879796458076,133.53010030825575,149.34284582130132,154.43352509856504,146.030219001023
131.94656770346393,130.91148390579156,159.84140356877796,140.46105182574522,138.05753107540096,152.70945246262278,126.89273185596052,141.5397667867529,152.4043926491747,143.5301928731145,156.52451828000218,170.22434391856444,143.25340668056364,152.74393414128312,152.0091327079594,141.1344927034012,124.05358604698004,148.90664369553153,151.9997603160725,143.91603389950947
124.03363049444945,125.76947239463809,150.9307075071683,139.14152187248993,128.8154565466678,146.97874452168872,124.17868275348363,132.66565432141428,152.70800375143267,139.48376300679524,146.29546364843927,168.68740346616656,136.19070916176534,146.38211429877862,144.7680939824707,140.1855528492986,119.1229791252738,144.60039992213026,144.3445854204508,134.42489093233416
122.8097235732599,119.6152408210002,140.65478716672365,130.44575094386528,118.88847569494068,139.68456772548564,116.11410094987009,118.80052877040974,153.2629304852571,127.09615711987348,137.08107386267108,165.91014797144754,132.70686252077894,139.23104683280079,136.65151266052516,136.33252067115285,113.91647937470451,140.6738870883574,140.29425337281612,120.96947809567726
121.10965365754258,118.43683766694366,132.76626315710493,125.005884373227,112.97896640771104,134.16938015002805,114.45314430048397,108.52662805142262,145.70593435737914,119.5306501485794,130.72805385666135,150.7138530867489,128.70676176354795,133.24485993959505,131.078630935049,130.46688092532725,109.73500114785534,139.94022204640856,141.8267181601,110.10697674348
116.47399071502181,117.43682309526945,128.45209213721375,121.26759071167827,108.84695999076231,131.2920563994211,119.79538159120462,110.92474577887467,143.86043472686532,117.39449962992768,131.02647555348713,141.23593857277265,118.26249334791224,129.29007796346298,132.25335945851555,132.2675443908147,114.89305579493958,144.30078952303936,134.5367705657893,109.16272970574296
113.18826198286021,123.61298643384488,126.59190336665179,116.59658991487265,113.22884175446661,133.59321826726418,121.92696570605786,117.76892469447071,140.7130882144884,116.25045290798643,132.5447115697261,135.40951624008542,111.66146886116228,132.99817195539958,128.4344394974921,137.90534453905101,120.25206431218983,151.22332155661277,124.04301396950545,114.45812954829867
117.60349533650151,132.09066487668147,128.9083159363255,116.9756438171484,124.83749721419183,140.6761539995259,126.29134371788756,126.48928699129982,140.11534843864183,126.65367660378543,138.65632613661865,138.19387326514558,114.78561697802944,144.02594785383263,136.222784855401,140.88123919342294,127.11837093766533,157.33821728326623,123.47217152570906,116.00331052379889
126.46130333075028,134.53819759912446,132.8705951805042,121.09918978594587,140.38450861909456,143.46304860191316,130.8411063053389,131.6526318326047,151.75536749217537,140.66026157902263,140.92775980938745,143.7392874733986,121.32093523811658,147.08987471207158,148.88020314183808,143.51170160756473,135.71440731958415,166.740539887988,130.81153296544656,125.89602075528502
144.27978788876246,144.51087579445473,144.23891997548054,136.75588765556452,149.0736472192141,148.11701727907663,138.26680087736867,137.38239432749998,165.62286685933103,152.48950368092864,147.99296249069093,150.36425897267378,133.35213783094676,155.571651069786,152.63796333241393,150.39469117366596,141.23195942016483,181.1859750933849,145.91163269378168,137.6949308322827
163.22129388510598,162.0106600664504,158.62298316174093,149.16168057853454,159.7974340226581,165.16038558718338,145.29628081892236,148.12505901493702,177.463567809997,161.75867517469695,159.7043980383264,160.30654216016856,147.30061527475746,168.3235088006277,164.1636532267298,158.391591453926,155.48521045770204,192.39146984180687,160.05063110569304,151.42581371049562
176.36935989031775,174.04476298888184,169.71842222049588,167.2906759261619,166.52802812766083,178.8820195367351,162.85814298651286,162.6053457130083,182.81003603494938,170.9714421435364,170.69869678908603,172.8823600185603,162.16969269062338,177.72231151495797,180.54908898308324,165.2699048885315,167.98579704659787,197.36710375615272,168.9815114728558,163.00197472261263
186.96655516498242,185.02359539308668,173.18219867823763,179.84574017696823,176.8850113946097,185.3738080563947,172.18569127108074,173.18365626643913,185.44470741106994,180.74058592039492,180.74393145298777,180.7785774968127,179.5407385014336,186.87813022436148,191.41764973164695,170.51931894306912,177.25651130606158,198.3299840075705,178.91256791462501,179.92917864573525
190.88272554036442,189.97883532835988,175.51462600965812,182.98824638195723,183.59199478061555,184.52193984684092,183.64305547765062,182.2569812467232,183.27961992209953,184.1933086120204,194.0342307533696,181.6560237959805,186.03102072332305,192.0053734252022,196.13349012230316,176.7074914330734,185.3563291223732,201.07612893783266,188.1681036201704,182.6102795206792
189.65345867341392,191.0086665236095,176.92609531613124,181.52273800938173,190.25281894744427,186.31665300971667,186.0681126440499,185.30925424155825,180.9059752186668,186.74024470088247,196.7648051366497,189.06544731942415,186.83238903565996,188.2372149412015,196.80955450189373,190.2109734951081,186.75389559868026,198.89450081427336,192.8618746143697,181.2360382945555
187.5137353269375,184.18602163376093,179.96836978171,182.16027543738,181.11573079436656,186.8866399699906,179.31185579367315,180.45879836296405,181.2882870763816,187.73299005024327,188.77221047415546,189.33491492508043,176.95842141902816,182.85055902526145,189.4489919869653,194.599525904667,191.60497800549948,184.04055729044182,193.8014876826274,182.1954143586787
183.40897026913223,178.50903494728038,179.03351786203075,172.9802649799629,174.9487416925575,179.03110060259814,174.57652559802344,169.83395617878037,176.9475118339028,185.58133719557438,187.26438160411755,180.4735438014529,173.6457535317536,178.4916016114574,181.04145450126396,185.09361797291933,187.5378621496078,171.9900675479824,182.00484487900718,174.5948831885499
178.33168047751116,171.66913890377572,172.32763908267054,162.4954167801678,167.8799353614854,168.43746852360198,169.05684317689938,167.88711607359198,172.2639080997318,180.89732887786286,173.57837154600983,171.77675421038262,163.64316213991907,174.0760740122366,173.05956464834168,171.77254861039367,175.98578502838632,164.82113806686988,175.12904276825842,170.35608349493066
172.54686561470683,162.50715853689067,161.68289891935035,160.37361515046962,162.42402603714476,155.71451113755361,162.5357674971213,158.3730015571558,162.49084095858836,169.59240715824873,162.08762988563686,166.13671564968698,158.414330874438,169.52622656704824,171.33311203038986,164.93208684733386,169.66328893268056,162.1143767918971,171.65227895040638,167.03373046845647
172.0575634391203,161.33538264638122,158.88531362026427,157.36758119113898,160.21815484736732,155.21743358054368,158.5905839020638,153.74250314418055,163.40479091595964,162.71784730281485,158.18420935173359,161.54181062987053,155.37565957150986,167.98826292139108,166.53016156625674,163.4226124425042,165.90445806588232,161.65542904666472,170.1605228145871,162.33485294896647
171.1697050080721,162.7990253003563,158.58833703048273,153.57603034856825,165.27573820256924,157.49278554804442,154.69754299829125,152.60058584156164,168.63303042979015,164.84948157215868,153.5012306224806,160.32089750719783,148.47325073829643,160.56988412349426,166.76732352164254,157.57401639877898,164.40761237785554,160.18767511948624,169.86343470314415,161.5430285335521
170.25063535321868,159.74742239458973,161.52450001756984,154.79817379716076,161.0635980417311,156.10613856036156,154.92126846519062,149.60465526479152,172.1943155065455,169.11552335186232,156.02614827692994,156.79984668905396,149.0224707574554,158.64211427589382,167.3617699743662,161.48977482796278,162.80560336395658,158.58160433275543,172.70363176065345,165.35036092919492
170.08605758027784,159.1328013291652,168.62551414397964,157.09844403480523,158.34595933917288,155.91816362891706,160.6339538089426,151.95843598630574,169.30205986940632,169.29103936821545,156.84831475712346,159.56722305427832,143.41392632488322,157.06909620867447,168.75818416441714,160.01430466433118,162.928907533101,161.44964121332552,174.41842403885929,169.76709376808827
165.18023834978194,161.19112990233822,164.7943586007349,164.36260261854244,161.85773340437785,162.74958290054775,158.60198156304662,151.7713433539115,166.48107546156928,161.49390988174176,157.31503584788987,163.26083412254349,141.00629298332342,160.64265276337693,164.05889459943916,157.79992497717774,159.02444574220544,164.69564120398638,165.27445850196204,163.63260069668928
157.5408756227684,155.67195048800932,159.27145701192717,159.1104655080223,155.3110613325889,155.96463980669907,157.02273392003107,150.51873169315792,162.53948994707483,150.14123399942488,149.50320008145994,152.84595557297519,143.86189426638856,160.27106110829985,157.01073001561667,153.3646123119876,151.95891721848614,165.36173749076428,160.90170398127813,153.94964252896688
146.0411783145333,150.1795943294227,148.66684336328527,152.5969642662801,144.5641615912751,148.71621456811928,147.7128061129799,139.09426525660638,160.12704572233383,148.20533233368576,147.9763997472177,146.4460982032716,132.8997524704393,153.058175121748,149.78561165718745,150.84984250372804,146.67678090976386,158.69269229859086,151.06831061843926,145.8078981665246
143.93395703415356,139.80235328871524,140.1019730802469,146.6464590454456,135.55593411253756,142.75177596283302,142.74251958704718,132.2374933161188,154.5951094674718,147.1528934784329,138.8948245837,143.06007667373706,132.72654163098633,143.8234374569818,138.25763157166097,140.7038706610299,147.32678649304592,144.55445542753463,147.26228221058673,137.03605301159428
139.88028227043515,132.82456602416974,134.30473459769047,143.17718961017192,130.8986196979181,136.62811302999486,136.998099050978,130.2229947658069,143.26340367910905,145.3577865671695,128.4269065610861,136.08185002052704,129.34363055424936,137.8525205710828,137.75089708830228,135.86162676863475,137.05880737931133,140.05865651487528,143.8730500352181,134.0903518947703
135.32439058045514,129.80462239343672,128.99204471308744,134.3929941447019,128.23202274501926,131.93108690767488,133.09670115684787,125.04078085174095,140.28146653587336,138.02102976231538,127.31450397816982,135.82769147169378,122.32283302712584,138.92419044919393,138.5311075532201,134.48576403813166,131.34203002434768,140.17893751266027,144.37398626190335,127.40307658354482
135.40522017814328,133.44212278615078,136.5607005242256,135.891069193196,130.03232441705077,129.79518177975766,139.41031563006607,123.90449920707132,137.27429141098003,128.67959732993305,134.09043164489762,139.85128708550948,126.98946847289254,140.4838514629234,140.335559882152,136.5374678251455,132.3600423068328,143.02579158965872,143.73476729269382,134.9586169312916
138.79575496191518,140.4110230300014,140.18824431404622,137.85360952615613,130.61060312703304,133.89622225551076,146.42656721778886,127.37748475069037,141.7289600040587,134.24374035449011,134.8161766025121,134.31026134313555,134.3470061825916,135.3987937273151,139.62221339817083,134.3898178222582,137.20162645251006,149.15147755843128,143.30145129340025,135.9495184366248
141.3090268269179,149.316790379112,143.51761670215004,136.98210416635882,133.87560596122046,131.84438551594826,146.5783911885889,130.35324942156464,144.29302861662399,138.02028393507635,136.80436902264347,136.07479118956803,132.4879943995686,140.1589746394505,142.1862849145402,140.17368832170536,144.7574951668978,150.3622931586251,143.5023897455091,134.00052514276362
146.34007176471303,148.33265156376817,135.7704194772098,139.60806788217798,136.73988841630515,134.99331449344814,142.07928171345188,135.47773379090157,145.79824228445776,143.45110059097618,140.9662078013106,137.9165119449891,133.28605656530843,146.51392946578042,149.11195049743316,148.03541721905947,146.88904781753365,149.1723841591913,145.70489056008117,137.11958128548233
143.23678283591204,144.99139023344082,135.47950774507405,138.79734339443885,137.60196555368438,134.34673562838051,139.75347457716603,132.94237259378758,145.0679244383046,147.06667345452865,140.22722098321927,136.48115800562087,131.17195654870883,146.4853162011637,151.62286988662098,142.03678917756616,145.36876864287146,144.78470761728946,152.53774337339513,139.89296469922806
137.33898528100337,140.77888086079605,141.08119487421988,137.04919516789437,141.46777360386744,137.97525553638192,134.73910294310483,131.8931452181625,141.68815282300986,143.5850250738573,138.61365968956378,140.71084225051388,134.66786779087053,141.9986633029638,147.77157361197072,139.85678017320473,148.25671585360976,142.04343162883433,147.8156097674597,139.4316945458295
134.60081171714472,141.08158316285406,138.2047506222758,130.02569415242246,141.1362821096341,140.34778974800787,136.03055936393918,136.03808846081486,139.3426807639176,139.50643929117066,137.37192865715306,138.277265684554,128.75733938404915,139.59796895624058,146.52092855221414,134.75042748148834,144.21871951555025,137.58503162981495,145.09858791964305,139.2747157542814
134.87563267292145,138.6100727073767,137.83727364841388,131.85982728065215,140.9021629267751,135.4698661097734,134.11905168604835,129.0437756351618,137.81171637762264,132.6467128804126,131.99670999486193,130.70526536885194,125.99593713311906,134.43300246567173,145.02037749535612,128.4829286325835,137.64641941072716,138.65611596169612,142.34505580051973,133.43120464466472
134.4126875228134,135.89189036507634,130.81272875040136,128.6177338492953,135.709451020209,128.85619167942468,132.41320658033737,119.75229324890748,132.20306930389194,131.7033457396245,128.2149551266631,131.39048038378445,122.57916110482869,128.68600026988875,140.00756418469965,128.17001190197138,134.8488569399259,134.73091576983146,137.92957250166467,126.52657043582848
127.48029443204474,133.7999010720052,122.44093024639531,122.49069560252059,130.4416615149515,123.09118937959533,131.3074936538601,117.45613107617298,130.36840240233826,131.8241250027723,127.91587630453947,131.19054505455978,120.42449143279103,127.953328657982,135.49841475575786,122.74638974447473,133.2807865557065,136.35852734674572,131.82203597640773,131.43222282088274
130.6631517476761,135.61605233560113,121.13696690972554,129.434604263307,123.16149011348863,127.12715198387615,133.79419714947863,122.6665867211864,132.85638562189655,127.66283676578735,129.09008551386245,136.82247667626183,118.6244317285541,129.8726821525036,135.49441702445446,125.01540906364929,130.74929329415698,134.01938332326105,128.32095793437986,133.43887681853795
131.68263063240457,136.83438928902018,121.89210902393711,130.59783512675747,123.79729158098199,131.91510170268845,130.9033649384103,129.38653803749287,135.14307894006188,129.0995155720212,125.9484610400957,134.57013921821937,118.78318522605736,132.93194764077953,138.15437968120557,130.1048701807001,128.8624782864373,133.88184320322773,134.3074859738799,132.92629650596086
128.427972441586,130.14572914373232,124.47919802632535,129.7037267030568,128.39470222915216,131.58669041857462,129.35739617677604,132.07974839608087,134.35179512688896,131.50622944100036,125.12945245581855,130.03353692219696,118.69427885204483,135.1485652117234,138.16430089385707,128.5916616807721,130.0693785142722,132.44623846836942,134.61887258685357,134.71141418942997
136.18987553743165,127.4687725733493,133.32774940817288,135.95893171643394,130.81593291693315,131.4886311076437,131.18667387528905,130.19807292533807,137.60832194118947,139.97365789662672,129.23003849104356,127.9238185338488,121.76212933608964,138.3663691096036,136.00609404047003,130.95862478052038,132.56040258174082,137.70202249626507,135.25356943504468,136.59684788139438
138.7721542788186,131.6586886098284,140.98706136009403,140.99294584652984,129.87196679215847,136.83591181328225,135.2906403073089,134.6392554978561,142.38491591373818,140.32446489743086,126.93494861542267,127.99117752435687,126.49119437798178,140.45177381530607,143.82699412087732,132.13092381678624,139.81448143007935,144.51133296480248,137.24102858408398,138.94432398496943
140.94248163704424,139.49371576720313,143.97082586023322,146.47720918926927,130.35694637686123,141.49299761587272,143.3889859273503,135.68125708468418,142.54062509178434,141.98590926862337,127.06731346665467,134.62921513913844,132.5521522726475,138.39399946363474,149.65785523167045,137.8547522417119,141.97596218226693,149.90936593233468,141.02357951847608,140.6122653850516
148.07719024954903,140.89593215327739,146.27247940135786,151.13661060715717,136.81287821489252,144.47812091879177,141.85179368259747,137.44605295487793,138.08544642685217,149.72208469982618,133.87237596860987,142.22855124475777,138.30759146421266,143.17205653668273,150.9905452742457,143.80439851683136,142.7375772531869,156.88488021303283,144.68509229883327,142.22593344298198
149.23778093369796,143.08813378971345,147.51121763156692,151.9322297765417,142.62700052189425,148.3098139456407,144.6424321905065,136.80707509942113,144.6720758637877,149.16062959735473,138.79249657467113,146.6838126035776,144.41970823315197,148.93669234204975,152.8794935109399,144.13035943669342,145.7522123756396,155.17888815990688,145.60507199106564,146.7988808556639
147.5366680981731,145.70586012426438,145.5896125003539,150.28728772095215,144.04244635117604,144.93254107902047,151.258087968163,140.41291164607634,151.28552344046008,145.01492120360575,138.63362035992435,145.72455909193806,145.82989419391828,144.43062633267192,154.473186266935,147.33951141600164,148.57842252352356,155.6836993443304,147.7654825674562,148.99996283112856
143.92425822913134,147.59397288191107,145.50221708959194,152.54314517108324,142.1333825547927,145.4494527498818,152.98152512100467,145.39672239960373,150.75886453951156,146.04747316550407,136.38740116921684,142.53336396748907,144.94985855478149,141.8855923788689,155.01599635408223,150.32700997750794,150.5573449017006,159.1642898102186,149.45622459528923,152.19293733242102
145.40280996654553,145.72639758074925,146.8096085646162,148.31508054765297,139.6035153776446,146.22503321565588,150.62507398803172,142.93515214855202,147.85461739988457,147.97717856696295,138.41028463605716,139.89430093341937,146.6054280189288,143.84452371830884,154.89483291061762,145.5418014280833,152.89387759563576,158.50780360626453,147.51072768323516,150.25257159162342
149.27758428640718,141.56264655663466,145.6329447006247,149.0538993477666,139.30799039960152,148.0821262519125,148.42853327318224,140.1803637172092,144.75464011899143,150.26856404442685,139.38420695316682,140.86691862297747,144.5133924369689,147.66648392548998,154.99053045045986,145.8990744518289,146.1082819867911,159.91016234757316,145.35766482416278,147.4650133968097
145.7360719437467,138.89349228053717,139.46921321134093,151.41407079770366,139.622350974248,146.92511571396008,146.4041139710681,138.2990831240458,146.9663992750597,150.0766039236914,140.32847685909243,140.37781617855308,140.7993709429509,144.42335206552085,155.44454785005252,148.94249404885716,143.692406221181,161.74357716559243,141.75683784950925,147.4742642313472
139.72880853554432,135.90644291590183,138.2124636030284,149.75753156479263,131.95913938370194,142.59666404579386,141.21970617567462,134.9471847881769,143.25673447785832,148.07647713119619,137.86576819038993,138.18124748670024,138.36419133702015,137.271086864977,151.17036364474498,148.22310626785566,140.58888964581908,157.4521401956415,139.47632745811802,141.63478368594764
129.7658416289266,129.37611609686644,136.51778864278893,143.65866620607432,123.42045766868809,140.4855700588322,137.788034976978,129.99051070252852,136.4414872787391,144.12739998194047,133.04912631518042,135.87490847592284,133.29802477694778,131.6925791872346,143.66180662873754,141.9968213573886,135.87414063510843,149.65659500010196,136.90174825477698,131.6805921239514
120.63251842533873,121.06239503144137,129.82511601207082,135.33836773529282,122.80040517197159,131.78197623377773,131.88670521760525,124.21055374091478,125.15343934781086,134.3084763905676,125.21649135550066,130.80519075787987,126.08257256098985,125.2543889274514,134.9267924610299,133.59043397994137,127.48547244221294,142.88990864902289,133.3824012263594,125.4760578605085
114.76473502048727,110.76302927473114,120.804818516973,127.8308753118417,118.12362335760494,122.48311789863551,124.66287983247794,117.67215088785134,116.16809487726316,124.5480836622549,115.91275562464739,124.19253257206063,121.49441989623449,114.97625447465933,126.62063301721707,124.26288231950717,117.40064245312016,136.560147704385,125.34563885378694,116.15137268493041
111.25478652478242,101.62479644517776,110.12713975348235,118.8155960082119,110.08632921027359,116.53717421051083,116.08165125069331,109.67762263778079,109.2197955856483,113.07479909083388,109.36142937311448,114.25772983071387,117.04150161832531,109.89503875301607,119.32865582545378,115.90469792341523,112.1502857096605,127.92979731761233,120.53060166217846,104.75231837817681
104.58033084488775,94.93874484241005,103.78272434747201,114.58561598933005,98.68202063057208,111.39900941243445,110.15033414239291,105.74262960097406,109.8803004388088,109.63739454520642,102.79875013800772,108.58007371237315,115.70491470787468,103.55137405496755,115.52005120858175,110.87089054802861,110.18609878291215,126.29193645043271,113.06422881394305,97.74710503231913
99.91839226678456,91.27999921861424,104.1626693216124,116.29518447841492,98.89602152725523,110.81731711190503,106.90598346868845,105.47932231940827,114.46708139641069,109.44451058025605,100.20780497127959,104.60581212629353,115.85896852213845,102.05631184832608,117.50726694465236,108.61474782072541,109.3702925065944,130.37787062972242,112.68267749171198,92.50753201109555
102.65795251043758,92.47518916984119,104.4865470846365,120.91483280881067,101.95629914212965,115.52271402208667,106.57623380332112,110.63188479792761,109.74245164977287,110.83889217075125,103.12035839757394,101.5114162337654,117.1328172013456,101.29869245205089,117.44255824138956,107.72242657153618,112.57258597258522,134.89414323832935,114.19336206825616,98.20257552086255
106.70906026889176,94.0875594642836,103.4062905894324,122.41608455726578,106.50029395030145,122.12551564682865,113.90710398297863,116.45012450480284,112.58504277762867,113.63702384152711,106.48202699440195,109.35313307634449,121.33767680370337,105.33414353496235,120.98579867104563,113.55980741010191,111.73560202724796,138.01946153202223,115.99009756436183,102.38372880333935
117.5583357679883,99.48408840336089,108.92797350729576,128.8845494231406,110.37828395083395,129.15608965703547,119.42162492612773,120.93028581031972,120.06262661330472,118.82307294955424,112.52483393616092,119.058332400581,127.06199711284044,111.23014236034217,123.41040948455817,120.81617812766335,116.02452701590668,138.80437353050158,120.9865488558232,109.65731847696452
133.5457396810561,103.30960057803159,113.38636694219802,136.36481586165547,117.87663969120734,134.65583635105347,126.52072640912358,128.64730889852717,125.97353143259424,124.67730746012666,118.15446082402724,123.60978541454516,135.28782452612458,117.18780049988895,130.20981576581923,129.77772405203342,122.22543287756078,144.3302007340174,127.27987053652149,114.97885743105363
140.30649406032342,108.09557455525838,117.86841002146309,141.70504253242999,124.378588964743,140.83948246869488,129.27078748817658,135.24749481896794,131.94220973935546,129.22754408231708,123.16234237397651,131.53345334918484,141.90028060404788,123.86264344616147,129.4039069986564,130.85835378620504,131.13633557784382,152.56958841041816,132.248741997219,116.38742478397353
143.5777385577685,107.76369294961815,117.01755314051738,149.92710052877916,127.69710023043262,144.23362031511985,133.70175329550247,139.53053097503008,134.4682757169318,137.7633298417383,121.91910575140983,131.3874335148488,147.66959813136478,125.59616028586267,124.91355363637524,135.53904382735197,131.71308291363917,158.14942129712873,131.19115067905776,121.4623656838818
143.56187988293942,101.6190637162376,117.61883409140597,153.85329433252323,124.487457688419,143.00598635362186,129.43041605515216,138.37125028825895,134.30690126843905,138.6294415786099,120.06376659949835,131.14861178221557,145.70267428258654,126.79073673060189,123.35090703235174,138.15743364298945,132.94539727435233,159.4419516370545,130.31226028187962,121.10054426668312
140.57184264786883,94.50895958437991,110.03258021450407,151.20584523267644,120.04384613488969,139.5862933843894,119.34293607649575,136.02075300378553,130.24003431587312,135.67447950222027,114.96503193343108,125.50294869890698,145.14874300698452,123.67708143148911,117.58756010742356,134.12870446209166,132.16552314320256,149.8212328162033,125.64029674351244,117.52392487728325
132.71462437736776,82.17640792415455,102.11770585638659,151.3395968476753,116.31834424977913,127.88427906793294,114.77971288630407,128.43185592989084,126.89886686248792,126.07011799365971,106.28015176518288,123.79539572703237,141.57305526304646,114.99879756466895,109.92194023940645,128.83952998335323,126.10195120928756,141.53823497893256,118.2815665691066,113.78994547327679
123.40713182815674,74.28979740839839,93.46534262802143,146.97949561949432,111.2761424322056,127.38286024369187,107.07825406646472,122.03388468486126,121.91151362694443,116.20610709602683,101.77821087823227,118.09055791417913,136.93195867135074,104.68374576913052,97.21791712452627,120.19466947151365,114.51215067554082,132.26127743977437,113.83757811981805,105.1139732609326
114.64511327694403,67.32391280851847,79.34273228369186,140.77841982907134,107.49783108540787,125.51204235409244,99.67705665377457,115.68619711590756,118.64813871689994,106.32777250932608,95.43619038872562,111.80518924508911,132.92294922815216,94.31045300353018,85.89671733594895,111.09733666387451,107.80477448040638,118.31174033330271,105.68218906875639,99.64357447839993
112.02648729736325,59.11567017726678,68.49826632046133,134.75887356535887,103.07899453099664,119.2280189829657,93.8981391453998,114.05288950379207,120.2448730677703,100.31753766767353,92.27717434382454,110.58600012866744,128.89668039391134,90.78529215518128,74.08752046639327,100.51292243627151,99.53755655532983,106.08035085644326,101.382243249814,93.11992785811816
109.43573029211802,53.17038546000759,64.081472898306,126.21973459027895,106.40410641631757,118.38967942482074,92.172412508598,113.00998066005754,117.93444530071417,98.24765097381291,97.02405047322704,106.43047361391754,132.80733835658825,86.68901582050597,67.92632343767295,96.04293312675972,90.93332682279515,95.37065984287774,93.41911261153183,89.6737775458956
100.63923579016169,49.57257861940794,59.03532276730949,121.12883065602591,106.85774056348782,122.48186277025327,87.91035771436498,115.10932348036442,116.02782179431794,92.40969728476817,98.26528248056007,101.47470500899176,133.38073984442644,84.5186081860541,57.74075818780711,87.3274125374421,85.80838732138879,85.14055708986783,83.4626022759979,82.71509494143845
97.19827343214622,45.0783608338987,56.409329348998696,112.68795875725131,111.93628308409696,121.3551373466675,86.82333459384772,114.69264458699628,114.50828117359737,87.09761407407316,96.70350802448996,98.24628983420999,133.95259963766023,83.7508118139851,44.40258933576573,79.80660266863327,85.31514947000342,73.8857196292119,79.35042932169792,81.50999921157748
91.69705351652888,40.43563900742914,51.237949828019914,107.72085351887354,116.37012718625756,124.37172803464738,84.74864595717553,115.64168575925794,113.11838784848554,89.36054836183034,101.94208080163325,99.28857398336753,136.58059163191047,80.74200767362537,31.78811220079598,69.51845924051976,83.36216204078704,67.57908847172871,77.98078466424785,79.37942275865389
85.99538274848318,37.18347484872273,45.83369354753237,107.54341966428004,117.07997711953885,124.91404355423163,81.78106863125618,111.8339435578691,115.90843246297585,92.12817300025111,101.41474087682451,96.16400294542187,138.3359453123937,79.1400023106052,23.719496093485667,60.92249838625353,85.95777657108647,56.72835632089501,76.6605569964303,78.73227608234075
82.70248503450767,34.893433439986524,48.36670448831836,107.34629180338192,119.06205521991397,125.12913280125592,81.8925244933618,107.08003038163014,117.0605105840314,86.99037670944237,103.54786699568825,94.84738296010171,137.47391612333527,75.46533531799174,13.669487377438822,57.639515463226296,80.31595220256109,46.77924266146472,75.77404323847931,76.11431955412614
82.94025540829688,36.07170654165785,49.83217697871094,107.20599421123696,113.984817781156,125.58752272226236,85.27610862043167,109.61307030650443,118.33002796567926,87.08646295069265,104.49528111782118,95.95396440847861,135.31244023330385,73.84185938270666,4.944140636768308,56.62858923854915,77.51125626046925,31.98023849247409,80.90552999295218,77.40315777459676
80.86340197277434,39.3981317987254,53.835184083658596,107.9676184381054,112.5842607744651,125.99555793627269,82.89811528654394,111.27990363439741,121.62713566694649,90.06736073050952,106.63330422927902,100.93596439394287,139.60564973398934,78.40471509435216,4.10699555821496,53.53681454958217,78.65661870071334,14.27057112380436,86.21059422105832,79.71973840718431
75.48866709597529,43.46272069535351,56.849412995860966,113.33720661100729,119.41915650337084,133.11821359191444,78.68269356412434,111.98175766908454,123.68531677168586,97.82830986457603,113.39869524773955,102.94143334164166,140.87650322493653,85.75061948820058,9.824342524822773,54.00217988555495,80.39115433517522,-1.1359908904672151,95.55478512333892,81.30542801787684
79.92618514315247,50.71023259633838,65.5779803481497,118.79012590810497,128.54220204515286,138.67041589681932,81.82397482700216,109.08239005615889,125.87684686020047,97.96613090798795,119.67784235947386,107.16243771962155,142.37310336414336,92.96456222424122,14.36457120574826,48.84160533497032,85.2424430396035,-13.088678087285379,102.18770209863514,81.73918896260437
82.90159219118476,62.97966403940681,78.04144830132927,125.4751378828139,131.2235480892933,144.12969018959203,87.38559479727321,108.64204796743051,123.35976688223916,108.12035721194617,124.58234915714887,109.2847180562949,143.4920045272219,99.32559287694433,22.2276717253791,48.57907460778973,91.61493089197472,-21.223178983809472,108.91582400805908,84.4549992244959
81.38187412411361,71.67442138493057,88.78036723239505,124.99483783912174,131.93223806565095,145.3720452065388,95.15319014260659,108.95684799309112,122.81861044598651,110.9341026301226,129.16892144880939,112.01864959250176,141.03258617316655,105.90706673834732,25.961112782268565,53.06041904251646,97.8707862240714,-31.036305523406586,112.36851847368524,84.84757709958458
84.9757999141673,76.2452332315331,98.80460569585577,122.00135306584441,131.52897877819083,147.09450137876183,98.25841334615313,107.61234647686979,122.58564360017199,114.1674349393202,131.679761475045,111.40364188354737,138.66240870231806,112.67629346681053,34.90272289159457,61.275234578992745,103.01602579657037,-35.53105043118074,117.7783826757233,85.36222221040906
86.77499344658449,78.68249068682476,112.257400147926,123.6632492434492,121.0426569100236,143.91632615437084,97.82191380313212,104.37486825854164,120.27779355110044,112.48276393246394,132.5882337848338,104.68493579847627,134.51758386045864,111.76095597460434,43.72557227930897,65.23185712171843,101.72035936367146,-33.74310558481028,117.88938044898643,82.50324816900742
84.85136021438493,82.84383385442054,119.1759276021541,118.35989370730482,114.23559300204593,137.6466923347587,96.14372039921727,98.93218196206348,112.9175236998514,107.38079393335593,129.85206903310493,101.23307113779163,130.69976545845853,107.98064780173321,55.21094724732605,68.93026779282732,102.52004013505197,-26.794951505161485,117.34473547076593,80.27300857664643
78.7508582267358,86.6582135661482,118.13066756003914,114.54884966606046,110.49261679962552,129.00672460355665,92.84048610049055,96.38081527852503,104.43116390576961,100.5713595612826,123.83829673644269,96.61926904356656,122.45321126681033,107.90742333175798,57.77384532960391,71.70117594056549,96.46855111295051,-20.85310357182771,106.9047099816821,77.43851926563775
69.36450867366274,89.29899691200758,119.3924045277385,111.80299626463902,107.96261744915351,120.43708942939885,90.34754108526522,89.75479019489698,103.08193493212524,97.38407561020125,124.33888609904882,87.89252113183,116.27592291393505,101.57141733211272,63.132153835468436,66.56005618707077,89.82884087282454,-17.652585406391815,103.21402446132892,76.49239207609008
65.53866496241672,94.941347822741,120.91626291169665,110.51388031733973,103.31317550252969,115.71869164554198,91.17650806035145,91.15392378447235,104.46363619371955,97.05250632056669,120.97551147125672,82.60413483605596,113.15549998971296,101.89884369299578,72.79514037409236,72.0287399588725,93.87401648956603,-8.864758768253118,100.52360024600998,78.82115541318691
64.42989445839393,94.00404730642636,123.24531802380335,106.63803891117796,101.66446196706787,109.91960259953701,97.54570274608479,94.44304575571182,107.02309657825678,98.81392241847702,121.42952363076111,80.47738639820439,108.46563039734664,104.60197173322535,80.70073811993828,78.47308340452403,100.20789208142631,-0.08576594962778783,97.00642159970667,86.00126699032124
61.26600325335231,98.4742510769237,132.54263662479437,109.63197261319509,103.98286162179902,111.53113494135349,97.05772680307341,95.09604781053335,108.33799730957,104.40095573362932,121.35750224893367,82.5465245615301,110.37235087787536,103.04670977250338,94.76797792372543,85.96252968009306,102.99644631073392,12.14562967575282,102.51065718897105,92.70763138490926
65.87122877587741,103.22085684891539,139.84845736859342,110.2830560296128,111.02224465083987,112.83310143911042,98.59819044440452,104.52499625160218,109.43759468850081,111.66273443474064,126.03246724449359,85.0097802143771,116.94414105442371,105.27863462425758,105.90343377047726,88.59749053036117,104.20072979323548,28.023386362380226,110.73773347837219,97.96877399397101
73.55668449806397,109.7180857699288,145.26965934493853,112.42520811747858,118.02912134918004,117.48542498301099,107.02493718526897,109.97377449993981,115.89204848363404,119.56894828325035,131.2334967123426,91.55969721411937,119.45804740794819,108.87542650351779,117.33644988861718,94.90309803995927,111.2317568253228,47.30097456383109,116.27298824502633,107.04739837378438
83.49932351255934,119.65318854164978,152.68486691630335,120.18756766069852,120.55595124300564,120.63578994297895,112.91346344870422,114.23607758197363,118.28283857529536,126.88430284843857,136.38958706038565,97.62224439129716,124.37287077999949,112.63504035505437,122.38445124238282,102.90195261267966,111.4300671858732,61.94639580725406,118.47435319755854,112.1547190466178
91.73801418192011,122.24356220833188,152.80641011264004,121.670152188019,126.2682527749293,120.66053408555331,119.44268013597816,117.86999898943385,120.38468489661886,127.57142960022705,137.22438753004124,103.73452547714646,123.65507758919753,116.81775586676319,128.03823105196895,109.79666212988593,111.68269448567818,72.24690262769838,120.89383982400742,117.57038118560719
95.01691984878184,125.78758308851809,151.70145082377124,123.32170898455401,130.57143826265678,119.16107236454019,121.88418276127557,117.10366781372156,125.69255247551159,130.36230155701514,135.62951529347603,105.17471583632182,123.20092110466466,119.66558935230626,130.644905914125,115.5330667234031,114.38355433562475,82.1281645895932,121.63465034440897,115.18078561915672
101.35553390145076,129.675557442141,150.24407970072315,123.5609259633606,129.48453080584278,118.95775497167634,120.29223985043606,118.86272166500798,132.7115465325513,130.091911070114,134.85061250000717,107.86056187320045,126.5528268043394,120.47635599375755,134.16745730136554,118.88132255995211,113.55047814519307,86.46270522444357,119.2362670723576,117.9698397194414
101.03093279804168,128.13181154694973,145.6224809999524,121.39044915411421,125.66755884695998,116.03872034951266,116.30063406653031,118.14056256701994,132.8730455057274,131.04416647128792,133.17429057885454,106.6991590316265,123.91866902178232,121.21207761769581,132.6974832664217,117.79243720661577,111.88884458265886,86.00200383822958,117.06803666155149,117.97387626249136
99.3301545835364,118.58587787042472,135.58690344946314,112.51525923678953,118.44889129247224,106.33469133616988,108.82763602390732,112.48583298786707,130.54837539415055,123.54323296539307,125.4311194524272,97.67873440322838,120.39167136860115,112.17229864713583,124.45375395547694,115.27559271177653,110.62331117598899,79.13731849008072,112.33656659605595,111.40509369371725
92.27323347578981,108.75425222232855,121.32490343076748,105.45589872813969,111.47465647446565,95.46808052403712,97.28590059048396,103.29696710283459,122.5143142461943,115.66938661331072,115.33235011901314,93.08081872092151,111.03253995314948,101.36683035919134,115.53183312896022,105.79431562111645,102.80588682129371,74.81474500179083,108.60816538065127,101.59159409456736
89.4158097926103,103.29576756133194,107.35594282007054,95.12434977047671,101.87313271654378,91.35000740282614,87.71461170132434,96.72906472047836,116.8543330924756,110.02930535405845,105.35311959148444,85.41481420704146,104.68038158053636,90.97609507806135,103.85933191116128,100.15798324743858,97.40135995607172,66.46628953413516,103.16402003913619,91.63630756767577
85.450275078981,98.24030648635703,96.73549368137405,86.64568224281453,96.65088384086208,85.0605178472132,79.99460022199122,91.24039009865015,108.8929350443768,101.90029227569377,96.8800554508282,80.81252457055048,100.64610819932517,83.43028832481644,93.778989799802,93.05058545890654,89.02624529186386,57.393966990787625,93.61087452084413,84.40359608797485
83.73915386145141,90.57112217103459,87.71131569272893,79.13930052190508,92.8435120746768,79.41405387780111,75.73120624725756,88.5328370179412,105.45655807892375,98.96363367301235,88.20381419873402,75.13756115702093,99.30378431584026,81.22743191511479,84.86880929101658,91.00530331656906,84.0834650390899,50.76938880841679,82.37493041817336,81.02146578122348
87.33054692654696,86.64682546743039,83.17397916108399,74.2296867394477,87.10366458484783,78.29862246063402,74.30973021761217,85.51805490012428,102.857538607112,93.54514609137952,85.32635957384437,70.07186200234891,97.70460078983588,79.4649097870801,83.31901489346738,86.18747221761052,80.27814289772212,52.13325157062376,81.46229815006404,80.4888828866575
83.88616064018275,86.00197227391843,76.60046191087102,75.08370642017748,83.0018493196288,73.34671830778277,74.2243234746807,84.04462359065973,101.54960273660572,88.40099294093744,82.254917888427,71.86896000341898,91.2605759540429,79.74415709935688,80.60737240958237,87.66323818267637,78.54120731405746,52.416486630048354,79.5846226324616,79.5076643499351
83.99593403611199,89.75684493080685,69.97638066926244,74.6346252358754,85.55480199455279,74.47490207919444,73.4093747357197,83.18666654351523,96.8548628535137,85.34383039803733,82.08838876221047,74.4081630183848,89.65190759060842,82.29855041450973,81.29073671007323,83.25054460180655,79.24894474787502,60.3074416214748,77.68776765714568,77.4691167897409
85.41132245733702,88.57398112332473,65.47961810508545,77.67174701321089,85.95507176392557,79.83144256969398,71.0132391391778,81.35911934301026,95.05719972938968,88.48691129751505,82.65923175270193,74.15611429025664,89.77025234726166,81.69097337062308,81.09875476277718,89.10131074890054,77.87642987012485,62.982150027778125,76.9760820312816,79.2605046269569
88.62715238167544,88.31688969666412,65.19495901023186,77.33974729695052,83.73776685921541,80.40460621393665,74.1580967715768,80.69473288691825,91.67675601303273,86.3249393979448,84.91119729996727,75.52549546593652,87.02733770389703,81.72796842510431,87.01867695441635,89.26382401158143,77.95913871617972,67.61413198863669,78.24103963141995,77.56307212491197
90.12641312815757,89.43325691537197,64.90402293771825,75.83492618361007,85.42935354619581,79.8911609070139,77.09992209947984,79.11253272252432,92.57191176415093,83.5160835089848,87.26579567150004,81.36729895509224,85.98118753930326,82.39441257478701,89.6046787767866,90.87976316342166,77.19780495158443,67.82000735460042,77.96209468641081,74.42095826588952
87.44550818200692,90.73885001259166,64.22033474118096,76.4302865058758,87.04605040329673,77.91242877297604,75.16429848305138,79.18448015108345,93.08257572210317,84.0070891223423,87.86721398306102,85.4002872229411,87.73445272641308,81.69292930369473,90.52967007871742,86.46667126685601,75.56030139397984,68.28666883390656,78.68108155348592,73.74972479755326
88.0507482626279,88.57654499267892,64.00305361145546,77.84830354110636,83.97613183434869,81.66827439954689,74.30332329599898,83.3128107825914,92.09247213923501,86.87370852372615,84.95848002184182,87.21545232650963,89.45296582669849,83.63440019669314,91.54340241818872,84.2745809040473,74.71386527691173,70.27831626408005,76.2697264808286,78.95553897994454
90.3161270866397,86.58436834649787,65.35718018588385,77.57980442252716,89.09209164879125,86.87218067518711,77.1568408349972,84.72409675882461,92.53761991651989,88.56226502356652,84.79356557644424,87.14720609118194,90.3224909405215,87.15366700682034,94.36913288611314,83.18126916913688,75.07074304364374,73.503746163722,78.2055971076941,82.33444240301321
94.74735513407316,89.34935645060331,67.62760424344792,83.15264640877173,87.80243094312195,91.5575456264624,82.38498632571444,84.68396246712493,92.88100314378096,92.82743652596103,87.52850173962015,88.62549291078116,94.66352695042796,90.01520423694939,96.78149555675633,82.44601639343746,74.58436724922836,85.24727027365469,84.1371734692469,85.6851488552338
96.01573361622981,95.05879392449965,69.02543731764106,88.3256561136609,87.65062725863835,98.37074571027101,87.24184209572542,88.69753726205573,93.71889323092296,94.47149290316098,91.88244863374125,88.93091422654417,97.03989279729106,90.32242139971834,97.46260570646619,84.35299947184973,77.80297922949364,92.14252081732727,91.95789974009247,88.50247299839342
95.37840244379713,99.5347570465726,72.68007916310354,90.24926142096037,92.87111677707298,100.95020816527521,88.53203512093843,93.86210877832163,95.62497166793867,92.72289225043609,95.9039026368197,89.34270076434214,96.00407519455244,96.34998378535504,98.87903927194581,88.58158466610213,79.20103077713581,92.49780596113352,96.7597176344253,93.5304367774818
95.37948778614616,99.49104592902432,76.82466262028467,93.71022436606796,94.05044167731069,102.1154945510217,91.238603455839,96.58797303389859,94.6402814060571,94.54323836150114,96.27513251790333,89.8656581568854,97.17518952339509,103.31472115096766,100.95856116161796,92.02016092367157,80.29342048535622,96.33587037713824,96.20734406334725,97.30227483934094
