0,1,2,3,4,5,6,7,8,9,10,11,12,13,14,15,16,17,18,19
50.57985456244209,50.98168035605483,50.003537674596,53.36021609487046,56.0254417854271,52.92019392853497,50.02364654573834,53.0804262512415,53.60252021527205,50.80245014673989,52.10516887889867,47.062180186994134,50.695123601371655,55.25852270303202,48.74263644204005,51.40526883019441,58.66412643509478,55.49066364342025,51.08388766851228,53.91413804129097
53.73619602649537,49.75009468698788,52.353499336737706,53.495932824291906,54.1771894437723,48.232065396782545,48.97451450323269,51.683254907185365,51.29791252883398,50.846496684255776,53.3978499392962,49.93015702034547,49.16881211971973,54.63075454679165,48.515615392111116,51.89255384876843,58.175277525343176,52.84975823855797,49.34251785339034,51.113829042525346
52.23493371632806,48.227435536092145,52.05858007924077,53.760973661031024,54.79404511457862,47.31541428460168,49.66848829802732,48.395544408976875,48.413580746616965,50.925582875274095,51.53701486294051,51.39970892039089,46.62738326209445,55.36999435286669,50.863287111334614,49.244917452724124,57.54245930925119,49.436039228318364,49.83344011622225,48.32723021258523
46.905997722166866,48.30499969928015,48.94451281234724,53.19917171358355,54.25589270060165,52.49420322699674,51.8892049785954,46.74679237725505,45.89491519198429,51.97876469264062,49.37685434042902,47.28053697007853,45.66014714194317,54.46693596300469,50.91406558894785,46.90111155277525,53.23402158982142,51.64931989378489,50.695558697898704,46.19989636061087
43.40888690554664,50.048773636040174,46.23196740774774,50.162065667397194,53.88674617925153,55.017602603685255,53.56957604839101,47.52674777286176,43.13861739185308,52.338979183135685,47.84855002944896,44.85370066736439,43.50601107230762,53.48474357687846,47.82242304824002,44.85817412881531,49.92572395026976,52.270755366118145,50.34292907307415,42.751396089904055
42.68602848747716,49.28177670072832,45.12382998081883,49.61263318105945,54.59482151828344,53.251643457185615,52.220504413189715,45.856899343160975,41.80520036268247,50.49936240025295,48.36077307679527,44.92599721001881,42.22335747671024,53.11367123114965,43.723611443954184,46.43256033187243,47.45638959509222,51.13566925172522,47.87180329639175,44.34837560424211
40.35385884164473,49.27041642613991,44.699732712401754,49.818363076614816,53.017551302626075,50.6136801710783,50.557579148290706,42.95113611356663,42.919832868153065,48.35765980065784,48.0458764776996,44.5068274229044,42.991196370351716,51.60084923181745,40.675165390071236,48.07835941709111,46.36707033732678,49.80438318093198,47.46702598781345,44.52590880773716
41.177183657238785,51.69508084967915,48.02841847290888,49.3278343649271,49.78183470161212,48.365953186410614,47.67080712986707,43.83708047274704,48.186237263909426,45.40332482283934,47.58101915823129,47.33144842128366,42.406914568732184,49.41785232153986,41.51780250991841,49.30015499582011,45.94342135474384,46.73786527321421,46.984873473440466,45.66101263528619
45.12484853427415,50.9130304504319,50.764308633490224,50.26655764078881,48.65407002327826,45.837621235067374,46.94127932614282,45.43106419757374,52.90553295539889,43.65635475017233,48.44389863437111,49.220448331616474,44.56303067452013,53.28077577689488,42.624299080589324,49.71517020165816,47.10425472230389,47.34931457107869,46.4937898110571,47.14720257572341
49.03665071010217,50.32302759307051,50.224473097092044,51.64812977811736,51.87198330051148,44.31916863332846,47.459554863383026,49.58762293045795,53.68105494044659,46.63686050512839,48.79674472561989,51.45246553753531,45.52110880021221,55.79978930587153,47.23062978711336,51.68235447395248,50.99136138049043,49.224206445500585,48.13102124348816,49.6550704272126
52.338556727395165,52.52882289860902,51.21356411628905,52.79032058839339,52.36103994127761,48.9221884087495,49.48692177563885,53.43020169772978,54.81031846568168,49.90241721953977,49.32503001886883,52.6758909365906,45.538427838772655,54.058157703234826,49.86081318692748,54.4912287547952,51.5263134083871,49.39242317165848,51.136704259849466,52.00393780654888
54.38648941443831,55.005473942082304,52.48484783865164,53.2712729815273,53.457956857482166,53.64167896802895,53.07035650716497,55.70012943144246,55.07523284826068,53.867601741390686,49.14203136652291,52.99478923692142,47.22045670953682,52.589074953056894,51.16413111117447,57.1495939235617,52.41128211657879,53.71827248202824,52.87991873601566,53.42741894224795
56.06940561456827,55.60958545258117,54.24280183574459,51.85848894148978,55.653194876611494,56.64705232183924,56.85846971701812,57.05767943900219,55.19682007637491,56.98128143698279,49.763339906658686,53.408254972946125,49.10653583636828,53.24134363700183,52.155325391799764,56.9620280192619,51.346519389382365,57.95899552149611,52.84648381268352,54.542244493526205
55.385763591798344,55.751383847578175,53.49573718591397,51.380732257091935,57.609161768070045,57.73491046016925,58.08841276615591,56.83972285600435,56.11945631316899,57.84012264711355,51.8997571906854,54.192852935880616,49.66307813824871,54.556023089866024,53.16647288757792,56.045475980642365,52.89255752759203,59.22587490945122,53.682960192731514,55.343892020534106
52.37590703848887,55.991520350183464,52.98988821234375,50.95929509237846,57.89823689533043,57.242101969906976,57.01360370353367,55.849979793784385,55.731068872532546,56.636909813353114,54.4100770592415,54.06104279301004,50.4738492545499,54.24550529695796,53.29062114744851,56.38724449294615,53.722389103450936,57.09225107667957,53.36727524439857,55.3350083720434
49.706829215204856,55.58710174022102,52.9856763441323,49.631191974676334,57.87962815973878,55.13960206198259,55.070566007975835,55.31508833969491,53.453035473414324,54.246003733455005,55.48331407915605,55.17750030690359,51.640893820541415,55.274358320874796,52.59115692731967,57.711892234371284,52.34196757648387,53.51138212688713,51.771401596383,54.61165725033159
48.18979622702254,53.05238390996856,53.2756635407517,46.59882394225597,57.75304991454573,54.17456309533301,53.135410925135865,53.981538041950024,50.960413867124366,50.3698372348631,56.1148437969035,54.27082929068323,51.10550649516118,55.05281345699224,50.087862983583584,57.05912661088878,53.40050512830893,51.16900704065803,51.528127260290276,53.06614221142879
47.89984413838692,50.198908112782604,52.923894105581844,45.2045754177973,56.707612287023125,54.1227915196711,52.186410181586275,51.910485378632096,49.48766960206116,48.52853478705703,55.70398792263826,50.425736781585435,50.55638071861209,53.88614542394776,48.4829456604269,54.66278928300167,55.67156513119014,50.411437995061014,49.51402516179971,49.2357054047109
49.26032356822184,49.01767682491433,52.88953250687594,45.83653392672762,55.86626343706794,53.42616385497135,51.55348935797848,50.33958003069018,48.571076651107795,47.214277302607876,53.71347203985105,48.15948477857467,49.14238476381309,51.655533299008916,46.934568528128096,53.77140895744331,55.55990217395647,49.37089295633035,45.74905034261046,45.39244370447467
50.3465520775289,49.015159261717976,53.2046733690758,46.814035830323725,56.53198938399408,52.576679541717134,51.19774191050209,49.20279048781035,45.29701166873802,46.59132878374505,51.100578928086996,47.5520171201988,45.18272566725385,50.60278663284732,44.58000253104583,53.31840328382489,52.576860168161,46.97565067887732,43.04699874029235,43.83460238857182
48.192310110011846,48.86549279810887,50.91498422349796,46.75241718049965,57.4619208271333,51.59879721706778,50.3684305417206,48.45297791720536,42.0429288884504,46.44904047041941,48.95102338209329,44.63945253437911,41.906227087462256,51.15734442250099,43.01502584495044,51.77713880246613,50.152867472811074,44.3388895563513,40.20190215820837,42.98416114019651
46.497310056869836,48.066202762043176,49.3222645598792,46.33425332993722,55.75486104689011,51.313765033173816,48.34283841655392,49.24479859242791,42.12457992223422,47.369274415758035,48.14336791534518,42.659165245294986,40.38978243640547,51.495674502760075,42.252408324151304,50.76203421987317,48.88852047274061,44.1802740404943,37.277878745649616,43.283269867403355
44.854947851713575,47.18276476253587,48.54781674515924,45.88882543160616,53.392034379094156,51.23945729462173,46.9657699119849,49.62701608949927,44.04576612892957,49.14808626700035,48.749668021855086,44.45948408587947,40.32198448081504,52.6001565953587,42.319597547208424,49.058604489099466,48.38808066660554,44.29990059453868,38.233112295350296,42.94293935440785
43.770025102942796,47.64684626497687,50.0601135889066,46.11167847163636,53.30550545520011,51.63475931491222,47.267977431019894,49.64318242592391,45.26602851022587,50.869033700525726,49.036151865734446,47.773976460782144,41.43427913949762,54.3549171459575,43.05185648700149,47.12869091488943,48.45654286456721,44.349008938953794,41.50609049436862,43.52033028605491
43.997529369333776,49.7029172386082,52.674396095312474,47.5509425735978,55.341917419494905,52.64653229823417,49.111019197967885,49.8724441039606,46.03628944763942,53.397584303606656,48.59512102920041,50.864500647535365,42.951189121458405,55.76787530593121,43.97455694368042,47.95665499465444,48.982321811254266,46.27738354189127,44.54756641461697,45.204403220328764
45.004351147163625,51.75700595623783,54.2799171452219,49.476521844172964,57.37792732582348,53.421973824393355,50.67815467656052,50.19535393956782,47.32731753219248,55.23592408542551,49.01930572747826,52.74775596457428,45.27856077712283,56.98133851591976,44.61737632307722,50.4138937274113,49.03272898751404,49.4965675658473,47.02884614787883,46.985949501252634
45.987431048726286,52.628821220893066,54.968943126127975,51.17184941736617,57.77431273336187,52.633715331180134,50.93166263396019,50.76118672956781,49.222524219262695,55.495108804002015,50.104347916426406,53.976288130502404,47.46216554854467,57.130230566755316,44.94304323783012,52.3357709168315,49.318190614033355,50.97564051101049,49.77698375428979,47.402269350329256
45.973081924237526,52.26488032193201,55.73000324147668,52.29275599995046,56.915622641005584,50.46072493474273,49.76172702586671,51.783727035676705,50.83049654644227,54.73426403940342,50.27246457450487,54.15557522006123,48.634879348371044,55.33041768949957,44.84345798862148,52.863742653879925,49.802092088166035,51.069338174749255,52.09077282791873,48.126172365896686
46.42593048595006,51.092161718853646,56.398469522112066,52.45221703864297,56.04188595717685,47.93853553524524,47.851050335604036,51.73643261753225,49.77769078020753,53.76090220997593,49.699535054009594,53.69252771618851,48.85045720697404,52.918357258150664,44.628443785895755,52.1036485016363,49.3063109619223,49.89387943395882,53.201208819991834,49.955375674607794
46.675712196747575,49.597040598609496,55.81488652010084,51.45006002191234,54.95042164432026,46.42235818550263,46.50676246436125,50.282814205768396,46.975421587086764,52.19578313855647,48.534659113241574,52.65204626768609,48.23492794036058,51.075886774965866,44.216447648579184,51.2501455821661,49.391789872082775,49.09285048896703,54.60582703446884,49.68940813464385
46.98135618655311,49.04308807514678,54.34687417320973,50.27091051862631,53.07299921721501,46.27464220614891,46.43682281689525,50.03623568791719,45.22035350357681,50.88126845354564,47.39837725837134,50.54509684050547,47.61372270359765,49.8773416129541,43.81195068270371,50.983334462778785,49.91460347140603,49.910699226747084,54.9402543544789,47.20362067811699
47.928755706459384,49.30910559369217,54.03675836481809,49.67130109143127,52.554690747901894,46.954505916879384,47.92592746504145,51.11252354163694,44.58303972332933,50.29290614172449,47.764165544906774,49.64696422488293,47.58346950632022,49.60202523110603,44.455521904610706,51.583833714919436,49.471846810592005,50.79404697879891,54.08585152768757,46.58046531656341
49.33309001579261,49.819182595065854,55.278395781150806,49.022718930611276,54.20293248006761,48.48007802000948,49.6857800786923,52.54663776263909,44.44471701351984,50.72484056802081,49.882030666807324,50.26547280219138,48.02971065263748,49.98863838432328,45.54711718235427,53.518022607889684,49.388702926265466,50.938941046772015,52.89670373825155,48.02503858710046
50.92509998650361,50.74637862397623,56.25328517407195,48.41669360351913,56.51545660817819,50.264639641466545,50.9532039552737,54.24345010638473,45.59459525414541,51.97712150492711,52.13893697085796,50.930592446439505,49.092073231729366,51.0901162695114,46.06025716643233,56.204694184418,50.69033255361339,50.17508214286366,51.86545544025733,49.67877821701221
52.26776842639492,51.64823556752542,56.21347396051131,48.05131708448662,58.62700034740797,51.75593345425261,52.089769461089794,55.43115876179945,48.15063335583851,52.65070712742719,53.33822412431098,51.689964803439395,50.543372090683576,53.34558643771748,46.6122092446522,58.09066293594976,52.718489293497534,49.075837123151004,52.493186449419056,50.725022004053734
52.948808037053396,52.46902249546349,55.698101973400725,47.62705789685982,60.3539175439383,53.82838470853173,52.48258876539532,56.06957521558869,50.298367867081296,52.21313581480737,53.08166982416753,53.02872871527677,52.94735097323078,56.646592014832045,47.730580002942744,57.882813479095155,54.30624596148021,48.19967396154421,53.17520060959041,50.84812785324034
52.52589799446948,52.08416976982787,54.43454799003649,47.35223760553992,61.89133363391256,56.06701214437457,51.72371589706358,55.0168645595342,49.858302090727214,50.71647747856392,51.699588305068225,53.24062620327456,53.289669713956314,58.397067765459994,48.66529220044214,55.653893208220886,54.64995585072581,47.98178415056008,51.44302186529709,50.2483461601146
51.06674007860015,50.27425074841674,52.48945095251409,47.116659395046035,62.0368314823917,55.68547066616062,50.43798988765278,53.339842655219734,47.436214836327125,48.84762826638699,49.92396486228495,50.8769835819078,51.27024762209623,58.00667042545014,49.13757482497916,53.11860178979152,53.294244789613785,48.220513211574875,48.482379863722514,49.2457369886241
50.12845106828669,48.772833906968444,51.555437529864854,46.77136061426242,59.44108841218772,52.871406060224096,48.81846657565185,51.42291756712206,44.81437361134964,47.018662894650234,49.06110166785527,47.59266530319251,49.25437287135815,55.58620064405173,48.90849859496706,50.85692809678382,50.59744056711928,47.25837991590979,45.356338400685004,48.136302700887924
49.00824761229315,48.03580135591106,51.06321042704271,45.39208011217852,54.935656140902374,49.99443684464703,47.35327083970535,49.097925908452815,42.67457905560741,46.0546092162244,48.81340902824579,45.58263554651027,47.669054294539556,53.03260604374347,47.511881742577664,49.42194698010322,47.554746008433156,45.48916218998279,42.97515105900899,47.205627413972145
46.33621625752356,47.538564948239426,49.43090170421763,43.61324198404276,51.216870031483175,48.72892391520096,46.96179715101122,46.483777675667504,41.70163386508748,45.94690306547631,48.319633867408406,45.25122617195704,46.53064663327339,51.148051515771925,45.425755280693195,48.62211929960834,46.22028575284424,45.34866583901915,43.26312511739466,46.20895977072613
43.39972830614095,47.92967040130174,47.07642042266014,43.04255349194298,50.284436657707666,48.92788510243762,47.322536221092435,45.83395451668091,41.241368968073935,46.2485065860969,47.98094718406702,45.60524350757095,45.60109407308479,49.95373996799547,43.77739303922248,48.24443259486509,46.46946235451066,46.29689779846554,44.61184966294445,45.80436589400237
44.24985085995431,49.86575821045194,46.26851725227305,44.65736530670384,50.906012425531415,49.97937917310102,47.975372436585126,47.558336785782885,41.368182991388075,47.515915356659455,48.86427960930988,47.35103941693979,45.25226738444797,50.00267455523745,43.13165079560946,49.253960234233645,47.96975950734325,47.31958123617958,46.05841040280444,47.58662940953199
48.098549331742106,51.60314742382635,49.17108269522247,47.440539006715355,52.3190126745417,51.173185812360764,48.29186486857057,50.908123393787704,43.897889948488626,50.05438227470481,50.94651334307654,50.05781658035554,48.16932477824277,50.99395165540694,43.344440615273086,51.7382527456409,51.77217165946718,48.22389488441164,47.58977662251129,51.10267754628237
52.158368492681554,52.60051205888298,52.2821281495528,51.05934159644096,54.86610667501218,53.31978070215794,48.67694909451948,54.95682087643791,48.826464757861274,54.74254829356414,52.63340847019885,51.9755425157488,51.89831432506686,52.17685175814661,45.18952040159264,54.33896957531525,57.21161793886355,50.46362602247315,50.328847553855816,55.04934329833074
55.07886835682865,53.80419728711124,56.193964227229344,54.455287270500264,59.619707389643175,55.16891046131594,49.91982423569361,58.44987073434502,53.50943191070044,58.24527443576688,54.31230235297217,53.51140088013895,55.24844876209506,54.72785286892813,48.11145567754204,56.360715546690656,62.5058152443247,55.14055264695587,56.085061323260234,57.52937024294453
59.302460672764845,57.04424168803294,61.72117937626008,58.02961678526308,66.02069296735641,57.892561921061535,53.1630538719228,60.978065329582755,56.031528445556305,61.80117397628319,57.10932065001196,56.78807810740103,59.24272510525368,58.975642337969134,51.308783849633414,59.942739146012705,66.51259892509816,59.43715956371367,64.52244195786278,59.31040363935886
66.34511985518483,60.051027104141376,65.83570990813836,63.84986548164425,72.42155189681849,63.09704761861759,58.47277528954385,63.155574089449175,60.103674705599985,66.51385230387248,60.471158798768045,63.907215180136504,64.08331082134902,65.07769375133404,55.34721729192045,65.46451553068903,68.92274635639374,65.26156592307935,70.5641182070927,60.697511975976646
71.73186310563922,64.27389043293067,67.65113233240925,68.19008199032697,74.9879707148275,66.7630523266151,64.97522338628646,66.03521676540632,66.2102457085014,70.10329884417666,64.3936223224615,70.05450499659139,69.17891546122951,71.47120987458248,61.392144695037594,70.62270880942293,69.36642204101148,71.05539836779747,71.13938486687667,61.859189452709835
74.30587493736455,69.54019611390937,70.95860739433114,68.17589613445905,74.93078199995288,68.28907286997398,71.69512099885318,69.73651205273785,70.98723966428085,73.77808555430121,65.66282106189375,72.33289361526009,72.2564511141555,75.58056499993414,67.83121796717876,72.57477106666043,70.27114322012736,74.04428462036044,70.44275501278179,65.16243152168069
73.4280179146261,73.02632226338979,73.43216609954794,67.76848462435404,73.05393799271498,67.82737057678936,75.40476436878127,73.03641995503612,73.70855204144085,74.43141291914215,66.07063631612279,74.15308886962856,73.76679736395856,77.83256604487975,72.24893495473913,74.12036006147117,71.69685567194266,76.78035885599274,67.7504242919591,71.85825371366177
71.93763500414593,72.48170391513209,70.83060627159826,67.92276467142091,70.85842100496448,66.6785018707067,74.81252212797519,72.92609374549535,72.96647730407147,71.24748662627842,67.38666625304049,73.56343309325536,72.48620635851952,76.38783167321435,74.49209903553563,74.73538970186628,72.79599205514437,75.74518432056882,64.67317030980064,77.09334385503188
69.27515584753804,66.42182049021311,68.80894602894061,67.02782395061209,67.17639478231224,66.69692994910122,70.65660973251579,68.53382117746277,71.60020318490113,68.98661671495917,68.27478688505803,68.36131765605964,70.2443823884982,71.77987536901469,73.36311789900759,72.32950748521354,71.8145021293328,72.61471939191875,61.50681088067412,76.49488231930926
63.90154113157239,60.917720422736494,66.02115354857722,62.308879561998424,62.02807435087936,66.07060119162747,64.75263355856984,62.317309248394174,66.5159225061594,64.37482964200312,65.75345022200301,59.479280361132936,67.40121114017106,67.58273231579139,67.26964993619525,67.10723110956403,68.8623129126256,66.5062763785603,60.35001981086044,71.16729735512891
60.681721981900616,59.73280728102831,57.613562832732946,57.40586177618847,59.27402050719578,61.32145862652361,58.175865843859995,57.041428271999536,57.364416305832016,57.352716009851015,59.787076756845046,51.473511139039594,62.753120524278856,60.45361542342437,59.723822400962995,62.693403103866764,63.34630906311426,60.8792396082564,57.363885332982484,65.3189585517612
57.38716171631196,54.44779598823136,50.42907782957112,57.064541370194554,57.45679925650205,56.65403848283457,53.785687612089625,53.80438318689641,49.67756606845103,51.14394210759408,52.912951989818744,49.565407039683286,54.094367438211826,52.64232450500071,55.60969196160773,60.20376849536457,57.56208008290126,59.85664682037933,53.02182107874548,57.19058780679944
55.3557785878077,48.72869866181762,48.152437763761796,56.30217137091373,54.16241869069573,54.377276909377294,49.599521111570624,52.24024004734889,46.88956856820327,48.133027205720474,51.35031429646645,51.23608617000991,48.7312542384671,48.33227151154708,52.05935590985986,61.09106449559115,52.73043697269021,59.61931994834421,50.35144925597917,53.429224068083414
55.051538267771264,47.70397024782189,49.55293515127334,54.68561041086813,49.250463136509055,52.8402423081235,46.78437531387858,53.76791144831766,49.84129543156678,47.980382181252985,54.635621461484945,51.36457182079663,41.8853687624906,51.66333132049944,49.41809616231606,58.30692461661379,49.79938081601313,59.19581086940342,48.42754066032293,50.34695028208388
53.2035140260664,47.761963386462426,53.80838962618686,52.306994698902116,51.59381533234437,54.153618429265194,49.729921014926695,55.34676485503864,53.75909971866132,50.91299363285863,58.63955112012588,52.78210225251584,41.30207692000594,55.474228206606654,49.17192872045755,54.71468644006531,48.03985916960579,58.23899054422929,48.79338425302698,46.61848887703303
53.8699099648434,51.5955208033731,56.51371219005209,51.731492349659455,57.99171262319397,59.41755693076836,55.40696892608084,56.02949443263218,53.22184996846216,56.93140661977293,58.828070684152756,53.619920120020296,48.320850215490005,53.63038956483605,50.541631705479894,56.898018991126364,50.44562990537086,56.15443001823664,50.26869650551283,46.32504513847841
54.1781507501041,55.63377694907354,58.30007727170352,52.52634335450845,61.76778252524603,61.9101853929768,57.051885723318016,55.914025991609115,53.456020483824254,62.32359990235265,62.40489221351514,53.3291313008138,55.237654189853025,52.1386284354745,56.73632525387539,57.15969394642895,56.22076699724059,60.058026198610904,53.1787669858587,50.35352540003734
53.945604745450964,55.915777478145394,54.80094369376606,55.62469575131372,57.57214748866812,59.55445219962502,56.785772813134415,52.54061701202396,57.59696197146329,60.73600915179285,65.37511657546008,51.85902079737361,56.24855326069589,52.636856876893894,58.262829514836845,55.71006501565037,59.98357288780701,60.695783959877076,57.27205262534431,51.14439324260113
50.77921607471992,55.65753846507253,53.78385525805982,55.453115562648264,56.15160199546602,53.8518780093769,52.66017611158562,53.27539028091947,62.87264255338807,50.32631177191575,64.97681743379461,53.833814147610845,47.92194316836199,50.245775817404855,54.98679120535245,53.31002274536507,59.74806389050649,59.117849163307014,54.97403247830194,51.08358400772253
48.205851126779784,53.426951756198854,50.18275985538249,53.68380479139576,55.98770282534994,48.56061359128506,48.20246635741641,52.573742443887866,57.97868106419249,44.620775664247425,58.453974616329425,55.138358161800554,46.17159332171852,51.74908307252371,51.12221807333576,53.51204514504259,51.2091347869313,55.510725245346364,50.481708029409404,51.817478425847746
47.09126577924148,46.841093144953106,47.953541981917304,53.20051874183229,49.57154640045526,46.907668639415974,47.6842981418641,47.84485309633318,47.94562592468694,47.679221799872614,55.93035490419577,54.14548795973449,49.13700174248709,50.1520792232787,48.70410815453824,54.38906204427459,49.94456911553871,51.660264555288535,47.09674466457259,46.992929101648734
46.13864328269822,45.21471516314413,47.09416010784581,49.873652967517664,43.542456225744765,49.38747600441456,44.360443673828904,45.73492317166855,46.766147059285096,50.51839684763934,53.37083843991349,52.964116070271196,46.92887678416043,46.73004247975878,47.50548658940956,53.574387572120564,55.14246590472942,49.265639426483816,42.11721649441017,44.959699006408826
48.17054212317693,46.495860504824286,47.821075653188046,47.12717598885805,43.361258981674254,47.40680107845984,46.52847299496953,48.22922635804325,50.379582142926,49.89577413880023,50.0034607868449,52.60081661690949,43.95799731118982,45.254689592463116,46.409968562540215,50.61208571922658,55.40596823093267,47.51467637898903,42.01434880154867,46.8041272261937
50.67483574899362,48.78237501329673,48.5836317103702,47.677439343189356,48.20222350320103,49.36162209999045,51.042529126269834,50.02955264365702,46.351952161951836,48.75634083165171,51.73287900149348,53.437835614073705,44.17270591512225,49.104687323833076,51.47012596624198,48.9996897898909,53.90705712128988,47.395443661590804,43.97817572446104,48.72476526248851
55.02503398716353,52.380210300329885,53.35120663147124,50.541523054853506,53.25794531322808,52.84843694838297,53.76006537879802,54.72905303907542,49.55632765745483,54.22034052167082,53.15661782342256,53.40671241498485,49.26532084161961,52.89219282099718,53.71949117275179,54.7767490371957,54.67279809594461,50.384556837541965,47.83404126238239,51.79763791059526
60.13235109943128,56.3509773792618,55.05564535185945,54.44477036045564,53.512854260170066,56.46062394880229,54.42759077707932,58.9176186987063,54.97672038235751,58.527693572745555,52.785962982054784,54.34665928033748,52.97621061474434,55.69472140497339,51.15863959868586,60.22552488333455,58.728032862161506,56.71458172610876,50.077252798052555,52.74899422062613
56.61662229177221,58.9632588832782,53.51947579894031,57.5307357235837,54.3270723776313,59.38888100698906,55.91361724953059,59.75587118172379,59.14394389519014,59.26620430007228,54.49328785281844,59.63564932103908,55.819337704609936,60.83827717085572,53.407582679699296,59.61566363708589,60.07217652962273,57.23898193133629,57.77717619402824,57.594917771115824
57.28983956321671,60.402239722986344,55.94542807591696,60.40021932925181,59.21805738024488,63.74460511076482,59.00946416627292,59.888195510522266,61.27934309429084,59.133120875861685,57.721350958895,66.05041603282345,57.17722532706326,62.0132743229448,57.39168563885836,60.98229904964958,63.344747339345965,55.30109495812685,60.59783232363144,61.0357325207384
58.1286442828366,59.015939908881904,57.28255964187044,59.88947662979471,62.82397592086678,61.931690035190314,61.643140497408716,60.30338003899439,63.727114740410286,60.3120780858563,57.101899933748165,67.04856467129179,56.85381752429801,61.497877677064054,61.40299346681445,62.36581294834163,61.762947522892595,54.23440245902252,56.03157372497481,61.890510655777895
59.401919880389805,56.910588217113364,58.55665801013789,58.458538428107495,60.9390438456536,60.67394952764448,61.72003937038716,59.82400110282721,63.11794007077893,58.89888633731561,55.755539602671455,63.054846072054154,55.67435303899526,57.93788101758071,60.34087758348289,61.72935549567487,63.92290086400537,53.730274746632794,56.03662827192327,61.46842566024166
61.784034362567574,56.5258835178356,58.896479226543136,59.1630049821324,58.96474093592491,59.898735106331046,59.02564867140288,57.04636339097973,61.697498195461826,59.39473511533756,56.85688170979795,60.50891039418344,54.974306098867814,55.012986382912764,57.796370038687975,60.74282901717121,65.13993405528936,59.27832817714194,54.34797336831862,59.538277958139005
59.574120333093795,57.776041845677724,57.28113691088092,59.74775355581008,61.80208981624859,57.307748741884396,56.08869824538008,53.24376519075132,56.15618462376694,57.096803227598386,57.76262813598842,59.40936744034088,55.517964880969494,56.92455642812066,55.94216798632065,57.05073429938405,59.37555389447563,59.11160010837406,52.66631116705405,56.52080885939539
55.77913889457794,53.13877674304545,54.51935031372233,56.745306041071146,58.95482831764689,56.71423229753299,52.210838527273815,53.403603786671646,49.81231434728749,56.62576627305751,55.9256172100815,55.89131055286275,52.44654155915206,54.46970658159381,52.5817334683897,55.445779455433296,55.90722430438572,58.559632680103135,51.3231220153892,53.6540548495427
53.77930930907304,52.08020095228751,52.993600067662285,54.87032915434262,54.31938193170677,57.72663955568049,49.36804007151507,54.06183236707156,50.12899892349957,56.478510517612484,54.49056058279169,51.88202479714482,48.49122548964915,54.46476439385127,52.17251128358165,56.23444472216043,57.11899492669382,55.71759962259489,49.69042150499586,57.44185672209801
55.19353848209868,55.2992563638365,50.47083647129801,57.64376515399197,54.11386506088601,56.3204099474377,52.12887366278586,56.91880860710665,53.55210601611251,55.657133479785536,56.513221603979545,52.10627253659056,52.0157234918119,57.65038115440441,52.03545734370777,53.47857136320718,57.8751936178723,58.16714719852174,50.511741070185685,59.59762929142165
60.08500922675988,56.42937244057236,54.087639769629696,56.892204792785265,58.23071049995718,56.04874931555541,52.273694361061835,58.816809004429295,53.61818624055973,58.18150451216005,57.35608545575647,54.20465530953622,54.571477824675895,59.92393388139808,54.3312204763392,54.37901137348266,57.09258413992423,56.040769964932814,53.300653793053655,58.863320465120516
62.74783082424691,53.743932674351726,58.24306629779019,57.68405992486047,59.275925885479566,57.46056882179554,53.73863334569519,59.29779523192585,53.8115969122479,61.15925761270956,56.8890443915712,52.58498468162822,56.31099578576459,59.4643045816993,54.79266155227057,55.201533400478496,57.501422902638154,55.14521995600482,57.74311713729002,58.16388803902923
59.26983284011341,57.295077040619766,59.3537181159288,58.47038785815533,61.316781481735966,57.461310759283556,56.70886374022781,56.49237501788561,56.230255012326026,60.82293792834322,55.30909534961244,51.546674302826275,57.71732097123127,59.01952561316153,53.76934716945293,53.19300967967211,59.35682885563913,55.77111674238805,58.8491546775183,60.730124602401986
55.61547966695474,58.69924402496169,57.50093475976782,60.963785124710355,62.020460799866164,59.64191169387498,59.95580814215829,52.788787550896,54.26505690842464,60.771114788075124,53.4261610098276,53.8506978376675,57.244375464474615,60.16923622689751,51.12945338968253,54.52096028199908,59.99976584180723,54.03335929122633,58.829297770076224,58.20182690020838
54.05069012468273,55.67428950089088,55.82814303725869,62.36040570085882,62.27596379102959,61.85181619937754,59.648305578646706,50.73577071488534,54.52024781611134,59.86467679097969,55.51034324542101,56.487928363469976,54.66376145436767,63.71302273873645,52.33631383981962,58.94221545654649,63.3732050818908,53.04720391568159,57.76524081402297,56.55489375866931
54.0495530551141,53.58266592830332,54.456651264261495,61.27119122977235,62.56305988209385,61.1795207411021,59.597069245541064,53.29785184096271,54.5603999436755,58.734031238930434,59.98558268289606,56.46884428490754,54.88760768846157,64.80770408458743,54.67679124932083,59.974836071765,62.432671629981364,55.7835509957257,55.384204035933834,53.94190670358458
55.0598214162433,56.31341142698248,56.16610451005533,61.082811081736835,61.19522508731522,57.77224638470342,63.21579288671504,57.021354741849464,56.40151809389682,56.54608785464977,61.18148974245524,57.97654982231423,57.59594178467482,62.575071052811296,56.467306300530275,59.46837571701777,60.0712161150886,59.457541382208376,57.87958899585175,54.846781730352426
56.34182943055316,59.09925594846623,58.451608930802664,59.55742229048049,62.519713621868505,54.99671942319215,62.84507952667768,58.06509262758133,58.20317517210348,57.10454849284969,62.251343499310636,59.56776234399311,59.108871294642555,61.88558456649934,57.89513440195317,59.996185900640775,59.249170716053776,60.009620948115426,58.17136435357062,56.81736279386728
54.87210349799083,59.82697562413044,60.39364442925511,58.397128920046285,62.52717535134693,53.88013946428167,59.48945442111721,56.332622520656074,57.21201678403278,57.66327906111897,62.452648919182764,59.78120993900784,59.77334494773647,62.60019308401735,58.56651789530165,59.25646604811168,57.815124256175096,59.047125166224156,57.647924716257585,56.65198567723584
51.07776034637844,59.69015560055087,60.491623981366914,55.909368997626025,60.283764114397826,52.44236377873665,54.30116257092933,55.587091631073235,55.51072895870526,55.211184635096316,58.94014858407362,56.965916276257104,57.78340745171,61.92748092106803,58.51293397479785,56.04478917583225,57.36518173795425,57.67864414941745,56.30997180894596,56.49575176993165
50.085866638261045,59.34889354140874,56.36504882524141,52.40048428770443,56.954513253290145,50.25501398266279,53.068712765949904,54.534421173607136,52.77525885966663,50.01257899891946,54.81797530807752,51.647425206448126,53.20546816283347,59.11420639594287,56.4508339459985,53.94917900166976,55.979954599732935,51.4962835833512,54.02022489721983,54.78898370353575
50.5475675451648,55.85916381503504,50.75393372397205,51.043602743459026,53.83306014478702,48.741456907992074,52.539193279186804,52.33349178629769,48.49517643257735,46.33432336473034,51.813950503820294,47.536376478260365,48.09203113552309,55.24955530387873,52.59488515244992,52.719078704292535,53.3255074653279,48.49549230685509,50.656742487238546,49.720317067657604
49.76930212117412,49.57206291901161,49.06477207832558,49.673893425879015,52.10410824998832,47.90205240271867,52.97086672648313,49.902480547188524,46.86639340280521,44.34331452465515,49.54550464100301,46.83684157107445,45.30302427632007,50.98737705228135,48.59385920445808,52.9123008527095,52.831625352746585,47.462687348321126,47.429460156939165,46.61300236555181
48.30594508167755,47.1596218658772,47.17672087882603,48.20343022529881,51.14165921122559,48.747735984522635,52.6449961188635,49.33398764137582,49.03131990624503,47.27447818918369,49.35329593924152,45.63674021274928,46.30220811337923,49.741231301101536,47.4709203329624,53.021877438350856,51.10241189126453,48.79125543193905,48.21049977278986,48.35735916699647
49.63405897734042,48.585985342255256,49.332093834079906,48.59245505960131,54.66704856999688,52.71928812097598,54.525556380712864,53.08001074596702,52.83311673823571,54.50940019209694,52.870730316453496,48.684738994441354,48.51528160597528,53.49457986805623,48.045397076593915,53.26943841441006,52.061704817670446,51.93498892131871,51.322896433356384,52.39935658972109
54.365680138176984,54.556747661706474,54.751710439523315,50.96158837434424,61.22645523485542,58.97809298548849,57.594996045393856,57.24422073584235,56.121799574778116,64.12341684726002,58.3799659041258,54.34722553396414,55.700821415773184,59.04338930961342,50.58338258157229,57.267017207549436,55.49983532601842,55.23227826718802,56.04407135300729,55.21837911204697
60.01298087353429,61.40615679933752,60.39546371008479,56.58650891977512,66.33577309273507,64.50174383955995,61.12635591814476,61.24090432494551,58.03528725161194,70.58413428577745,64.48986212725957,60.02470850600032,63.516109812799655,63.317664798749036,55.05813307608981,61.6858564980026,61.32156472822216,60.36082318232236,60.543450172533895,59.595522593104796
64.40934269170326,66.36128963542018,64.69725750807812,61.715944181511325,69.55894913426981,66.9633648231667,62.65158198825211,65.77646241130033,62.48987053602203,73.24512004837585,69.68087579737012,63.309215731819265,68.37450141218211,65.14906180879925,56.59361120609521,63.82558181949598,67.97364538952996,65.4642028440198,66.12221242144793,62.36773179151877
68.23973740450424,68.65611835324043,70.06491306475729,64.44766063551813,72.19810683702899,63.66355207137441,61.88117477798421,71.31260180920916,68.81917526375723,73.12295098337123,73.5384739122313,66.40873855066714,68.64311723771166,64.35836128666716,59.463644036345976,65.71189744512134,72.41634774544615,70.16288577530818,70.95984056788497,65.00648741345668
69.47403216657807,68.01793012371616,73.55354248608644,68.38536979178048,76.94087381357593,60.066474160008035,61.563299578473085,74.02677212082266,68.8853677183593,74.1290887209605,73.88658197644313,69.82397893148351,68.90639112617286,66.73039184112092,64.0530962157182,69.32938904978114,70.01937005110327,73.03471065997614,73.11493049519281,66.91831780543654
67.09002691621927,64.26767837715666,71.99018848647474,70.78285508448425,78.77266665191233,59.34801519622254,64.84263429637231,72.59444243343052,65.19664223348447,75.07275997171868,71.20518556717683,70.26068343281844,67.87814541364104,69.78985364939064,64.68331740121995,71.08499930100008,66.59618065435637,74.74423808779179,73.00288262074253,65.3139331429195
66.58490766415467,61.26197188670062,70.47419597669773,69.62070959296076,74.69726570977807,60.18552565308151,70.04963038461673,70.21301556490411,65.02551956233853,73.4699970814715,68.48021239731652,70.14862176423598,67.20089488075052,70.5812813848125,64.82462031528067,71.78619282890538,66.37592412853417,73.10248198881038,69.66187281905516,62.99332131989088
69.80564633702683,62.53141006754479,70.33452148961095,67.97975544786834,72.8436353586621,62.45941215024291,74.52499702146564,68.56269602478865,66.64525892866983,71.14444550317911,66.16277423123195,71.21821311267826,65.38843922554838,68.04357769615005,66.06535029099719,71.78380690045944,67.73285866059297,72.25343876536257,67.63411615399887,63.20609203004697
72.23870998546529,66.4566715297679,71.0470511962878,68.07026074052055,72.28817837213236,66.8784628869457,76.24012689646311,67.15300434892359,69.55680379163127,71.87050357971192,66.31070726376174,76.195611471995,63.35025593938366,67.4057893022064,69.16730700862621,72.9817991958217,67.93652476502159,72.04156045175078,67.1115764055735,67.71928245773546
74.3658721104759,69.64001630037335,71.36598628782505,68.34346071025779,72.49440862750772,72.96480070827418,74.95697175436489,69.32130294300482,75.2216077762313,74.32304523623968,67.16795853876783,76.81963857164213,67.7473024693723,70.6678675046742,73.31117024382183,75.85400223531755,70.46799146412766,71.73999303669835,66.18268358753346,73.06858932672564
74.81354108321095,73.28475316932725,72.58983848083155,69.385966001755,70.94901175342171,76.9645521083402,74.15727565092307,72.37681719575968,79.93240881012116,73.59542361384628,70.70480951019468,75.30698271432178,71.46022073573249,73.11064275090422,73.59396098974318,79.09110113963787,74.71030688296689,71.16015196937961,67.14563722118261,73.75724824485964
74.2395935615429,72.90795537070032,73.7874430599687,67.87243892638209,70.21293119421519,79.18825829639424,72.44256479109228,74.32546555727893,79.26758045726477,70.6850580217164,70.43528897748529,71.53100277780243,73.12731398023242,74.5637035414259,70.93442351536488,76.56415970012819,76.54138903629807,70.0850197567849,70.88700235763322,77.39952687349245
73.93468568504201,70.49896413669566,71.01178531433695,66.5909428460518,72.22886171907399,78.66741383637104,67.7448599825478,74.15212264136923,74.69743850963985,69.35029205106181,67.40424119094543,67.61431364682393,71.76855621492551,74.30333338272119,66.33343523491438,75.11703508126408,73.49955057585449,67.33754732342418,69.50836470828861,77.32557288916615
70.86951590929603,63.56239075231475,62.569030556129455,67.84822457635885,73.1367563216062,71.60784864591488,63.901261555319174,68.92335524619918,67.7120224506363,66.29322409915864,59.054136877076324,65.22592200624642,63.888821282060036,70.2961165811716,62.586973753319114,72.92648397509109,65.4454659294216,64.89278068525877,64.60559646639206,73.65396388292659
66.55220849067703,57.503112603390264,55.1434577010234,66.37424540359248,69.74779451691643,63.59120463347901,60.744878192150296,59.0493104659518,57.577730913030784,62.14593632290965,52.709133794317246,63.28936775747961,52.17268215970641,66.23668100563853,59.00055750213316,71.41452841121357,59.69769570408639,63.166978637320724,60.2011305425729,67.19584997040515
66.9171447168397,54.27241123274477,60.59872353987975,64.90266803718,65.22992803140882,56.15273727343162,57.155523448196796,54.974893111017835,56.42942415058793,53.924885645900865,54.97342355127396,56.70900449952602,50.14241509158317,64.997618852738,55.94214294093794,68.03521982921939,57.537541537318106,63.53095786402785,56.08172501150268,59.38907007053524
64.83753636093529,57.636235614868326,61.78110466987798,55.727485985723696,65.32930675210953,57.68884053052571,61.69043590381199,55.74512612679688,54.14189968632769,51.2529882004161,56.08133618524557,51.781521480581944,55.54412182559885,63.36444818543432,59.11023857344199,68.14919349828435,54.71219845808389,58.66368031969039,52.127816614759126,55.01486125687653
60.806671678874714,57.939017393692254,60.82107638171419,53.98393290015534,68.52294413774266,63.83415642333284,64.09237842794234,56.280539812005784,58.436294175637386,59.658952266452815,58.57948202796377,58.904225388988536,58.610694067512895,63.04868552798338,59.809128311182306,68.24400166916911,60.00698186753178,57.18281638558837,57.2415179074047,61.371945145279696
56.080855161982804,61.65653025070482,66.9789203982718,55.2893011057858,66.62884826163459,72.66326300113526,62.682765902013266,59.562253118497324,60.7237361339709,64.06710053301981,65.83932275947897,65.17388251683676,65.4601306357568,63.81162519580448,62.83494049100915,66.96124841105576,65.38627347516012,62.82876007699393,66.84897289700243,68.07325178724139
55.65641792174235,71.2970532931052,63.28934086758544,54.77813390861975,72.83512521938512,67.42082845881541,63.82332866553292,64.20879748403719,64.85719894546372,61.75120048062201,71.13918505450839,69.41035344164419,69.06325497510714,67.36922893307208,63.44043347576696,65.68142118276779,61.92435195238721,69.01659636881021,68.1276887923014,70.25722894862041
61.73391809214162,74.58616646357498,62.308596296225474,54.04267053885896,74.40229428474083,64.3867747334157,62.75734181776176,67.34407037168731,63.02137373035378,65.2064276516851,68.72049523062466,71.6663127658705,63.393298221056696,70.65193565862506,56.35384113353315,60.148189020804,59.543021817486455,69.49291469001768,70.61036012344778,68.92804252237127
63.495168617066,73.16495703723334,63.952338505389754,55.18287902264949,74.18119431321875,64.29201003661052,57.19108411927926,62.1394476833522,57.67925251224227,59.535955745126884,71.3467722405066,69.7285295999606,55.43953698595083,67.10584753522231,56.573496839500876,62.459350751782765,60.49654957612981,63.269645285581156,64.50454908384661,62.43145254812313
63.04937663696027,66.5985964661318,59.446989362864194,53.651558094394325,64.968032455339,58.761713198578356,55.58340666789459,54.38708708757474,54.913839024185,57.47158061305836,68.83328518780566,62.77269937922738,49.25390660597088,56.00293745950229,57.65753116763062,64.45680764297488,54.00463233514862,58.39027694331655,51.136605601203236,47.72861307971255
56.50903858090957,55.272866074035875,54.15829690923666,53.249201234928776,58.27091995230492,49.09360325337613,58.80413529124207,52.948952564540846,59.053589808930916,55.09924106236982,59.94748651346438,62.550924114622546,50.8608108665372,53.99207331736842,56.3275495337043,63.38400063919971,50.21108912218592,54.02032583696499,44.71079898063458,43.03731111696102
52.20583430198527,54.72170261896705,53.50240497239727,49.852768644790295,58.26542562888244,47.7464468156966,55.79162291899714,55.32632590902184,68.81691150492783,58.40707238721514,59.676547412277834,59.537424412178595,57.23819045240098,52.085884176732755,50.23432553405457,55.412967938619715,53.591175389061746,55.98363373148421,43.38781795429177,46.25075823485283
61.06504720646627,58.229007047331464,63.9425715589903,55.65811850709389,60.736360411549356,51.324629746804604,54.10998630057459,56.908346848064625,69.11748007463828,64.30832618613879,62.25554049313445,56.762105009500026,64.1221486808642,55.69396219528633,54.67630812369581,54.26368995409541,60.017210312534694,60.30376603715479,51.5354405682132,54.40231241010032
70.5115659983525,64.14469981067603,70.101166527947,67.33294378316049,66.56752639600603,71.56534181743606,61.77444898552894,67.06209315627989,70.95221972648292,74.59877980047317,68.75431905166171,65.66204343888607,67.80132159000372,63.89242221400835,64.26746599074288,54.302365000143524,65.75106131713294,62.6906785769516,66.30013761743652,60.99047763469833
80.85412667642498,68.62482463120851,76.62082939348932,80.13380928910453,76.94419964025327,77.80304356691745,80.9743414523922,80.69898793001786,78.31958969746907,81.37167614392405,74.03557159221555,77.99153831731319,71.17909101410045,80.17125510308051,70.83048642726212,64.01011093581428,78.13480585149391,70.56502542802595,81.52846364353022,65.42131561832481
88.14103422087618,82.1989151714483,90.58909107092099,88.2264125663345,79.9916377334185,81.56400169151577,98.86288579104789,93.70918507826654,92.63277902204878,82.82016170050167,82.20297786555385,88.87046066148585,78.90160357467006,90.6464381536258,75.24888943873898,77.42440539392234,87.87158643430982,88.51362323461218,98.28065634459642,83.68703969955297
103.70049357284852,90.05387486590884,111.09901951209596,98.98284385124788,94.18376958065579,87.40847782336884,116.88709157730027,100.0178839513019,105.04360656236666,88.88999020403573,91.99318614412891,104.81497128304485,96.22965393846755,105.70380498768732,85.89061143122379,104.47683309743246,100.07617799340244,95.9979072540052,108.7809216686928,94.19672206587121
115.89276764316594,88.38292663797603,112.21075666254599,96.48896428552005,102.41469194142802,91.89297034211867,132.06466800935155,109.32909337077935,118.5606523919558,102.64415541098413,96.51648375712982,105.65402201180312,103.46487533176132,115.22129442337501,91.66704615447382,123.89076617877637,109.71551849436052,108.60716391804654,105.00787982605216,95.65854776744614
106.58611167566501,88.4117666035797,98.84089350954405,101.23720214186895,107.43083486100902,86.74370688664428,139.85654853911697,111.19798670290628,127.8259212651769,112.24390717226552,109.05209026339122,100.31188029002784,92.79157311744112,124.3449942125878,89.32223624344988,138.76527883595085,124.77208615904713,114.43084324022685,107.50455071100576,94.98318276737635
102.59713306924095,92.62776203339861,93.79053937369207,88.11370511012035,109.59505426438108,79.80527035468803,137.70357259979787,115.58086817054665,128.24781186479424,107.00565672781698,112.26638334307414,90.19162982565848,93.615505226532,120.70482077923543,97.98817348937382,143.0883725548004,123.18451542657085,112.9781455249086,116.59595102005716,94.22935008119525
89.54609251731416,89.34241737424675,99.45676380660045,76.85531111421034,112.39030459498419,84.49236368283482,134.98948641939947,101.20514866666471,124.20090360172082,106.62110469235728,106.38477022079266,90.75093841284068,91.23762066965791,107.08077543309722,106.63637392078627,137.15724950656426,122.3429345434053,126.89276069437066,109.93934300436237,88.36140040339258
79.39467032270888,83.86375403733045,117.1142567782407,68.87824955958483,121.78486316162787,90.91110245243873,123.694681292856,80.69687802594385,116.73086639290248,103.44914853051144,107.33093292626536,87.55928724691869,85.0375905882458,100.15723722222083,99.03813241604585,118.94388421218889,117.59414943184456,131.50876999165305,90.59285499848184,89.09830036177023
71.58734907520459,90.62978764148647,133.81753318702334,52.31972884698499,122.20985995038149,87.97439440004077,106.25790585121246,64.98424814064197,103.02499122223128,95.53691885076832,105.52147200565264,77.65338798328287,79.46295229958241,92.25987047013096,80.84843322090065,95.08368934554653,104.69828804889733,134.12512477319837,91.71190030152266,104.06235408071298
70.36708759573968,99.25034550202435,141.58298194965,59.5804793017938,119.10970074950177,78.68670628933772,108.60804769590405,61.172812682261984,96.30154227475359,90.24734773434736,104.51666920488968,79.97189459079651,62.082019227174285,84.25827092743893,74.56998217303561,82.56893996008911,89.93719891334779,146.4314911938458,97.58862133683868,115.89335082711276
79.76917318712684,97.8520583336451,139.4577928978992,74.81875938925195,130.01090434934792,65.07206226592753,111.24801521133591,54.713150841492485,83.73359486565889,101.90340452195298,102.515981440977,82.19942649298194,56.82022428430545,69.443810740652,75.93687145843758,70.13308364500898,77.67282997748015,144.5065790705351,95.5128369828568,107.9525424813201
80.98060975626376,85.71869914462452,133.52711029287286,78.7641938492144,122.82188011556131,52.93311940642415,103.84985632138212,53.99272384343022,78.02618169930359,97.94236626338326,101.42048723383618,93.70068470816301,52.32853070861352,59.55875099772909,94.37288133165734,60.98095731277669,77.51666742424932,111.78837743213519,82.91308253830526,84.39654716395911
77.07198699316152,76.65268153696668,135.86035825086861,76.45017760068487,113.48213313249084,41.67983696831664,84.14074275352442,56.3591043601655,84.4649470784352,85.66513496250175,91.6306356349242,88.65953518949526,65.25299547421965,58.64525769008138,102.0965416403765,68.13102248388947,72.10636788722589,78.43502789370366,72.24533504467432,101.3036650285866
77.48511139207868,77.03587359605021,139.33834582697463,77.87660207144175,109.32744229258707,45.236541163025834,86.71439714296616,57.152967010791215,93.67678607552482,86.28477410251963,83.37897580723154,92.82006897833244,85.35706899945033,60.87572718858326,91.31785082766832,75.32612383086743,64.31951154888421,68.25988674620007,66.48288165424485,106.08914232372304
84.45690516863529,79.33759506373299,132.43459241217636,74.6533727418356,100.4984099690334,49.58550483617333,97.1952769932232,70.29194996880793,89.18513520982609,95.46173115587926,89.89316320745677,103.23244820360851,93.23420408328808,67.5214341357341,102.30486154082944,72.13067911869581,76.659226266179,94.91562173928766,64.5955282235718,102.24033753843499
88.74068630108495,73.61503669282865,113.75977896291579,83.86162901717253,93.34519979202078,43.917221917774675,111.72495864880888,73.68612725994,86.796002466351,89.5983392621654,97.2413990584637,98.21883032207303,108.07106992416513,72.84191273842853,112.39579688466925,62.92242573728283,80.7852490844012,102.7317366640212,69.61919756725548,89.40659880169332
82.2641775646462,67.77887625042065,106.36422367774827,78.01288526075841,90.50105795082064,51.11083340356394,112.35585213468418,69.39508759761299,106.47106667717318,76.0635231119774,91.88850371582566,96.09980961046114,104.50599744022199,86.95344227857522,115.13690740800962,57.63521443963466,92.5661726205269,109.32248044863273,77.26977043853582,70.06914315863602
64.67939844794674,76.10558616133443,105.93340161399094,76.54122529111214,90.6360023723295,46.32741996617951,121.60460911340493,70.58186585497668,107.49816889663572,63.21559661400433,81.59621315481604,97.89552111625812,99.54808533559941,104.28120676732972,102.46818069693454,62.46517682754922,86.28302801564529,112.09043222421772,76.57094820003422,77.29881747734018
45.38555260600266,83.1874556843568,101.27199186665517,78.26523258841797,83.12928202297111,38.02440146952245,131.7960582535432,65.13283860227259,100.1646209773807,59.2416731913829,79.44117966237714,96.33575340943833,113.23112227061605,112.92448200693899,83.43671294041506,60.20126693159987,92.11692078950023,91.37128517403055,73.07669912815678,87.62322215425316
45.99274472759992,88.06631319258379,97.39717352201934,73.0544020637062,67.93985767508894,41.9455623719873,116.17726322531848,63.6682367324001,87.90650628936929,59.78553101532407,87.4810481681896,99.26248695958303,104.06749424018398,104.42350965752767,75.78273997512774,51.97418426156234,85.45586210996964,74.93134027141497,59.67762948775478,86.36066729418847
52.45004894602359,75.67335222735953,86.40816734105954,69.87925445541951,71.42100538461064,48.32310881732882,98.88279019518379,64.3774571564511,85.8707099077127,54.23548960063197,88.63441426893257,82.71669834067492,100.8379307214236,93.5560409700963,64.80613714967818,51.94347597485014,85.30143337949897,57.86396812789113,39.702963079031306,96.98755433570705
46.36445486416268,68.03422459287964,76.40178102546572,64.61048925962004,70.84172458181469,65.03947551882517,95.59405311454401,58.1296438771128,78.88995009362189,48.16568649630142,80.58346037462559,77.54002051688913,100.02429614255246,87.3154785147997,44.65369131295135,55.65181277090638,79.26613979701742,49.779588895994856,37.154517931566566,93.80501654100539
56.4297726117356,67.86903097219313,73.72490886430835,61.7697224362863,66.23785284513521,75.50398848281625,86.41801038122318,69.93242186667912,66.5217862601582,49.214018618950774,89.9035189171738,77.61696098220308,100.85885742741159,84.52499363217372,50.4029753890555,54.36267703874848,72.12303683486482,46.77619481106396,42.621560796750956,84.78846044311115
59.28235801594232,65.07938117132288,71.61857986747933,68.37933178443461,66.8193764618972,81.59946239780251,82.7609888266056,73.24966232212334,67.29031874987805,61.443599000986644,96.48735510195347,77.0388325154,109.38162525894857,71.05583139543941,64.3032663700383,61.449084955137494,62.53844848782089,50.336667004663624,53.99334159532853,82.86872624987623
43.139403704823216,61.58082319650967,69.10035918282503,76.40974434228198,79.18817723707679,75.15176418719594,75.3142751005166,75.26876871977085,64.77814360919048,67.8614355322281,94.60981532521045,88.42376466343356,101.3610233413554,71.83314568282631,67.85821213964898,65.50134123934376,60.78960617253375,46.727280032258456,61.88848659700542,84.97401279430149
52.11114359818581,61.4856013938198,73.18604064638123,81.23393779292749,81.03576170669494,65.49664824041048,79.05097390490815,78.42991513254,75.2189307806733,74.84529044773363,90.30779255228265,86.37809202881265,94.18966174780125,75.95048612350075,79.25209798909059,66.4561611166213,66.25306720832832,63.541440229440575,75.04627760987319,79.78920550030999
55.69851313965159,60.40270175534537,80.60856192738453,84.0825801974645,85.75167536477574,72.66741850464,86.38026661629038,71.08002152823506,72.67096965514907,81.29871384412642,85.80128548471343,91.53830217594428,93.7929851224777,87.59899486345171,82.27079894305082,76.6343487079527,72.10666312435119,69.46974849327897,90.35303563364849,79.29648291116142
63.6333581258464,67.28675202166012,89.00130615634171,85.56957730309553,86.54686916116995,80.52512762797014,86.36821793263769,82.09888749289671,80.63202405439124,81.21177227829413,94.88802098136966,90.87888849041187,96.31271034718709,87.4773601465521,93.09942579090892,79.80011779235923,77.095917239934,65.0006827773075,87.72538425271095,78.76005442502837
75.32865228121577,65.82210720023909,89.1091960111626,91.92397380673673,86.35363774345159,87.9113419110892,86.1778662250699,92.65990555122848,79.70518343891959,88.20833075464577,97.07205824334265,86.3529817057506,95.00186243401508,87.84943267532807,90.18610466536924,85.78101125124682,81.39400523151564,68.95598417432878,88.02930018916406,77.76823266838824
65.5322690987877,76.8394910610578,88.24561536815195,84.55977414017087,92.36716654215365,91.28529633803232,86.53859511479641,85.91684388786932,82.57918570044303,86.04704401565839,89.00123486918709,89.92641772630294,94.37726418517121,88.07288618782617,80.8501175271338,89.1792647368087,86.19811261572373,78.41497418759997,89.45828535791853,88.4741387159353
76.87314465999675,80.86441386869842,84.96961616586407,80.89141904164276,90.53938880828127,97.81281926676473,89.48848949574467,88.64534332420709,80.47888183795499,83.50445772851151,77.78025899807898,91.35263930129308,87.35199736718297,85.8307816960022,82.4001566789942,90.98374755064513,80.91458068891946,76.0764619899561,88.60434698820512,82.54949075831131
78.06328939140411,91.32498447390827,79.8646438774899,80.71511999644196,97.10447340609332,88.47747270404439,82.64614613668812,91.02248095024096,83.92565268767397,82.02094051481208,81.18260132050355,93.16888164590829,89.68468218233356,87.09295163587936,83.17130506524906,95.12526563414538,87.554970311004,82.13015614608011,88.03110763057025,78.76795162689736
72.74657438810657,87.05283184891634,78.0253655062555,84.78694567763708,85.9408235720485,91.29374079390006,75.69514752159084,90.67850754606285,77.56449911264579,80.11947291024643,86.22052626282387,81.56308184883943,88.13934347659588,84.0898863620544,76.07005204675264,88.96666560625977,90.17680912107339,89.9355780220203,91.56651288513444,103.89994887024028
79.66913695765442,84.51447029802077,80.63117008152804,84.63177506660412,89.35864558388843,81.7491417068537,82.00664156435523,94.45153538058287,85.25393833783353,79.34510983774113,84.20919406410435,82.83668353151837,89.78896617641072,87.16962686266761,76.3273387680874,88.43764421106722,87.90823445583968,96.97675570383753,82.9774314208426,91.07112865363985
85.02471041287166,86.19730443344845,84.16388830307577,85.28944254058034,80.33067685686116,78.04768638789534,82.55569645494442,91.86360482476135,80.57775479344873,79.28405323504128,76.07965168283344,91.95103721372296,90.94376135903202,85.56063765686253,80.04827828394245,83.60542396678774,86.2400382985568,93.00046834241894,89.8685296594757,76.8637430493026
88.22656056909791,78.35710903477109,87.38459036525686,82.94325345363264,87.9520238361149,75.00530466174442,85.97809896423408,90.67752607889248,80.63215410287562,86.1749748335448,77.43823772858532,85.29084659746727,81.53580081717631,82.77444854772902,81.7276160983832,78.28326765581289,89.04004948448036,90.16189156505536,90.59590451223214,73.5480134245329
89.93772129858722,76.9040711351837,91.81086723579469,81.8457952924426,87.29799241377494,75.30675826108205,81.41120917892943,82.72845145977467,79.26139787625249,84.38794710923854,76.29462646754642,84.93287652338283,78.47256701009846,73.1996113059669,73.53358535903917,75.22573167341106,89.09358853312285,88.9099219615757,81.94515416412439,70.31262744527679
79.83510735812906,75.0106351517696,74.63566291878118,81.30726718374667,88.26174591346513,80.75463878868968,74.1540831719618,74.18119026341671,71.4069983030878,78.96269106645157,70.04724507030097,76.5768740627675,78.74267282482747,78.00468190865173,67.49976965149204,75.2188512598812,84.2550221944925,80.56439153302163,79.43903926335933,78.34133180470279
80.49882135063578,71.42362952505077,68.35238911024386,73.18497670490403,86.93124718831737,78.36049166843341,74.75200454716176,73.38651992445448,68.48224803764641,78.29423232442919,69.80927590712645,68.61486733455637,75.99281140008188,79.0650643702539,70.0672575146179,70.2521999051002,76.67590679054007,77.92676449663294,71.11067612488472,69.75935214240623
67.13265573542674,77.72737456994705,60.239304248599865,67.58452741259403,81.60130641506171,72.0035593832323,72.13098830498632,81.59418429745325,75.5667020112279,80.11041217455659,82.80699071513558,66.36938398195659,67.51681778242005,76.68806408967255,70.16109864388588,67.92346346598914,75.15281627123017,75.25509953138672,63.088338904681315,63.59071308796338
60.574660527531506,78.90607107999132,66.77015225531585,66.5695686137018,72.31660519666808,71.84899507168957,67.15962752725919,70.57026161810832,70.67306736188218,73.87501944363491,78.5791493485523,65.78557797812225,67.16903448909099,69.76117415809026,72.7670951741959,66.61010618563233,77.92961505087763,82.8615550152782,65.8272147336569,67.66558871539287
65.58674244993396,79.42846427224092,68.43041329218123,73.31615310457614,67.53774823377636,66.66714976958386,68.85955767383321,63.85266007011653,64.65173269742016,71.10005578324278,75.89833339324358,73.00246282053948,67.20936078132787,76.60459922608067,76.66790841516942,70.6995924488079,78.76474849802025,81.29125585906816,68.88125727339335,74.05050455784142
69.40458995489057,80.26467840086455,66.58459322371019,76.3652326206586,76.47994820693091,66.42073340364628,79.1471003588491,61.41608042925986,76.5450987116064,64.26429652696379,76.4241303842412,79.22309967456424,73.04070790627041,82.24974533198561,73.58837020275972,76.89462932024158,81.02656350250486,76.40533704610084,73.81484799821176,80.23733698710633
78.11623197166475,79.99685852231119,66.65592320280156,79.689646052444,77.94067273937965,75.50400994881532,77.51279843896793,68.89122251363492,76.0660177701488,71.29652951214428,80.36361865620485,82.25856759194768,79.94688111143677,82.6478468908897,73.1203163392958,80.18859799158888,85.68280345083053,73.26506005179306,65.46402716375779,76.19017989106575
76.96761119014526,76.82711036276321,70.2762411518103,76.97337251369707,77.83466433597752,70.58559063143858,79.36840119107025,71.4300492082461,75.51134183351185,82.43863028849003,77.46438627875796,80.21234790952842,73.91414818743885,79.29190022101783,73.71400760693227,86.67953293912483,79.97167792234227,76.51509677306176,64.81168119829088,70.42210589568542
76.6191329408407,79.94888085146373,74.27877579331351,79.18875743301193,76.27092818025469,70.08571628281952,78.52279235976042,73.60124825626488,80.67952541220784,80.62110772811037,81.5650946111679,78.07173018980743,71.63227783420366,73.85919420226499,78.61334341446747,79.96984647511523,77.82183826769824,66.60460852369543,62.64035245907167,73.6610053740259
82.47424294826331,70.86267551285341,72.02163158056563,72.87962575058263,73.61521807685534,75.05932033876853,80.18200830962316,77.25320537558855,80.9027347707705,77.84057794012568,80.6157546651609,76.75116177384135,76.04828227142455,77.06631078073885,77.3567689411927,74.00872006314651,74.00943649847518,65.60213324095085,61.72463431333594,72.97890389905307
77.3280947598983,71.86221128667206,69.31050089736141,71.13232390266508,77.7326656646426,76.4575357715004,74.30039725053656,78.52169815972688,78.08067721864815,76.25756283845905,77.11830676543401,76.18621343338029,79.23895623754191,78.578388983126,79.24407256765672,73.91473104187844,68.23731239893621,68.63884583177918,65.03332560375507,78.97193176347368
73.59806949844,72.39005133560964,63.35966084834776,77.4227847180879,78.86279642857464,75.040389908441,76.29990491098575,72.94611457746328,82.49225533739411,76.53301881567171,73.76026776012938,81.47966605693456,77.99216140941178,75.4720898590839,79.55818750877341,74.28487722906861,63.22590607992128,73.49138435295993,68.86599555919658,80.63431458562191
75.25631076778312,73.93672748894396,73.97883739105332,76.71221483748288,77.6502158777225,77.50721081811253,70.32307886639686,77.16161890939155,85.84044251524031,79.30993719241384,79.01138945129925,85.18233308250979,74.32954780468467,75.05993789501233,79.49140495841999,70.15525451975346,71.27011438015523,81.61241841586822,71.19763991888829,82.53992899848905
79.60231549831123,77.68549802980458,78.70007902317793,79.42858360963436,77.17747040831227,79.35372487567291,70.55680189557687,89.92333572763961,83.31288971446332,80.18961510950642,80.65505204681041,95.87285443291631,76.63494650654674,88.86370088233292,81.7570378541075,75.6822374403801,81.7941125559931,80.4526741583388,78.91639342648836,86.65919947839036
87.76391708896001,79.18726371092993,79.69137580835297,87.60373845276256,81.3564589013752,81.75800942640375,83.26135584809806,90.46335316634811,89.53519920840523,82.21077716819342,77.27852805732789,92.37229644124477,81.49809448859662,95.30836274903864,87.8885612022696,79.72069588095272,81.86984815108693,74.06440349710938,78.18389109531738,92.52355599242205
91.92074000501391,82.12787359325493,77.46831594811026,90.36739212501364,83.17736009612419,84.98458586517958,93.4397790868776,92.08888794629829,88.7511881190781,90.82284666419756,81.12500868531792,90.30113934291761,84.4139364495309,91.56964969900734,85.29950735300056,84.50445144728418,87.19277330588353,72.96540198093801,81.34318762868678,96.93787518466306
92.7290636115486,80.55514841758018,80.75109491477734,83.9449801520858,83.1031665177459,88.22185466662074,90.4984566015288,94.06932174482247,86.40407521483894,95.08809759614398,90.503026798654,91.58773647399421,88.84824253565355,90.01388536419505,85.98526404272427,86.0319327353208,90.34697019928791,78.94754174960988,88.81399339488831,93.19470916793136
88.59268667887991,85.31447712870907,81.00523237539079,84.73448385163381,85.12835290484595,87.10151175184073,79.95671541760753,99.36316440864222,88.33093011287463,94.12250466692463,86.2358739585189,87.81113047031461,91.6154914012537,90.04385520821303,84.46513751216803,89.61512971352599,91.09455896120731,83.9770048042283,91.92352924490754,94.70357756290935
84.26568171086707,85.11658479853622,90.05113439380655,85.89164906336246,86.47631651683149,86.24296925131367,78.30518859456183,98.26119112452258,91.83643662214291,90.5588846507303,85.27642122594962,87.38279041135849,85.97393336162261,91.942222104046,82.79434912134369,92.2275431315837,89.05639504985344,92.96565077845857,89.55553453190834,102.14332735859648
84.51318078265805,80.95978132577258,83.63059710112664,84.79668391289457,92.68854811393125,88.13647573070367,78.00449043152145,93.06961443794917,83.9847309102364,89.21981211357244,82.3854104127201,84.27591018309322,79.57940756901505,92.8704930283668,77.72322238172389,83.66906133903042,89.31079968410667,100.59446779974685,84.60555029850352,99.52747879537188
83.33366321003754,78.90156548247477,84.89293826601832,84.35577703321862,90.79140824886665,72.6945013903026,77.41509765213851,89.95041314530194,80.1254774659745,86.15084990817796,76.04650745996403,80.65883260694417,80.09983329651841,92.79475817581991,78.31614113993977,79.68823874135607,91.1414248268795,93.5269738818058,86.8458720756746,93.52596105755165
82.38568904695796,72.65765425729397,79.42980347797912,84.40584590885344,84.2748897020898,72.98127296373345,77.39051043347264,85.28052817233926,84.23758196471563,82.76305679314098,75.21675594147821,84.45876741389851,76.90593205310778,86.23470238306427,74.58793565459627,82.61995846856149,86.60596312379263,89.44740808156513,83.93612007613702,84.58090300848721
91.456332184787,68.97064617801799,83.37622449240702,84.04184869342777,79.69346116899312,75.66743551589833,75.86438374697828,81.15962068433876,77.69229998660538,83.28376151991127,79.37739643122178,81.66325636893798,74.10683738947637,78.23977192914418,71.9645235283948,80.40544532515267,90.61357709732255,87.9103003772896,78.4206598224983,82.9112085830593
87.56822764816555,72.10697446177839,78.5598805150031,80.64399600953375,81.50304837798751,83.91671369330177,79.62765329697247,81.41531209385776,75.74359167131877,85.35041847209168,71.05978595482408,84.39591287512803,71.90499768679678,79.7223329148224,75.05468502560278,82.82561424402562,93.7350207500322,85.33682345398944,77.95337123226886,85.55405616591725
83.77026497906938,81.30927044047203,75.12707748571258,78.10140498651118,88.372434645432,76.36612000057812,80.81246476336435,81.3329666163634,79.37093013577729,87.7487671605114,75.41155989472716,81.26073741227611,80.17746966980013,83.40404021138202,80.99624652519606,84.79265027579429,85.39952464885877,83.9371938273312,77.83641841403303,83.60368750545028
73.25181087915747,80.67514347776978,75.43411417920052,72.98654046417198,85.61303795922467,75.99201615842208,75.5550718138154,83.9479885954008,78.8190039008454,85.39519761891579,81.76871535152786,81.54420131784718,82.51224780541644,79.70128619448174,81.06044845586732,80.38983734947409,80.77452617642045,87.62156175467864,81.42594204586284,80.44766856665485
64.73647711079599,80.18297014730906,78.13410098459238,73.38882229862367,78.43099668723,73.84962589514076,72.51700905428861,77.0143893052859,74.71684231943874,78.83818431722504,85.5012995491894,82.1665683629142,79.78153187415425,78.70592376542537,71.82630395670961,72.29401136475867,85.46409555110333,85.14797055036377,79.4580768160036,78.81708436182178
61.544487813934396,77.05874333175628,69.14852735076491,75.13306586585027,78.15077968218287,68.88538711669976,72.18142381564373,67.16863566066709,70.82403332169115,66.44427883197004,79.80733842498124,76.14170932101071,71.56011340663437,78.97281044526551,69.98732029183847,67.54213002500373,81.86405653124409,83.03951117764693,68.07299221292966,80.74388853863219
68.33703215453495,73.27246862030772,67.98053200607602,77.38978483871105,77.83703448792566,63.4173439812475,76.37333967764842,65.04246499199166,71.31406866911115,63.488207271432536,73.1822038096341,77.76477353748278,68.50111443035533,78.80059500754693,68.39643397515019,68.77620842747449,74.70366267261032,77.02278872494644,64.6585710630426,74.9630797661969
70.04031079721047,69.26180143359697,66.23867294448938,76.91112024855664,74.98619720658743,63.75944516086423,71.05738074123965,66.32375298528171,75.80754534962131,66.27910685565959,70.02182134837528,79.48176388893724,65.42181251895522,74.60479713842065,64.43084989118502,69.09426949732494,76.25297942884764,69.79098984894516,62.96691285953779,64.54319758821549
67.63651858543766,70.28480694690282,72.05132021275817,69.25037883964332,73.43950251818866,65.5092269132182,69.82324011211563,62.78382166589539,78.5051418537184,73.25308324205987,71.70297983309031,80.49216243733561,67.86163878478585,72.18347438078992,71.60522556726107,79.7973134678558,76.80482596597726,65.76451240859673,66.60230820261695,60.199380076294325
72.14149895520116,74.42188672821717,76.17731922722753,72.85578853835486,72.96548710169778,70.94414674902448,75.74915888263574,65.9102757659448,81.31699783294738,76.12895343508131,76.32243310222785,83.01652441530736,66.50482385876444,72.13134269712569,73.56917360103527,77.83027699721077,80.12419979816418,66.52202210337724,66.06207244134981,62.50813503701232
81.29388876711211,80.68057571452984,76.33761882570408,74.95658066052961,75.35620913378736,79.11150532306233,81.97490837187766,76.93888725023909,81.59020516078812,82.74248067172901,76.33843784035021,84.75796853953258,78.87262147220373,81.61745259335692,79.99674593489941,79.6348195449107,83.00035561208068,67.98947697512105,72.84827232184038,76.98083767600816
80.00381798860322,88.1856979441296,80.9146781151045,82.84349990005788,89.28108452398097,86.20264445719164,88.93365450134912,83.99620799016745,87.66210078053525,88.38183304880997,82.61665442970308,85.82720397897229,90.75499179320173,84.41873314636099,82.26701424388921,90.34370463424851,80.02711345750775,77.57511971389224,81.90683780916106,85.71075074685922
86.919170831489,95.68006411531096,84.59672328974106,87.939545189394,86.13712141702969,89.36754245171939,87.87398911577138,91.35536557370865,96.91900337972406,93.86207810763477,93.93836207873152,98.67999635422774,94.65005269589402,90.93320578017313,90.25674859158556,95.69294570695516,80.7541423331702,94.23370767451358,93.2255247213156,94.57734814527754
92.80230932835353,98.35397486239684,97.039131924013,89.5019011915089,90.25880086521576,93.07383801547742,90.36660551188422,98.592188245907,101.88864999677646,95.76266155852737,94.75403761622312,102.30317173550135,97.88563983134217,100.92956974984652,95.06826200449515,89.4645613621005,93.13645990828138,92.41352633233844,97.41705317988337,93.26557767523748
98.16941111219187,100.34643273946465,97.19795715950605,91.82253139627247,91.05211164346112,94.52478866834909,98.31238608931118,104.63619095205183,99.41318877651055,94.6637894088304,87.9722630350124,106.52249575644069,94.90561698239758,110.32487236344996,98.85663446000679,94.14270109266732,94.23500341449792,84.93984961783956,98.12493504274613,91.81319036407153
98.64928047451859,94.19523526097028,92.00481406581464,99.84024074651941,95.1488585905319,97.04051295081075,102.34784223379111,100.95113337093709,101.57978948844253,95.05862115959721,86.3283197004888,97.87858287605683,92.23490446601677,104.70544702899413,96.72497645522971,96.1774313366516,90.28216114791745,87.30952932263644,95.67763712308148,98.7741286461757
101.620191208376,92.37825854587857,98.1044009650219,94.08506319688787,92.80943782159609,99.08322966617935,104.1394275191679,101.9878756789095,98.00158124429086,96.30864072340961,92.11769525068544,93.3093520082435,94.13947861113907,103.40222321773422,94.66357647479397,102.82747631881607,93.6563140098869,88.15178173627618,94.30826588204987,95.27555853285365
100.81329515887533,90.03963628749028,91.72982231656725,88.8276507569304,90.61732098555576,104.23769253758392,94.56628951190895,103.89566732289302,96.70391693381244,98.58440941647294,92.67889775238008,89.01052922373944,100.38211403739159,98.6653007252357,98.42763525302361,101.62603779467788,99.01262029013941,89.55371756062584,102.05346826857937,92.32514600329476
95.43755196049575,88.3928750515464,93.83759343395779,92.7426844545033,89.35617360241041,100.31392829845352,89.7066314601189,98.79816593275731,95.67046350522325,96.07858514643705,95.1702498867352,90.22623472279898,92.47831371012478,94.06241422780045,90.1456630027579,101.9781397124363,93.95137379139486,95.17606256503228,97.11909318674181,94.98393962802564
92.4362617207679,92.02469237895926,91.87761121011488,91.62208199272126,91.44948784927443,97.07146264428874,90.35357083964443,96.97898765304363,87.34678074496192,90.01204297471527,91.2537596502173,84.03247087544476,84.75378880313448,95.91539798712805,78.70177174228364,91.65595721357101,91.21892535053058,94.19720904105878,92.41241015660164,98.69268349676926
81.94036581881778,89.4121639695978,90.58746132679212,88.378519442856,91.30468388305204,83.34760080832027,87.59203118049267,92.82527790959332,80.75740652691871,79.16534351298965,82.12183354102378,79.52273516856238,86.31059682591726,94.5806663852528,78.02678425397607,82.76165499175556,89.67348065833956,95.83657690133296,83.42822570187215,94.4042131542712
81.2379351443429,80.35071994532352,86.42154005826951,83.9127738971865,84.34840965111006,84.39376857376028,82.28181739907482,89.33102478708493,80.63776584862629,75.83399162094746,79.48213409769261,80.21033810164846,83.27046729881232,84.0949258855185,74.78722513912825,83.5756673407557,91.2958596625637,90.04540746264529,84.05375361214732,82.09491058785733
89.30684841622822,74.87777801792178,81.80598965199577,80.86986466404008,77.7052302418552,81.51253643266928,80.57660085494008,83.57916598941466,81.54400067071425,77.59946948228313,80.57521316625343,75.98986153626953,76.38453396697159,75.75337081063118,70.00552841023182,80.7269633256775,92.44097521719169,87.27435091676763,83.07682559398208,74.34132129606301
84.20069099621685,70.19755790101881,79.95412124644747,77.59969403267613,78.63753310314956,80.1963223944954,80.22241757796945,77.80970511021572,75.19382714801083,72.65706100133667,73.39768128893587,79.92224235023545,69.54639547316329,73.46198082498888,67.57571885417833,74.18235808951542,89.86185916157443,81.46136304531593,77.41192896409017,74.13295768086782
78.87332853695544,72.30217886193248,71.65603204597154,75.79126320503742,85.52632052441467,79.91688435877712,82.17461340516392,75.63672779161372,73.412381699378,76.28909982869322,75.79643575604257,74.74237951150903,75.26228096310261,75.36398563544932,72.17955333931752,82.46732394918325,81.58809511690417,79.58390534815597,72.4436304337188,75.35379538236778
79.72056520104655,80.87578601397827,70.91755376299724,77.24056694846045,89.51556954062735,85.56770793705557,80.55112602845533,78.21131477329445,79.35189149132263,87.3092253759142,84.49315908956504,71.55447330124886,80.99593284927121,82.71905362058851,80.37686340718037,80.57483015451088,83.64803807761216,91.13869630497294,75.39054527181442,75.30183803134939
81.54267250095147,87.11702258392927,78.82696784128203,82.55854321435832,95.75850960679004,84.77105144022275,87.54797510396463,82.75673071905526,86.67308133009026,97.7417283727356,92.23140053875764,78.27639251815644,84.36479864517236,88.15034958396201,78.68849150598676,77.17251480031311,91.03983968217672,94.00663529236718,80.62148723489138,76.36663331831991
80.89104052647204,92.28872724462094,86.25960213218436,92.03267360206088,96.1117584308529,85.77108046625048,95.75624398688825,84.95341167926959,92.43792471110834,95.4104592053539,93.97177110672077,87.161488674494,86.02642268545219,90.41410664303295,79.04511399626263,85.4143640854018,95.36982958742234,97.92133058648785,87.46085895586815,82.65919196076108
87.3346853605244,97.44970946937633,89.34024107425475,96.40763877506286,94.13899062548512,86.14394659129002,96.39368919864023,91.4341704417782,95.39828975608715,87.96217697521351,92.79239842242875,98.3969327797295,88.82433944370486,96.47789460874571,80.14863963405429,95.91388958204843,90.09290569775625,98.10887105421645,93.80965733643873,86.77804587803695
84.73764154761459,103.29891593137073,92.06712995882964,97.12293961815575,96.07797144116016,88.81768553746177,97.15683502825394,93.47982874467408,98.87402282156955,89.95084481152585,89.13177196433372,102.60103925249075,94.89941442113535,95.30747377699262,81.99441013902297,97.05587605564935,87.9876358165241,93.71047141887388,94.3849527337744,90.13795525540704
89.15500419558201,99.06148542551878,94.34421142688211,94.35756197419774,91.15633252063188,91.09936256424619,96.16613243950145,96.38940340907772,94.4549927456107,93.33963223147012,94.56889225308053,100.74483973046338,92.74657315350265,91.78832327662036,90.95694319533827,96.26608147935005,94.47079888283602,95.29467277341783,91.49806015405558,93.28032058565056
90.36543180442197,95.76029220380876,90.95284622607524,86.45663392791873,88.97957424332346,92.45154848465394,93.74330813812445,92.62939312490231,95.83206694825138,91.29493409119854,88.55431455102979,97.85822606859796,87.00364733827071,86.12120019414937,92.82939833069699,95.58160195957507,94.63698493854048,89.99300990140965,83.95851110208288,92.83934319211309
90.4401054612061,93.34778341599403,88.28868161488138,85.62665589504343,85.50324683451569,93.10284466103545,95.47585388924657,86.54093271543312,87.92355409423186,94.75885245858467,86.58234908333912,90.12350490002211,86.76771535807038,90.91164495574081,87.4739289088254,92.05928886068352,83.84848856909797,83.40383767873918,79.08826611302959,91.87233170704447
92.85182754648582,89.9784829263782,82.98624258712127,83.58668508425787,83.55158821058781,92.70192736330378,97.16120542237847,83.87368281298271,87.26702460517674,94.10364516000124,83.66969660657755,89.84145951306603,85.83012064811348,89.53400845105146,86.73116843126893,86.65589171356908,78.91746404308003,82.78060691575575,79.04426377005909,86.98217936550148
92.66843079392557,92.43952783449302,82.88219187259898,81.8234807262636,75.47510821023872,92.57384794433202,88.1283470519435,84.68474142838684,84.53096845327032,90.12725488359081,84.8860552106039,90.2693779169084,88.6073832563167,86.97787734797642,84.01279298955572,84.10160515378963,85.12927239308088,90.78782745594663,83.70092907796783,85.5385642673527
89.5267014232312,95.6464903812231,87.96390841803444,86.39591645798471,77.90577640124852,91.66520394135213,86.26552126300882,85.18765936837946,94.4895558504966,93.17072032455495,85.47078415896962,98.18584940762882,89.19163657823894,91.5706888182743,81.02492119024033,88.25793062948136,89.72923132351585,82.60474688083004,84.77495399025054,90.44437792087251
85.9534782424429,92.68515745743177,88.04370501158093,89.44307708564546,79.86648778837251,90.93778975909825,87.80446199811574,87.94161793001227,97.49993356805335,87.66706083616953,90.69193309789561,98.09963064363288,85.43712352702758,95.4925493073829,80.3482190729507,94.1198801681547,88.65551991225708,79.11388895338628,85.94857502915701,91.91999725953174
86.29500096937136,84.80821511934185,88.93439604892724,84.86795815067869,84.0865260404403,92.81462190434796,88.87547693895914,92.81718308358806,92.08775925469686,86.64608458693259,90.84002771479163,98.71739438386034,85.83703887816932,92.80646791225718,82.31829510834747,97.78000808879838,87.5381122557825,82.83335098116854,85.3634325908195,92.54615714169165
90.78768054378214,85.40913151421007,87.39040001265239,85.90324916321059,91.55940844971066,94.83921797147792,92.42980719333848,91.01380639409359,89.8310343406982,83.19899325622653,89.42661518008971,99.93450416763133,91.79130309252196,85.90605040199137,83.48191931318236,96.67410484490651,96.33309947891468,87.95972500257568,85.19673884475881,93.25007698066815
94.46222994071233,83.4216051400887,84.50265087726459,92.42968996426384,99.8121110034806,97.35209905911925,91.21005038805461,94.75222227185311,91.52908449197234,87.15898789946269,87.8204519489986,87.01966173302364,88.09409138710458,85.67148704945787,86.06210839168547,88.99239534123917,98.00229132886,91.85861172385579,85.68987387602492,88.93519439147576
78.84248596294744,80.26197987950054,82.99608302837788,90.1933855015383,99.43336712907951,90.24962604653112,89.99230553068391,89.25510288104553,83.27385222991053,80.03852909909023,82.92995889805617,84.45454893120728,84.34152537222948,83.6194643305059,83.75698442293111,87.37945243625613,90.32475086997178,89.67740465573783,84.10149178290048,81.04223448580039
68.08109799513764,81.19843908059508,85.40561226066951,85.00745102508833,95.66671543914477,87.9206100755998,83.37717974252989,77.01938894373718,79.18011076126838,78.82210487227867,80.53341442879783,81.28000961469775,80.14448127290348,83.25640962316392,80.42106185445577,86.20839418587597,86.61864953624168,83.2901110326589,78.93677430193584,80.8921589899156
68.926455183169,77.85185149491534,80.2789407359818,81.61005044735667,91.16249932946977,82.91788144241305,76.00179361063036,75.74293087071209,78.2287844844783,79.1800955486613,78.47117344624615,74.27203369165893,76.80313650279395,82.75030141518594,69.8282779620577,87.58946064455039,83.88290223380382,82.58732937182899,74.95248141111911,79.67697491766562
74.94387349544681,78.15227474035517,76.77215274614925,77.18134292406513,84.80267743116053,79.93105434457338,71.33676468653735,72.93569203993091,74.52951530650721,77.30772058710491,78.58004056966658,74.04026224250997,72.63172180514248,82.52315256090314,70.75533623847568,86.903793018642,84.40586735972335,81.47760370403486,72.05257807938361,81.25241511771866
79.4338241912796,80.15041806790785,75.88583483170352,78.7563662340721,80.79921108413791,83.73767567354791,73.0187469469935,74.28346596294207,77.98133053108855,80.33550325221684,79.23019480926678,75.07640993492593,73.4891698051629,83.08780245257073,75.26135651185395,84.5618156804167,83.94685426157145,82.32928953950437,74.27191948869309,85.19463678737112
79.14120306538845,82.55575016634731,83.03952555778477,84.29880181008396,86.36245050313116,84.38390921248343,78.90765763069908,78.53243582686812,84.929935044191,88.07630661855431,90.6664647120822,81.89174641391172,77.44232767764517,83.41270116513833,84.2690296820446,80.75730889575915,88.0250283314044,89.46010891921573,81.23107230617677,82.70881566193708
82.27305821093823,84.36831054612314,84.98796904307103,89.38036161907864,93.92565847133466,88.82903349165723,87.75598960796576,82.61767153661724,86.37733413270803,92.80514960402316,94.43653102934596,83.72975555656214,79.32930069167924,86.09456365604352,89.81314312891544,85.88764436219851,87.66752770105498,91.51612425900785,92.5284290812682,82.38894973352639
88.2915465160714,93.0148461705357,89.52831767884685,98.19262612251912,98.24548095913767,93.82033805354591,96.28410314769717,82.7266458019318,93.95266465442063,92.53968103485765,89.8106137497867,85.4587684596108,83.92271826097858,89.27841384972149,88.51490947678367,88.4276208365979,85.32440681872379,97.96062330821157,95.95448566858062,89.6619248546357
93.3873312425577,93.5754900738341,95.73713628289421,102.56593506882783,95.80458720016314,93.19399167596846,96.75146400228896,85.71949936558634,96.62953372112773,94.97392064089858,91.44215873246493,89.8635628771022,92.34611649011362,93.17814302187035,87.22583597996066,88.03673847858211,80.29292850922839,98.99256365077554,95.01921953419685,97.06182592233633
93.92872028911557,94.26724347061308,100.28286498319771,101.6425883209701,92.30612642931945,92.58790124040578,89.84804066281929,88.55233724558117,97.18285553782516,99.58139450323411,92.98274791672218,90.64981776386728,97.36407305947048,98.74577921197759,91.66994473500665,88.59023020968161,86.32186671940973,95.08157041706515,100.01008061031568,99.32506465508582
98.4530418815456,92.81379503358241,102.39557642069082,101.18628018963709,93.3860971162904,91.12423130913614,87.12601680955768,93.60326000381694,97.62018265870863,98.79926391846683,91.47651583923587,93.43678903397658,94.06471363320303,98.86382692648036,94.5075933255774,92.40693958118013,94.40748234188932,90.30868519189791,105.64271294453262,95.23796234369225
98.93756954969258,91.3063526955587,99.87076765259242,98.69643304332102,91.09476666538451,91.20224027064715,87.93668370409473,97.17480363256915,97.21812466067472,99.43447738284638,89.7651564862104,99.16870542396248,90.36456471355439,92.61892828234453,96.3935176294117,96.06252564131285,94.89645526749406,94.37375788659124,100.579181492095,86.87013127853614
100.51072263444465,91.31834309782991,92.52246638371295,92.57002154447963,90.83603063694984,89.63997199311602,92.96202600766695,94.67051816165517,95.16395172814761,99.40618367302812,89.27613329816806,95.72231278787186,90.16557062292884,90.85410676531336,91.45504928671308,92.54690412483616,92.33695967804873,95.42539362211808,97.61769482463254,85.98026710027726
98.7471144980984,94.98485243398281,92.28747538676856,86.35355546511856,92.39185978920419,87.81952772268599,95.50258717038442,85.67285563275664,88.7437324351963,96.51599047615434,80.12712467806092,93.27065125195548,89.31041356699382,92.27952984039412,86.2635258685181,85.40980969079071,91.61335845294707,94.94330562129215,94.70285007928648,90.74607385317039
92.61023247820735,98.5525819441823,90.035724049892,82.85318832301016,91.59799368243604,83.38679485207548,90.59130449440946,82.59789844243083,83.21125255030559,90.63257471673091,76.46977614065965,91.90603903482814,87.0318184429361,88.7619461258643,84.52111922148033,81.49659621312682,94.40781852046122,91.82847313931104,90.65196077502766,92.67637629559206
86.62772085876051,95.91043684874869,89.98635899847756,84.28027037288386,92.58735974170304,86.0076699779349,87.2903601952089,83.06605955834867,83.96240801930804,82.71734764452292,79.72429698168324,89.73796190789798,90.84567973060811,83.92339832015541,86.57331162328772,88.32797439223333,92.24678032985318,85.82360537015259,81.41578010010949,90.37202082230779
85.82188341529034,92.28372392673525,85.32455459003037,86.69880061472249,86.7470873900037,90.02326351462293,86.3947277167276,82.87160580527824,85.04276442366192,79.90514200324023,86.66742215173385,86.57790209813041,89.58192345196831,84.14974680397988,87.85218646713456,91.87020963066637,92.07985574923103,85.19186039095496,78.2750874665953,89.01213142789261
87.01101833299059,90.18007307766824,87.10999757812264,85.82218573962541,87.02025707271326,92.21886228852297,82.86361568218227,84.95182134039084,88.14654175945944,81.75943431199754,90.59601815303982,84.65267506324598,87.88571827544865,84.77602555652611,87.05816603574634,91.69170494292221,96.33172402360988,88.32515747996061,80.03970434915838,91.41775032978119
91.05724493421178,88.6261829799854,91.88956069228911,89.46072054095816,89.20972505368773,92.23136319352017,80.78694337717116,87.97438748524887,87.49312365508986,81.65307856310739,89.77517831953205,82.84057127136747,88.36865988569858,86.7661569327792,85.97277370723745,94.26558770261136,97.88353092416124,89.2356431281426,83.84505203817419,94.791227825663
96.62255305150055,87.16470909174117,93.67376978938896,96.25714212940628,97.00374581044903,91.01652888652343,87.71581417468462,90.41925090933314,87.52406930419349,83.86240749489332,88.4438205002227,87.52463798144409,87.78889096030315,89.71145825258,90.72166370054818,97.70556022167149,96.29371641177416,93.07621779440294,88.64304733858764,91.50602958280392
94.74665026684232,87.82209481408208,91.75877878554527,99.49422041058756,98.23316929550184,90.44089137398436,93.49014046855537,91.92296594249393,89.83358514203871,86.73344955642744,94.92194303224746,90.11582365499109,89.3990096337676,95.70410107378682,89.35866840580483,96.90174141425172,93.92879664173442,94.0409267625743,90.10042719798062,85.93601035196052
93.07172077786267,90.93138917393108,92.28642258701869,92.2726096458067,95.63524098232038,91.96908673423015,93.892646119752,95.71515549044382,94.84494757472335,88.98305924451417,92.57712503509958,88.4505137439219,85.8434923193969,99.04850802709622,87.89310838031552,96.23584069883556,92.46229742329305,89.77161004366663,85.30587805529161,85.17200216520276
86.49055909735017,95.82412319198266,91.50363806171741,86.1517842259831,95.67556198346358,90.84729341245367,95.12434820865346,94.2915186911717,93.13352799399141,87.10561903131536,92.37585812356704,88.05872064713841,86.38722602241046,99.28026731939927,88.83903449393544,90.9938190211554,92.04502916916692,85.6301484056404,83.54353426102412,80.71454505424965
81.25394726183274,91.4210326299727,88.62448663588613,83.83127742626772,92.21472862481419,88.13954519696017,91.89492265234121,89.37848740580681,86.5981064146222,87.32505680767179,92.80972266552371,87.48348125924804,85.29571456798196,91.17345259601724,89.64619252130692,86.64116117851094,92.83664098445766,84.25960728293305,83.05159695468517,81.3929219795127
75.9294564929006,80.37279421253542,85.02843902722904,84.01111548923173,88.8170505061991,86.66594671400871,88.96565643933903,80.4206421205367,80.95609100940966,88.55261654472817,96.70078693098621,83.3188853583095,83.67146941052079,84.35926648619733,87.90401532561566,81.94427515884307,87.38963142524544,82.61913702125638,81.56046839714008,81.01355173424932
75.8935098904868,78.86830610262066,78.63446043838371,78.26908738558836,88.37333518953315,78.6290413177967,82.87606490211533,73.0397131891695,75.61093181136118,84.72504564191335,94.57850300838422,82.20363369637181,77.74070343894974,82.52039506362094,79.78124872831037,80.84926091458446,83.80799281866624,77.3133626135553,79.13514004543764,82.77184906454775
80.12207224439916,80.03510004401778,83.09957068124196,76.55578658572028,85.14104245897283,75.89392696504714,80.82196758982607,73.40720494571285,76.8468960518489,76.4848672328808,88.40734668448356,83.11495416872322,73.64771044399404,77.93353287344742,74.8578070794807,80.50414906831557,79.01278165945024,74.44363304837286,77.35536134775309,77.21908122530127
79.59954634596286,79.57565844574857,83.13197276228651,78.06074422741462,82.67203698569949,73.16255423804247,77.99750552311474,76.55277408813542,78.21896740637264,75.99427040216938,86.31202861415173,85.49721786363571,75.57879300568466,73.71218786854003,74.59061984252581,82.14310281707714,79.97789037752037,70.30908907394243,74.23810333053059,71.32075120863135
77.07303654259283,79.99222721762955,78.5295953097134,75.72685277565836,78.82025811695499,74.26332815699242,77.25207934025093,79.85221760762214,82.20773893525737,76.58304678571174,84.91821844570899,86.29248160515694,73.76277211180908,71.21688813587562,76.80284089737519,80.54488609308278,81.91786488759352,63.76281974320726,73.33187219088965,66.33530627397775
76.53114795527424,76.49798697521717,82.04531540751965,76.53329498023776,78.64903491656764,74.39953135171496,74.64769696339951,82.422234178836,84.16541635210257,77.77033038014022,89.29404403671762,88.69600560377383,72.58390435291604,78.97247793101242,76.55580570588197,77.17671343281684,81.76690514968149,70.73256938961995,72.6493978181739,75.47830086989943
81.6551712030941,79.61081292465342,85.90266136147193,80.49763477681974,88.34775534042154,78.10545252264227,76.51237493640042,85.43691222634575,89.63240364156042,83.18251325450555,88.99154485340277,90.18620164285053,79.89856464192802,83.45940017614335,77.20949476221794,83.85384878635992,83.64813253952525,73.86693537165327,80.41645791303671,83.36796140374564
95.15987356269493,88.02115043010629,94.06614017671522,86.63737247521162,92.78290557894495,88.2874989434827,88.35553014341505,88.06555484544441,88.9482764709836,92.03033648235187,89.26409137219767,97.00090858239751,87.85622261546385,83.72050465822745,83.01300830683792,90.6202415653659,91.17194471129235,83.07285335759299,83.86710611157582,83.59289765604271
100.69863977938827,98.59419891394747,97.77838821156047,98.16064765726841,98.83244832626845,97.60167431193504,94.9790750900486,94.74121469494973,95.1297261321653,94.41086957296775,98.49153247442987,104.77819977598017,100.37225129900588,92.55950187090086,97.52817849030502,93.66316576383977,104.01544280363501,99.0664815950134,91.3915381773336,88.56089365623575
98.77256643151874,102.27815737485847,100.5586726702405,106.29407680062555,104.0987577720029,101.82572914516416,102.26004889639675,105.51202113569258,104.98031033264606,98.81957434988367,101.51523356335169,109.68963750884646,107.97928778680608,103.78305020101052,100.84947528534398,99.82887368351716,108.07050252756436,103.55062686486457,103.7601220900791,94.29710326135283
103.1594454820063,104.32685125360793,106.10678977227023,105.22881537656107,113.94288215478508,99.23011834070033,110.05116803763873,116.787945446862,112.27417600932237,101.17686705998163,99.5066479040414,116.15042782134205,106.95842572004626,108.95940182125523,101.23654416738131,104.2559969575544,110.20703861042608,109.67913856210284,104.55392654802948,98.09756107516016
107.14971393833126,107.86811973711993,104.92423182220799,108.94014098966844,111.92779049269457,101.15403986335703,111.5359964051342,116.1327836845565,112.74182013112076,105.85669167220338,100.5838965536361,112.72211004965457,104.14361488911243,108.27818082509188,100.94266646390817,107.15059841032641,108.65772812524179,103.32323306871425,108.6897401853389,106.84329579435132
106.50298595388308,108.91910915001266,103.70529961325724,109.33056090507165,106.78136872638315,102.71494712575664,107.70568724750363,113.90075793479578,105.02335031204672,102.77590854391572,104.25859316475179,106.16410423238113,113.28965788857316,102.93760834917185,107.83785028684369,107.70041476524904,106.47513473646,97.53785448994287,109.99204300349986,103.82000157063368
102.20866217333156,96.3922422578479,95.46407795479851,101.15784530328516,96.50201701723218,100.50472752383186,96.15660493283555,109.95108430632261,102.20429991449633,101.5977906665521,104.3833361343725,97.95274099155692,107.12988136207132,96.87347590621819,110.20857742351907,103.40191939028978,100.43327985238095,98.69673724467211,96.67262498606824,102.57873489464832
97.41674711854878,89.56625951352105,93.31070588173058,95.0092195230507,98.34912029895963,98.48950967316038,90.97780815494399,100.60817758546618,93.78646242621257,95.51094764721864,96.66546521815442,85.73098346270172,99.73041528256955,97.40908724094366,91.17462220611961,102.69510700209102,93.95590280448735,92.7734888694292,90.5826862985644,101.91771408215688
88.53575502638314,87.41644493111511,91.51534686491509,88.38416248400604,90.65223225942711,95.00847668623311,90.7790996755748,94.98055809542909,88.08238373048682,87.81722874266036,86.63375255738464,78.07638022509046,84.43967831126217,88.66772859754214,79.87984231362016,90.41416339373777,92.00123874592512,92.34846029039349,88.46368165128825,95.50720007964075
90.10714986612912,86.3152558234608,86.30807528470038,87.41661597906031,92.3458028484709,86.74248310656834,79.600443462856,91.8294775734224,79.66799732819071,84.70536609033628,83.83611188737441,79.48090720577578,83.46416977879261,83.42731089511696,78.74435584244047,82.29531303600623,91.4386658612831,94.54685995925105,86.06247608177252,85.12453377161425
92.18724769184196,85.96271156259364,80.18072539841661,88.81352268849739,88.54638570846225,80.429882415945,83.23344029613807,83.98426322318637,76.42654998069844,84.60906092449478,83.70186072148834,80.59877385049626,76.92307519517483,81.16939303231021,81.38831218442466,83.05747573353153,90.27051780614383,89.7610280762991,86.58557692418708,81.0677098205794
84.56719263075047,84.27302100836947,84.92818309602855,84.76859493017115,79.85748676019914,82.14657908410197,78.15544716169656,85.37595080527892,81.1741230603349,78.23996288330538,89.55438273794026,81.6796172259214,71.5073116705873,84.42081462282516,84.20520661071019,79.7418895875791,86.71940537786506,95.6387090178912,79.92169289630507,88.77385163915187
83.76238946809588,79.96942064951457,85.24599315159438,80.9452377776975,92.77529946174553,83.69498806295485,84.1673113144017,85.89829656081127,91.80524317424317,81.19988747203638,84.25531188053823,78.79911847694645,78.90385719929519,89.6692178730372,82.0351285184627,87.83997102264885,85.43667158836618,90.90815813797393,82.83714978468643,87.12046180904352
86.10225841175911,88.82688549192152,92.97500257255714,82.9446973460001,94.05029178937197,96.67800971427373,93.71466826008844,82.64676750097735,87.85130491856883,89.60167638746606,95.90062645968744,88.44228030190392,86.98814628280596,85.90509800062603,84.84202683343405,88.55344823220526,91.61396697738898,93.72402419800585,85.7617015547915,78.7325120954049
83.49241345194075,88.87501216799325,92.96160156980093,90.33493546148713,89.61208111945894,92.21734205580665,88.9160632923762,87.20944138626062,87.76999361487786,90.26694876997911,105.56831433871025,89.52838097188378,93.03520990531683,88.75874278080465,90.88931362042302,87.41534615645783,94.28119066824068,91.3917339208017,88.62273905738397,78.3755421461878
67.33354228793047,86.3261325448104,89.7772563296195,89.98879728001783,90.51341580773719,87.95997547533672,86.13433926589053,90.27241833611922,93.89966281834596,85.10956676362733,107.32689415337084,91.51908556056209,89.15411448847806,88.66353975369644,85.46442509975579,86.23181049862833,89.70250530204315,95.10782147549801,88.82036109057563,86.35079930685829
72.3768262506611,92.39855392321071,87.33585187599881,90.87408588755473,101.16135024921911,80.99776626921812,89.60826973224577,89.92755295655816,92.70353873382811,84.86986505680264,98.54197486740769,97.36645407995262,81.66742646210758,90.6768969752759,84.87674330543878,88.01197991104586,90.86840046734315,92.22107550397737,86.19450694762261,91.29856167048091
86.81561514316029,88.26341177391087,85.54986318601101,89.07734366820212,97.78720958238536,75.91951091564889,90.79169901989194,88.64413191189752,88.50660742655796,87.10707194217689,92.3912984928446,97.66541668561369,84.62399410856432,96.12073620644645,80.98224367093424,87.86786974255229,85.52885761139167,82.35205301804575,82.4969660076846,88.0096451355659
87.31721496535245,81.90853801988091,83.77519418692518,88.28102442719539,85.02992644103037,79.65260286130528,83.55797099789655,84.02020862175382,81.82293097563482,87.01603451779674,93.97975987054134,93.26518054170657,91.32870955898424,86.17011045184904,80.53041050287585,87.12371658307076,90.8119587421318,79.27021014866563,80.05434912192834,78.36013751356661
88.12278004503118,76.66663423208446,84.33150607735436,80.63874531790032,83.53929172739021,84.78425332447327,80.95159755405325,85.94112544777906,91.96445473903873,92.81105671709605,90.68060047131162,93.20862638638351,82.65798929556877,79.20084479273005,83.62140989907937,89.54794821883512,85.54614077649693,70.5303399602139,76.7668977300404,80.60640994038184
83.25667226159808,79.78670367990088,91.3334708904488,79.88692909844157,86.05517523726571,84.47140899593408,82.16730598614761,83.79379028476755,93.24612510341339,87.48768034455095,91.73797903336671,90.44820360890215,77.645520401318,85.3372686065026,78.57679991291536,92.53171906718163,85.92607107071417,75.8124598597346,72.75837313861157,80.85576220115087
83.70057065446137,82.86740218540439,89.32784455881827,79.31947385110391,87.50639712430348,86.99162018507417,86.14773515944779,87.59722217173463,82.90311760258876,85.55286207362802,90.76904520933284,86.64684062055153,87.34738484028335,87.84422502577051,83.11408482559379,88.55177131098102,90.63691572119383,74.89128833182642,75.7558060700578,80.37150618681184
94.38836686454646,86.56594743163137,88.2366328682891,82.51236744652273,89.78568469160007,85.24734285845338,91.04135821399893,91.75015809649287,87.97969064325899,96.33068298368761,91.72660962156189,80.76399264015596,91.85271598463106,82.97802156995475,88.63085110134585,87.21983135102754,88.77335657368889,82.46567762519017,84.94021973870453,82.23789894465004
90.84069253641117,87.73017044441958,90.63453448559042,89.11366963864889,87.28332465879008,90.47348772066624,84.50309417035903,91.14324443819932,99.16972742874762,91.58238750072226,93.65220021889314,88.28449980376406,88.03286292875593,86.31413150299119,92.95443055116291,91.32650597173608,87.60302640189012,92.12725468063452,88.18503122018204,91.66948935235534
91.53730110262292,97.11866211071268,96.44871167799279,98.47077788127687,90.70616904111108,91.30599657498355,84.01314496074426,95.95273218109119,101.2397169152534,88.3011336874116,94.01504326191251,95.73159475281925,90.65040209782558,90.87766547482715,94.13966891547098,87.66275532954921,94.1299055088248,100.27961289836527,93.7646787641044,95.80827235601932
95.63984532195752,97.27978371981007,94.33200734150175,101.24750632423854,101.63581849706831,95.0623254393925,99.0788061840046,98.14235235997887,101.39298047140431,92.55380882751106,92.73026269434737,101.00957968022529,93.31191848861255,102.95774276551006,96.7533364904898,94.09688260180039,99.16880639021738,91.20666185486108,97.36279353760803,100.2616854035638
101.39799778940875,102.31483687282594,94.00224547174051,107.72874694282328,106.42455954735009,103.54180429029239,107.46882931693973,100.04065287528812,103.85547763548864,99.83135848203236,101.18635666753491,101.2865074192173,96.7554192894744,101.55001868919659,104.44863432446579,93.3770223496262,98.9552181066394,87.97965060280933,97.61492944155266,102.39669443483575
105.41639135992254,100.85988419869842,98.99888206094816,102.49364065011619,102.7822570378297,106.47474511930992,102.506817793195,104.86170921766157,102.61293373430503,104.42945741704695,105.62704244252986,98.37314047968358,92.69562981720695,102.55390166811311,106.44996977105467,99.56971091649315,98.40240451101499,90.48411474119436,100.68013843686525,96.36919322218102
